relative_size,aspect_ratio,motion_signature,distance,sensor_confidence_raw,reflectivity_signal,object_type
1.5633259136736546,2.1036509689299923,15.159000558666023,40.42719682496979,0.6568920946383532,0.8706750385125072,vehicle
0.2235209512608268,0.6203011688349501,11.795798693172742,53.1812991255491,0.6216879879518356,0.601933678850813,motorcycle
0.7801870615985461,1.4829231213708742,0.05503095089314062,28.857315590471533,0.9243577589201022,0.6455928672789084,cow
0.6231972210375591,1.175913077351329,0.0,85.85197476508988,0.4335259257224654,0.2696858845876239,static_obstacle
1.205329075715106,2.3959933596420977,14.387563832446757,17.273329472080924,0.8632634760907547,0.9271773864914763,vehicle
0.9852875404309944,1.7020358025503126,14.828902676348804,17.316064992772112,0.9185923026066174,0.9835037923398131,vehicle
0.16238997270518035,0.24732761985599722,2.25780783720563,35.35402064488037,0.794514162304187,0.27574977097690434,pedestrian
0.9927085010282888,0.925925701428225,5.704390568493429,39.01946347635378,0.758014471656006,0.4802955942594667,auto_rickshaw
0.4240535792214523,1.7992716173046996,0.8738731135035414,40.39353365892937,0.7406799805856099,0.4688972422547144,static_obstacle
0.05,1.7611033083635963,2.0119272414330664,94.39386767867718,0.5408904284708888,0.346661072033706,cow
0.170853843687075,0.2456125248731993,1.427259742986728,28.86876832971462,0.6525783948340002,0.3685827556402468,pedestrian
0.15786793517580266,0.711377118222264,13.045442884800206,86.56101674916248,0.6210743077345902,0.5695372645341216,motorcycle
1.1107431977644981,1.8537033931699445,2.3663729939714258,84.1853973147321,0.553716874159874,0.4153065625474451,auto_rickshaw
1.5080442666979679,1.8111364709293574,12.246531157065156,25.32105969355662,0.7866710582814167,0.99,vehicle
1.4019365582270877,2.000516129159288,15.648383052002695,55.88743457772842,0.7295799211303504,0.8440902223459242,vehicle
1.310217984082061,2.3343165882466277,7.4531851950521935,29.801009867826064,0.803820376906261,0.731462980605798,vehicle
2.0617703830023957,2.1348524183673505,10.3273284541907,93.46521915992308,0.5804111166461549,0.6542541259813789,vehicle
0.4485596032437962,0.21072059896612882,4.808733857218366,59.7390239089802,0.5518154294029329,0.3123642422052955,cyclist
1.4950874200429558,2.0103708369739057,13.261843831070147,10.165265931944619,0.7764515099416597,0.8514892300674384,vehicle
1.3303373341088949,2.365991216837374,13.668283500204168,38.14250966556198,0.7802367195533291,0.9342091728919732,vehicle
0.9668795864792772,0.7972410153184681,0.0,47.759752843865186,0.6637205716988361,0.6364440605366415,static_obstacle
0.05,0.3968896477930858,3.2062803046856656,83.99744643763624,0.6760417693708258,0.13687816781089734,pedestrian
1.030601626144271,2.353212229649806,9.086747128227774,16.61641222377933,0.7914109916768648,0.8606483317745391,vehicle
1.5126688975475986,1.1891399403067142,10.604389707517807,85.20260826141585,0.6879657979418371,0.7136031811936243,vehicle
0.7593988623043049,0.7292351234270927,4.97466545505902,53.19882257880184,0.7452102298972663,0.5497090632449879,cyclist
0.4564511634345476,0.9877213267066094,3.817644288222066,45.75423247558941,0.669798588868941,0.3380046748757596,auto_rickshaw
1.301181098884919,2.1357733157737293,9.958178110945846,33.481141778697456,0.852111057799853,0.8355140702521854,vehicle
0.3996417656378221,0.5405546427844958,7.579518367965358,28.186879888717623,0.7699833927465094,0.5680473304772399,cyclist
0.9411662020630559,0.8739532901776825,0.0,67.54731198093282,0.6126272253167035,0.37978906201316376,static_obstacle
0.05,0.1,0.04586421066222557,75.36018433358537,0.5541542599755246,0.2525126546123867,pedestrian
0.8390659192032653,1.8049885253937241,0.09574191760770373,5.817833145609469,0.9611840566279125,0.6505589148040021,static_obstacle
1.0083977874435166,1.3739607016443103,14.356136658894684,38.483921103098666,0.7196447425388349,0.99,vehicle
0.05,0.11983417218114245,0.6998236252470067,29.612706383748183,0.6939344369246461,0.1284062855000207,pedestrian
0.5322709941134874,0.6255579968773652,6.740776505990617,56.8890490956026,0.6460642237903839,0.5821351948413427,motorcycle
0.36142973275787765,0.24472664253429072,9.606558413766713,42.56524616054903,0.7233606441964656,0.4356171629673807,motorcycle
0.7234274596719246,1.1251813638520942,4.722158923714384,24.218856904130725,0.7789150381507011,0.5559981659432992,auto_rickshaw
1.3583871874233506,2.1174031051659337,11.854716790476395,74.99551190610137,0.636876605131459,0.7392824996067031,vehicle
0.6555866713012025,0.28361186844750547,2.205943927926641,34.64413423718682,0.6739659329937414,0.4061850613324073,pedestrian
0.8935974177164261,1.6190525569984844,0.3069002626492207,19.072592748038755,0.9163696206937827,0.6643657297620998,cow
0.7295710849080598,1.3266364528542645,12.539907029472658,51.68730624032385,0.7500814364761136,0.8193288354058412,vehicle
0.7912455810856875,0.1,5.082275489973173,77.7161595298117,0.6176153272185875,0.24780838227439025,pedestrian
0.8129591969743595,0.8884509726426677,2.7587970920607505,62.506671977595616,0.6860109077637546,0.5045146501068956,cyclist
0.05,0.1,0.0,83.11996327055809,0.5299221210611172,0.29229001711051766,pedestrian
0.05,0.1,8.136892700275359,80.14764071146661,0.7011767431683074,0.265764521383393,motorcycle
1.0343466419195928,2.1253053342256356,9.420981069961378,6.948100521228523,0.9750273628659927,0.99,vehicle
1.1782573026801222,1.439757721733709,0.43822672079348945,24.139785786020855,0.8549630958692053,0.6090677271224788,cow
1.4672378816471425,1.8958312897183474,11.9752280674873,67.95808318539714,0.679684990619785,0.8249422981642236,vehicle
0.05,1.13138871425472,6.041242379971601,50.09362132861431,0.613018396621819,0.7462340014426934,cyclist
0.8186930915983603,0.7393417375375554,7.135379838054153,61.86921433221966,0.7084177686922455,0.4635833118977195,cyclist
0.7797379023589661,1.7844837805780378,9.842879538727292,40.693151694769675,0.8271649419885899,0.8690238040585453,vehicle
0.8363371991088225,0.1,12.69456727256505,66.82472915031593,0.7220443496457423,0.5906739747473144,motorcycle
0.8247455535799797,1.1313747059552963,5.211397736185179,75.33158798792383,0.6301245041841175,0.5013856085015755,auto_rickshaw
0.25425279492585423,0.6511651439632932,4.857206828774119,20.830125507679586,0.9069224911268644,0.5301209729031878,motorcycle
0.08561355899702927,0.1,10.626144538351118,56.6536222510684,0.7815644032375576,0.465285985725077,motorcycle
1.232770929137501,1.1433305506336686,0.0,85.62341584041752,0.7001867261809325,0.36984195504105216,static_obstacle
0.2218318536434799,0.6748367586312477,9.303697831636592,13.371566833640749,0.7867314760250486,0.5491514413010516,motorcycle
0.20293737072862256,0.12083580190262863,0.5007965604653037,19.844062416745796,0.7420706187973174,0.17534146059931238,pedestrian
0.9790073182437202,1.9417956457828511,11.420550499874645,21.508127914816043,0.8959561048541618,0.8179079028639159,vehicle
0.519673189425827,0.1,2.8230979463128114,78.53963892500852,0.6023154243601893,0.1981173362066119,pedestrian
0.9801178766436957,2.3993995408956894,16.29700320288617,33.41490167934398,0.8615283061618804,0.7496751598125443,vehicle
0.9854387041268842,1.9769720532469985,9.586421596603442,26.311782691056212,0.8916395810581832,0.8064080156960848,vehicle
0.9277275098325766,2.4113351218545365,2.066402373651387,40.9489051127769,0.7658124697814692,0.7121516461899076,vehicle
0.1733771659972016,1.2593431936894934,6.107306030346318,48.48211810089495,0.6687481059246162,0.46368047647329624,auto_rickshaw
1.1318290765884207,1.7281979173601836,15.134729516422572,40.12659924914934,0.8174939531336342,0.6470947003153582,vehicle
1.3549693844225867,1.7011674499653926,13.66677611192475,36.073809685134776,0.9160827406554893,0.6860679734587114,vehicle
0.2767175329723849,0.16493305489530047,2.923395976456917,72.54897473783637,0.6818512505297629,0.3831405109003295,cyclist
0.2418631411234362,1.1914477024612158,0.0,58.78691958820103,0.7499247007103766,0.35306500085382037,pedestrian
0.1969946461638078,1.1282894190616957,11.390421943975227,86.40075304062445,0.5846711881310126,0.4249407332690255,auto_rickshaw
0.22787106112895317,0.1,0.31817022207379303,62.337729996924395,0.6322051996209144,0.23702012363370573,pedestrian
1.4580090517864228,1.4056753791482608,4.568579172316844,61.80053251030113,0.5215572575308408,0.38176113624361596,unknown
0.5291528192159599,1.086010400508881,6.270707077734269,7.220295908643843,0.9431482166002466,0.61659403566717,auto_rickshaw
1.2300674437461372,2.1069713818196085,16.44490307074025,31.951195154082917,0.8272974385889365,0.8686315392893333,vehicle
0.3580538805249255,0.481168040764481,0.6824956132234661,15.418404162169217,0.7286663983069933,0.31416816973161393,pedestrian
0.21645362831400378,0.8143146288961264,8.600225064514198,53.78243626997417,0.6824288151499802,0.49428373452569463,auto_rickshaw
0.7862293347077626,1.3671773050468086,0.0,68.12272042793973,0.64515818131558,0.47887252345541115,cow
1.4374557854365904,0.5276756666484125,1.0532290057655447,82.39466427650683,0.6033227904031776,0.4525593687696952,cow
0.5876775506869552,0.9761991142843942,10.177995505473588,23.588096357480577,0.8642822126862477,0.5427866300573132,auto_rickshaw
0.2602154074612687,0.3224575744692887,1.0928293043626134,14.170257857439752,0.978731658738826,0.2959236356321037,pedestrian
1.0564044661375493,2.0913183015643737,4.118891176683601,77.20242613116027,0.6229031038466281,0.7908274710341775,vehicle
0.08521716676931197,1.2439504730104032,3.451441760909359,57.595632943051164,0.7500166006220639,0.3102489112789761,pedestrian
0.49253509714912436,1.3744215881284219,10.01059978618772,87.59953872449955,0.6756059282893649,0.2815412595718467,auto_rickshaw
1.1514674974843178,0.37946969713678824,0.0,67.06247589799068,0.5502811405173039,0.46480726177735426,static_obstacle
0.641633639812486,2.1240715233112044,12.081981545056578,29.835394534146882,0.7852299077138852,0.99,vehicle
0.05,0.1,0.0,78.64704584954437,0.5644765563111811,0.4000471230534959,pedestrian
1.3389974752842306,1.9297886322922473,14.794744012645124,33.937970795450674,0.800312130786477,0.842451973709793,vehicle
1.0136995521049794,2.212962115816323,20.286135653493616,59.256174235607276,0.595046249426215,0.9211911900316848,vehicle
1.0021060958381345,1.4809753410635582,0.0,15.081054176138512,0.8857945612768516,0.49048824581419176,cow
1.1779116712194493,0.7530430217371976,0.0,50.48183014140435,0.8691135063549087,0.5849340423215221,static_obstacle
0.05,0.5807347838435118,6.41162640785542,32.23608646358795,0.7892836275799161,0.4015206199604306,motorcycle
0.6121028768341193,0.5978332683967446,6.586260857999929,15.469855441993511,0.8080046161388041,0.5216424716056164,cyclist
0.1424730964810993,0.1108786477867596,1.2944112698833719,23.83754682507877,0.8274134295395836,0.24590290566810757,pedestrian
0.6476199741788755,1.3251869168133823,0.0,41.087329401951656,0.8428324381876888,0.6106499103305292,cow
0.7093846058726092,1.5651035833496576,0.4402321666233292,22.134360766733124,0.908599894850246,0.4285393783552614,cow
1.2429941782465397,1.3157633778758646,0.6066033020713024,39.083302002304336,0.8450192212152213,0.566572789702289,static_obstacle
0.05,1.892168253938405,6.047806601861401,69.81002001634512,0.5935539870938847,0.5147190427544907,auto_rickshaw
0.5287044964948298,0.4986949359132408,6.293099489643041,15.843364019462115,0.7308208771980809,0.5765965290128857,cyclist
0.5434171239065598,0.6540849021063475,8.320880974558008,58.1779640655603,0.6778494045579585,0.58060097444417,cyclist
1.366475957884672,1.8765755382776534,13.852060054634347,23.676034584639112,0.8458963651196363,0.7870791588845774,vehicle
0.20407291165345942,0.1,0.0,70.21021182429364,0.5603402776505108,0.1221960938615467,pedestrian
0.3145153385818402,0.3492630369419296,2.782335818696339,52.33519192113135,0.7471158189174889,0.2732253698040323,pedestrian
0.4596462156839491,0.20181546524577937,1.4838418566923657,60.629266900552715,0.6880643836508873,0.5900324863032788,pedestrian
0.40391433501267293,1.4041957385579127,0.0,26.88120773804018,0.8184190861650606,0.5950150666323534,static_obstacle
1.1676080060338665,1.8260724566171265,12.301890419327387,42.593771027567826,0.7746968153785402,0.6043375073729629,vehicle
0.05,2.1499790834871457,3.2824865987216643,90.05153848236446,0.49239464932284,0.375871002596631,cyclist
0.9235442295121048,0.7094512529657304,12.208886442489577,50.334749113096066,0.7861482331310597,0.5526650576877659,motorcycle
1.4742664356842314,2.7116957707913416,15.302109427090699,63.10362854748278,0.6520520848060242,0.8097005726393499,vehicle
1.810451047560091,2.139086835527084,15.767077901993229,44.86559096731395,0.7592163695169407,0.8400494062624038,vehicle
1.1893898926256163,1.0519586889249766,0.008515492642452126,7.123277100271627,0.9572772464576983,0.5515172822735891,cow
1.783605852304445,1.2086850550130117,14.7045867487217,74.74356250753594,0.5822995983284031,0.8808193730181724,vehicle
0.21898491082018778,0.9508550907400506,2.209147768143287,49.36066570261425,0.6965155422563075,0.28852089733954406,pedestrian
0.8504018728426027,3.53269199848567,16.565582327521195,83.67520293338616,0.5070844029268236,0.7325569315102124,vehicle
1.220235081156348,2.0293155958805684,11.87587822022214,59.05459662684643,0.7151334971219757,0.8273825804204753,vehicle
0.30377810038136843,0.8316651581150034,14.278456307219034,37.09480215869475,0.7209812377530463,0.5504825345524711,motorcycle
0.05,1.366044839756635,4.879602868994598,48.424375447489666,0.7478349279639644,0.3374819971490616,auto_rickshaw
0.6347192454510061,1.0698021879255697,0.0,24.59298189715092,0.7915141351934746,0.6175012707132772,static_obstacle
1.0829507231850901,1.0840436620428258,11.54179450201056,87.36249383644065,0.5179720442010212,0.4996897912219306,motorcycle
1.0459489803141249,1.034629448044493,5.757699607562222,47.45288902020885,0.7628538374239087,0.5586792554600757,auto_rickshaw
1.0100447361572946,1.804851871385776,8.43586963528658,15.395527954081956,0.9309923377647129,0.9099547880865471,vehicle
0.8046484412161541,0.4114965547485212,12.308193511988625,67.67261892797275,0.7344162305334486,0.5620169870868391,motorcycle
0.4958514033734998,1.118649558189841,2.6648674709751834,37.965774758586996,0.6150218345885016,0.5115797619478193,cyclist
0.5100333807260642,1.1356212861459336,6.511056046629186,12.065888160824887,0.7843526187227838,0.7489851868550802,auto_rickshaw
0.5600062030509987,0.5901395958090682,7.200154187539796,47.363089954195544,0.8277634914702412,0.571560863102072,motorcycle
1.2998844255525794,1.2589284175899536,19.829726654927214,24.104976375696296,0.8099674763617326,0.8099667686931151,vehicle
0.9764973541932921,0.5737571258903965,1.5941066899241636,52.73817982945184,0.707095760836414,0.273924668717316,pedestrian
0.7596623211965372,1.6105781995839246,12.040101216576199,71.8965027701669,0.7599728353510566,0.6676096936350161,vehicle
1.3924890506782037,2.3631784725407763,11.883884905727736,25.40608042085253,0.844881873689782,0.8212280104838134,vehicle
0.9329803709142486,1.7381627320870474,2.3790404625452988,41.78693865276751,0.8195523607544695,0.4685686535432135,auto_rickshaw
1.158042744234624,1.3439349117797366,8.543574411006812,32.51805147611372,0.834291793351692,0.5701405108292051,auto_rickshaw
0.23029321323990765,0.5219459950021806,1.8657975500759152,6.588064416074526,0.8307740997464094,0.5178999239041864,pedestrian
0.15997673584956107,0.29527800573253654,3.8616465906315987,30.51932098186829,0.7067254154586231,0.5758910056792634,cyclist
1.2720989240572622,1.6699128887962225,8.83356172180201,29.044873632919092,0.745245993908386,0.9229600026491885,vehicle
1.7826737325682012,2.195747683639548,13.271778944824593,47.174162910935884,0.6726062718703731,0.797329987154729,vehicle
0.339172214638178,0.303293317161201,1.2076339096018776,5.3695582607703605,0.8455084986140209,0.455603695410569,pedestrian
1.307478177951022,1.7236302906149763,9.60751309153354,62.536592539891174,0.7520333590972219,0.7025081883260325,vehicle
0.9246649993524907,0.6899661140517206,10.051757699747144,58.83687499446757,0.7227114641024209,0.4492886436769671,motorcycle
1.1195958307550495,2.1128296915951177,4.895183080651638,83.30224329681491,0.6372445730711751,0.7954103914479166,vehicle
0.23465502764697693,1.0188107639944608,6.211944536607506,33.43422401470731,0.7811070382530588,0.37265605317948847,cyclist
0.49017890140485365,1.3555335175834984,0.0,33.522171243668986,0.7290338635351417,0.29054059580893143,cow
0.6094445097923269,1.7889714240419403,20.852789389408333,76.97226758025121,0.6092367869575394,0.695583523820786,vehicle
1.6280963389033642,1.4609328576560436,6.060067000707594,88.92535577876443,0.23988591752861568,0.3312723213616738,unknown
0.05,0.9958189437265128,4.06269701006682,88.83899663958682,0.7264893012383589,0.4887084157139938,motorcycle
1.245812339481843,1.8931788406106416,6.80933399639096,72.07173375551972,0.6097082766109377,0.8429477373339016,vehicle
0.703467642489913,0.8380937543113868,5.481378290027511,14.652215014626147,0.868956368125562,0.6378785337441105,cyclist
1.2275354008074248,2.255234254348414,8.012597344769745,23.05688811319161,0.7465825923182291,0.8354890636694572,vehicle
0.8504419823320177,2.903797323691935,11.360077215419828,21.25730281471838,0.6231829190145401,0.99,vehicle
0.6466154939066774,0.6843411904390913,3.7240911293957133,80.14094855279524,0.638402335856644,0.17199781488643945,pedestrian
1.1495558359084153,1.0848458146883444,1.012074325517621,29.667487607689612,0.8103310350299123,0.577161242849847,static_obstacle
0.6644183676597909,0.5202684462988094,5.633689909840745,13.898600839638622,0.7951025348334874,0.6145032891097703,cyclist
0.05,0.9080577339184266,0.12063749533599455,63.86697976601728,0.6382053307245218,0.3674690536116956,pedestrian
1.6451101881738097,1.9546964040040937,10.390208134703354,5.424118297001704,0.9510115748198075,0.7993151146132402,vehicle
0.553492220735024,0.619115589661544,4.736792234478679,84.87877169537724,0.6476292149706568,0.570965457747609,motorcycle
0.31997058399877265,2.6910863627461423,6.4638001464668795,47.37347774293083,0.7182774064853623,0.867125628324585,vehicle
0.1961417023928222,0.274259293634873,0.9561973667099839,8.49316530306219,0.808349739293972,0.5629387739624951,pedestrian
0.3006162326694931,0.29830108675885725,5.61854627189373,87.04191985367473,0.5126548361759548,0.20045507246337876,cyclist
0.4119401675420954,0.6558973952204596,3.883636269996586,5.021690421662109,0.6651432971297347,0.5720315166209845,unknown
1.734345617128202,1.8058207361320642,18.17771836838768,37.07642622646982,0.7729620179895643,0.9210933446006773,vehicle
1.4047007654869095,2.030145986377817,0.0,57.72004438379429,0.7727049260163739,0.3872834595564113,cow
0.18673469189881098,1.7406632036472547,2.139741889468288,88.93832904882308,0.5398993686811031,0.4996348540612624,cow
1.251268158128306,2.1752083091605883,14.795521085563221,49.140418706235494,0.8401048541305007,0.8290310060168935,vehicle
0.6552963964457378,1.1159803628191152,0.13449920363897067,8.086811117298051,0.7780672891931533,0.5853946014125664,cow
1.1490300853027215,1.446895124680887,10.153940980982068,56.65776575285677,0.835828941684634,0.7313667439595595,vehicle
0.8255000232094338,0.9949973797227158,0.19152924732462662,13.184190492173704,0.7778161106193383,0.5849710582123214,static_obstacle
0.9864831443945977,1.2930837292048942,0.0,28.55042299737558,0.759372443950179,0.6327660700391662,static_obstacle
0.49627493496791314,0.3680988912324787,0.4317708128903366,77.39369727239306,0.5979253922410038,0.41261135587352893,cyclist
0.5979189319421534,0.33367070239886565,2.3498370893883056,34.20559842520526,0.7570973203928398,0.2504994095295645,pedestrian
0.848060062809047,0.6237532847770367,6.49350468301664,90.11988475217125,0.6605940080423497,0.31896906095283684,auto_rickshaw
1.475124779697801,1.191635530972524,11.283774555570183,74.29762563859408,0.7330203391599694,0.8961843905685984,vehicle
1.3693621054920768,2.208848257322801,9.775453582511053,69.00096353137573,0.6396047406703991,0.6697567744528532,vehicle
0.6071617843347015,0.8894892076853407,0.0,94.25175263534621,0.6105341199585685,0.461238007371293,pedestrian
0.8711974221308706,2.044021744040533,0.35678057907049887,55.390147866120685,0.6259004551390591,0.394101267228963,static_obstacle
0.6944801960813879,0.7933784032671076,0.0,51.65596639697586,0.7254854444040136,0.32204139464814485,cow
0.2651238841622695,0.3480227597942596,1.371008136728685,18.27085256835214,0.9308973740881399,0.3609088820047758,pedestrian
0.4490245262844644,0.43539099929768305,6.713994626580378,9.146225270792083,0.8328229742828352,0.47809319226089614,cyclist
1.3084531773071733,1.8362146309264045,11.848793205390177,30.606076376819974,0.7613694220479441,0.7954005009484412,vehicle
1.1551030335258938,1.0145331398716688,0.0,28.06631378322958,0.7102947979960633,0.5574533148417065,static_obstacle
1.0836684462943247,2.255804382590368,12.46298319543844,62.74217131190548,0.7214964314140278,0.7844090360790775,vehicle
0.672498018862084,1.5312711622838728,0.3400866749377483,17.64491088159656,0.7762787442164443,0.5601847480403732,cow
0.8782689816206007,1.5822646248521135,14.081799503133267,37.770895115735485,0.7795176966047381,0.8761226543621258,vehicle
0.42222919590514363,0.20169276328239588,6.850474733855777,32.295292345890076,0.8272995955050606,0.5944111573073927,motorcycle
0.3770760245554321,0.9577270863918843,1.2649525363152976,64.54319593633389,0.6310614511211936,0.08411137941938959,pedestrian
1.280734220308928,1.6573237631202553,16.592288993398707,16.536659926918805,0.8285708938178401,0.7673618983608443,vehicle
0.37225300952635426,0.3035652381292499,2.7089948194618536,29.267095929728377,0.7484466850536339,0.2770081251733755,pedestrian
0.7942379863564113,0.1,6.688319563828642,51.72467356170864,0.621359627444361,0.6799708564622101,motorcycle
0.4457715208700394,0.43467184987060337,5.147222697368356,34.287645261434704,0.8439912743982947,0.38475606821854136,motorcycle
1.234563328189249,0.9820374006336485,13.566120406905027,18.549012925600223,0.8120775097639673,0.8876371758984138,vehicle
0.5365605208950046,1.3125171680681196,1.6621774862751268,32.43543523306403,0.8019023103368982,0.4268506347069553,cow
0.749231106983126,1.3122147392566192,6.833573956216319,18.363486470475596,0.8193050088620816,0.6770463903157886,auto_rickshaw
0.8315895495111586,1.0448060363327063,0.15322244126785378,5.489933827252152,0.8888954197085571,0.601080533076246,static_obstacle
0.4971651053405925,0.4886837682966163,8.671714482124681,46.278490827296835,0.6404840920538439,0.5980419872814068,cyclist
2.113823377446245,2.5413083365136027,7.27800032427246,83.16285360824926,0.6069775452870169,0.6944181234505188,vehicle
0.4791229204178565,0.1,0.07932417995550156,69.4807683402911,0.7075654048865552,0.5117716532809831,pedestrian
0.6640318997120598,0.6447421847957832,8.17783260654536,83.03719974425813,0.5277691839688012,0.501164534272622,motorcycle
0.05,0.1676930999616879,9.263475124120768,80.32350495601614,0.7073153794477489,0.5665108978869062,motorcycle
1.1921979050171252,2.1408021866627016,0.0,91.32010627966645,0.5312203514166459,0.30078129412602256,static_obstacle
1.7289187801761274,1.9268968002092999,14.694281161734738,49.31218350765407,0.8130149579139369,0.7142248968188906,vehicle
0.8534479035329998,1.6934885526499537,12.321877357223107,56.54145342710205,0.7892689726793836,0.8157085751021134,vehicle
0.6590691486960434,1.6958082481312515,0.0,7.571382595160939,0.8807443965466601,0.5983801559273463,cow
0.6928398577068278,1.0136385247699387,6.890246231634136,68.60467193401041,0.6181643708523239,0.35915416771876957,motorcycle
0.25794505439818494,1.0832585712875766,8.739688704015617,65.76168972599777,0.5749103339696469,0.3780496807417017,motorcycle
0.8490904179676213,1.2930210106806865,5.900115095100818,75.78732983932322,0.5965293921736482,0.5278437060898303,auto_rickshaw
0.5848996987498829,1.8341356226292593,0.0,84.93882738927341,0.5424351248644645,0.3852220873460675,static_obstacle
0.0832753294047099,0.4479444070497621,2.0082502150413477,36.25588995374071,0.6969496002403835,0.3437236761741663,pedestrian
1.1512957896132059,2.9125602725259934,9.273540764816351,85.45754015819863,0.6651442486082044,0.8238871045190813,vehicle
0.3700909013416391,0.3475102797376022,10.982460227368882,78.07182034639142,0.6468563343926885,0.30935491091415024,motorcycle
0.7134145485082641,2.0324243626448006,0.17097569923495187,62.85218451458742,0.6992257314371119,0.7384968220200872,static_obstacle
0.16127986914711662,0.1,3.3297104617475504,72.4383819628191,0.6766612820585713,0.2053877989329525,pedestrian
0.3508647616393367,0.31017379959337577,1.2339017156524381,11.512153196719396,0.8369981160418264,0.24331884357506925,pedestrian
1.1080735278145142,1.404285681629721,0.0,9.424474623954334,0.9005590429823582,0.42637089512118814,cow
0.23198358568137567,0.3133846693274766,1.3321814171638402,11.513875387471023,0.9641632132363048,0.26263835011667186,pedestrian
1.2245113939037258,2.168761981528768,12.951890516828113,5.07105599838969,0.8166948531648563,0.99,vehicle
0.4908157222722431,0.3725915322980595,3.9792176512114388,46.70519079241816,0.6775837846543391,0.5888246655047391,cyclist
0.6410105450743571,1.743657684681035,0.9648517901871242,28.58315040561871,0.7205545175525276,0.39732823867970735,cow
0.9981241004910555,1.702211031751513,0.03375957378769583,14.265153023025757,0.8900390713975925,0.5230438587608655,cow
1.0031512153467483,0.4259471121436169,11.903860029164136,84.12839038268444,0.7795508025802302,0.6433713051655249,vehicle
1.1329004850743467,1.51379345432897,0.0,70.44180771937347,0.5714615838529457,0.46835406372524546,cow
0.7849810719086887,1.6551465077869172,15.46366494152968,27.814437793147132,0.7979122903617816,0.8882123943633703,vehicle
1.2522219400544548,1.7542644293431955,18.795554382560827,55.46250332381121,0.8503880546336546,0.7829652425517908,vehicle
0.2783393007793724,1.226066020534381,1.8301215792576124,78.86622567341573,0.5025590991304327,0.42732197933666966,cow
0.9297378236348874,0.8131216577757381,0.0,41.94705059162851,0.9240211458700018,0.7028520992328781,static_obstacle
0.6254446773625838,0.29355394870557805,9.035918380911237,63.84001306605407,0.641029065329004,0.47354232870940877,auto_rickshaw
1.5906696489121739,1.6087012580382003,0.0,77.14783308482305,0.6190214644336676,0.4850916556468282,cow
0.6821333173998004,1.3469555627903405,0.12628819763381477,29.22077773742093,0.7377373091269205,0.5776026121544354,static_obstacle
0.28304371748830903,0.35367965288233116,1.1431564945288282,15.238576292409448,0.7931059112540935,0.20009725781567336,pedestrian
1.0225517532177792,2.3065497487979854,6.9086812952740075,28.62577438398897,0.781574367052442,0.8096132213232372,vehicle
1.2801355441741828,2.4872671956621546,13.936913858543178,61.24493933670488,0.6683401621398815,0.74127536557198,vehicle
1.3300761315752134,2.5669572657256015,8.951680136301443,16.608101713444874,0.801880330484922,0.8853675594633855,vehicle
0.957402578462379,0.1,4.232614903721679,70.85347454508364,0.42616651201394523,0.6013293308216683,unknown
0.9855809661979182,1.1172848061126384,13.48394203090043,80.47596165782511,0.650741541903251,0.7294134135349205,vehicle
0.4310829593805173,0.5712388085547154,4.21016192648329,14.403228507856227,0.8624091542044817,0.538442460976233,motorcycle
1.3701336601085974,0.24187171608403385,0.0,51.99138440889592,0.7117286784771105,0.5911464475424666,static_obstacle
0.6211050760575572,1.0309545392322748,6.761642800688983,45.898008724358704,0.7427562721529973,0.45671885597917206,auto_rickshaw
0.4516357840153611,0.2833460947536156,7.230994904234742,83.69730987768307,0.5553698985278089,0.3704131291140632,cyclist
1.1545198083242116,1.0405620465954681,1.3945630076715763,47.444771366698305,0.7029893607716617,0.39476951045561254,static_obstacle
0.05,0.47725983750608963,5.683024920091771,62.84962954564633,0.5547903944012164,0.4377777995372581,cyclist
1.476118134027778,1.8746710794902437,13.541321996063507,69.38925829488863,0.7322524203754168,0.833982851777836,vehicle
1.310354326910752,1.2781456223842569,0.0,85.36681325343446,0.6222520159444174,0.27911332116101106,cow
1.3938626604183106,1.8451288000991726,17.770776095507653,17.104109584595207,0.8744867684028477,0.8578529168530189,vehicle
0.2465861344085967,0.2761211131291883,2.274300741757579,22.772622531711473,0.760181114997851,0.47357938467564475,pedestrian
0.38369513123498467,2.546529209841581,1.4669053986156846,76.45040255858649,0.5036394208937609,0.7110300817990449,static_obstacle
1.0167194985470676,2.3366483552425135,17.36588013909056,76.15426682927799,0.6352878662719729,0.926217152949094,vehicle
0.2708061156810948,0.5679152547337432,8.071772829383494,15.299434716516329,0.7806199844319129,0.7194854335950052,motorcycle
0.3066763791308266,0.4982839244426154,1.9787781269257194,41.206521026868685,0.7584144798576158,0.5912062819564964,motorcycle
0.05,0.23134626147966758,10.999807774062884,86.87541541407772,0.5179083138741696,0.4998213002737333,motorcycle
1.4044081023224866,1.9563551367054273,8.13164214537901,37.83362866770712,0.6863798372592158,0.8900528527941911,vehicle
0.16217528378167934,0.19417449121729868,1.322973003084905,38.952678714412585,0.5829726740457144,0.42142809273195164,pedestrian
0.08883720616663629,0.34509523221144656,11.971291427823632,50.58949999176925,0.7497525311348037,0.5361231213895821,motorcycle
0.7847800407135992,2.285028200857301,3.8177126784100888,73.53129500925428,0.7003892631175805,0.839743934222638,vehicle
0.5790125273907815,0.573151713566653,10.470075123993746,45.79355150435508,0.7429061552375842,0.3860908739850968,motorcycle
0.181996096966774,0.1,14.483541737154711,60.03453674472792,0.5669625771079931,0.5200373880049726,motorcycle
0.9218391671552575,1.1241797445192712,7.415719106502698,25.31867673875253,0.7598031527674602,0.5833883789049217,auto_rickshaw
0.05,1.3680533452604324,13.944483175517576,91.05195707081322,0.60700302498511,0.7654249667902316,vehicle
1.246961498680338,2.658207308447383,11.068496219427656,94.38386932311445,0.5565850349928662,0.89064896008407,vehicle
0.5061926771026564,1.3144245335877183,7.483098654938468,23.983460249586074,0.7452026347268403,0.47855651002674926,auto_rickshaw
1.4870035308182519,1.574103034729754,7.177511958676752,20.299083171587355,0.7516253416974797,0.99,vehicle
1.6759193638185446,2.8205835696050903,13.182448883992162,80.00398619884974,0.6003810710791532,0.7316880839644015,vehicle
1.702150163995783,1.5761009663874614,0.0,47.84528925517972,0.6708695889316779,0.4071712937842339,static_obstacle
0.507290703439131,0.12551514431510635,10.861665103830624,34.15813472390896,0.7615620240397848,0.6234868774201807,motorcycle
1.249574812450423,1.224590476804216,1.360507795502478,68.36939246944732,0.610779644487221,0.6513415669404369,cow
0.19979129977037358,0.9628949641427036,0.0,23.835898537710786,0.8613482176364382,0.5933956614665585,static_obstacle
0.14097600575196353,0.3258449311469258,0.8633948855774338,18.487651899789647,0.7630840535477166,0.33158321786374323,pedestrian
0.4261569368906755,0.7106919404682027,0.0,6.992100592654737,0.8170916520803393,0.6483090257958869,static_obstacle
1.1581940508563382,1.6706578723175194,13.466131322333855,82.28048494365466,0.15,0.5890547073981852,unknown
0.7340301269977902,0.1,0.0,91.113320353179,0.5795377582255772,0.09242275805646583,pedestrian
0.4951400170308063,1.1968882294015928,7.331507661786011,83.59289210225053,0.5994644150319429,0.34308891517937323,cyclist
0.22829964632340818,0.27166708500980175,9.082986272349668,25.842469216009945,0.8592954857416267,0.7612947758763066,motorcycle
0.6104039348687653,1.5670450813604697,2.1846524802580873,88.42896273360158,0.629284995956959,0.31267451161903187,cow
0.5618465305718521,1.2492369371478627,2.193238557153474,48.505286001391376,0.7773963146476008,0.2674367977320201,cow
0.8759302227714658,1.5016360640264381,1.6592111371552916,60.972297915549035,0.700266017155092,0.4973519893957706,cow
0.8017953565750563,2.5253461825293817,14.061539725891672,82.33995377513764,0.6881038931830844,0.5997194612784749,vehicle
1.1259093855285944,1.6391295673976476,19.060308743321983,28.12925617798528,0.7874282105606528,0.8307016761247565,vehicle
0.8077959241120611,0.9683196596532306,4.555567842150699,23.18748485071313,0.7576184199487512,0.5055132244115146,auto_rickshaw
0.5954731291960462,1.2038250085563553,4.809647568209001,14.532412066589616,0.9682258655606925,0.6797017990482794,auto_rickshaw
0.5287181686444248,0.8480205082715352,6.298317335924196,5.780218086061794,0.8992805528347528,0.5860753661479947,auto_rickshaw
0.317942703739087,0.43461982577143116,6.083329583658321,18.933417938456174,0.7410567784493287,0.6335568123924805,motorcycle
0.05,0.12706974177465308,4.8508505911285535,82.61014247957584,0.5244304488942867,0.6597234734604773,cyclist
0.05,0.1,4.992813201472435,59.38335643882326,0.6319408707827221,0.4327665612490095,cyclist
0.8585315182628689,0.4814635981420371,6.627500846971685,24.236301918371964,0.7795479724740947,0.5340789455015535,auto_rickshaw
1.4964121280367155,1.257748348676173,0.0,42.08842486692853,0.7142375746325186,0.5150958907661722,static_obstacle
0.9969949774150086,1.2771357117624826,0.31722318709343045,24.275862746562815,0.7023189793318753,0.6574771385956061,cow
0.16008433023194862,1.423263507644419,4.743047816780091,57.693734448353204,0.6740564149644579,0.5289523261668992,auto_rickshaw
0.6879383780069536,1.3059030951506794,8.010335235548917,58.05237227839221,0.7018260361544407,0.5499849725551732,motorcycle
1.7303924111311122,1.890720581518052,14.82508903379209,62.39325659377359,0.797565499730007,0.8812462937156613,vehicle
0.7713839505019542,1.3522984620623588,15.898697282287394,89.83424304362723,0.6311179945856903,0.8601316670330716,vehicle
0.05,0.1,0.0,92.96825375204794,0.5126906456865986,0.3503867488653493,pedestrian
1.1269105786047562,0.9171061496442925,0.0,48.26511108220759,0.8086879273324902,0.45179640369048923,static_obstacle
0.5133797966926298,0.7166185183969211,0.0,71.56471721001235,0.5833667064952125,0.08861187685011856,pedestrian
0.05,0.540598931911842,7.364582079149798,86.68547476027045,0.5587402482393552,0.5363269002796082,cyclist
0.39452527887827715,0.6964975872539644,3.620990153717128,33.75693066267282,0.8552000659750899,0.5493270730019241,cyclist
0.25689265589295407,1.9064208140414323,15.19288065242636,37.07478306707254,0.805641975905317,0.7336549611139168,vehicle
0.15782760495857823,1.5737361765640534,0.2049296397595698,51.97414676581192,0.7097420759900132,0.4543179024804445,static_obstacle
0.2199443963090636,0.1,0.8924296930184157,26.313163470839232,0.9430808338302128,0.3595795610155945,pedestrian
0.46888474840213823,0.6008907330819742,0.0,57.507981366470155,0.6019960562690274,0.26560930718091436,pedestrian
0.5988129319359629,0.9618269124067551,5.531809302225819,12.440033418788806,0.8522523767509115,0.6552892569880201,auto_rickshaw
1.8314955624224365,1.9791494544423376,12.739952727894664,94.51032265487657,0.5928598857310048,0.6664003713050008,vehicle
0.22465943149984446,0.4410223941666366,2.7066492563688227,45.68393989218215,0.7891817488713738,0.26113236049381744,pedestrian
0.05,0.1,4.85164564159332,87.34369429663543,0.4741490639114818,0.4570654541870782,cyclist
0.9881502368547816,1.1963081312024166,0.0,31.837539008803894,0.7706807666004238,0.31646884804669106,cow
1.8089753206488095,2.51332209434814,11.920820702073163,83.46796212658502,0.6348091835426071,0.9135185875080802,vehicle
0.7984098415961476,1.394523664716381,0.0,5.533539380319033,0.8662150754762681,0.5439733409982739,static_obstacle
0.05,0.1,2.519689245259815,76.72529800177024,0.6260836316545368,0.19636393358217227,pedestrian
0.4123551131286476,0.5978622438370557,0.9522061732306661,93.83741276053732,0.5874024080989715,0.14893235222734347,pedestrian
0.9931248917523614,0.5170144067910785,1.5876737948748727,75.64600537578568,0.7225589546532757,0.5019888178941057,cyclist
0.05,1.2549120082995837,7.450811998352321,59.69382006487345,0.6408019638091333,0.4560217334419026,cyclist
1.226500814883256,2.425381974525171,2.876041204844068,60.071367629059175,0.6959897493281121,0.5410777434650483,static_obstacle
0.7811916339690496,1.380903706448521,1.776037372591677,61.24480475966555,0.589349787968146,0.5560962792550586,cow
0.3410850347955415,1.9858171411644818,13.977515669470161,19.543816036221905,0.48080226288373806,0.701364651872328,unknown
0.5979366157376554,0.7371226374068339,7.222133222953339,31.328638563341283,0.6646211310848025,0.6536730117006869,cyclist
1.440410201981251,1.6110523805847659,11.994661846272052,16.257040413469287,0.7937188483210582,0.6861836955981602,vehicle
0.3553742410132431,1.1089116259798888,0.3963831311306929,64.74185528384015,0.6715680874977872,0.4967966380792866,auto_rickshaw
1.406113510075609,1.9345836831507248,14.604815975994493,31.607449860167254,0.8345309562906817,0.9336367332781662,vehicle
1.2636926493864762,1.5738784670804125,12.164998529258437,28.96101450660213,0.8497778412140198,0.878884344180128,vehicle
0.4329445095755086,0.608658697542711,1.772654366982213,72.12778145287997,0.6378688627988947,0.353278255204677,pedestrian
0.2738957646539099,0.24797911977689094,1.2877762230945409,15.78422828383405,0.8812833561774385,0.3442369034178171,pedestrian
0.05,0.20316344156357669,14.71454934580981,36.58298854691115,0.7836448892707145,0.7356086214936921,motorcycle
0.9968871778131472,1.2583402737041607,9.01283919739002,85.55600506425927,0.6342826835171494,0.35553367356174664,auto_rickshaw
1.2804038831888098,1.665926545877242,0.0,54.70000521564619,0.6568396249177877,0.3282231543637498,cow
0.8630427959902264,2.6023866546527517,25.780790762770458,53.97621043477582,0.7203864116415903,0.7726296054041619,vehicle
0.701045944793731,1.9492385448147247,10.707635758286134,62.41374406216989,0.6518524999345972,0.7130991372154046,vehicle
0.9582332106941839,2.650470157031413,13.853191294155046,76.814887032797,0.6896517697975146,0.8399571088563903,vehicle
1.3664895268480326,2.544383426519328,11.667884375364043,5.0047544239067125,0.875755669684253,0.99,vehicle
0.05,1.014495716489229,7.652404783294076,57.47167826997227,0.6068539120953672,0.45696398103927804,cyclist
1.9309521958570939,1.135780212493741,0.05364314120314334,88.4629768515398,0.6011336262068979,0.4221774137205464,cow
1.5195731660010732,1.6386351121051428,1.3181452582375897,67.09679214137262,0.6365527534046009,0.44283288256746967,cow
0.9994162100268225,1.68579171353451,9.065992001055207,32.68895786207029,0.8136725127703412,0.8212155593122219,vehicle
0.2571431488279419,0.5964104982317917,14.575592551149937,50.6237104469475,0.7986703072024381,0.3905441532733514,motorcycle
1.2369580560286328,2.45658470545033,3.9027640272331445,73.25677767197342,0.670707261431515,0.7004271860569156,cow
0.29155563070884694,1.467956156196679,0.0,45.032494555290356,0.603135828250056,0.5060626475867959,static_obstacle
1.4269232036542634,1.757025579466883,0.4193469508230507,84.26016162951336,0.615085780647768,0.5809921177606209,static_obstacle
1.1923248321829116,1.080163488206531,8.897662802797687,90.27804656601006,0.562031030907008,0.5683511338806114,vehicle
1.8410295789733264,2.528339138660196,20.14235514540442,86.57523341259433,0.5189912844969339,0.719456541501331,vehicle
1.0176068939846763,2.5778410791484383,4.380555654704739,39.461839536180705,0.866682607297303,0.7677718773889689,vehicle
0.8928604812549659,1.7506381246891018,1.2781759357578646,31.60420497537992,0.8549671369207218,0.591174560689564,cow
0.5254441193327191,0.6913303977404672,2.6274245406026178,27.077424535317306,0.7938795670917445,0.3586186062237954,pedestrian
0.05,0.5723379205625092,0.0,84.11992015036682,0.6539089611041801,0.2552331899402405,pedestrian
0.2717399094776596,0.2458840261111851,1.3229007728716344,16.613310902939304,0.7870277808516218,0.3147085366272945,pedestrian
0.2535241312087349,0.3172061840855636,1.0785815961645175,9.7377901364445,0.9752188373033458,0.3124467118853811,pedestrian
0.7783402194829996,1.0133444467783053,7.084550456532627,29.59959889993016,0.7049587127111225,0.45597752518332946,auto_rickshaw
1.018541558316719,1.4725298345880975,0.0,69.27938931715825,0.5413862079765615,0.4008625687451618,cow
0.20499748274303484,0.1,4.01652924188972,65.58838214142284,0.6355837240751415,0.43962256809668254,cyclist
0.5570026995978989,0.1,0.0,69.40065445990092,0.7702452247564526,0.24081522969727773,pedestrian
0.5074464684498646,0.6440561219450985,1.9439301320654714,66.98907643632364,0.47706850348040525,0.5602472885455604,cyclist
0.4518268477618468,0.21288851718766472,7.06401869760768,68.9382244748102,0.5857520787218958,0.5250905681555588,cyclist
1.112154428623211,1.720796244459861,12.807213001283289,21.150071382276778,0.9454914163390958,0.7301122956548327,vehicle
0.9014659565865827,1.4464941425430562,14.385232861326003,29.84774796403361,0.860562446827841,0.7940497515276959,vehicle
1.4099713198689952,1.4183334395881526,9.404444261342519,70.64834845844435,0.6528716968536349,0.6896018843534825,vehicle
0.5145223875068963,0.9921444674138507,0.0,19.3451239174029,0.8046636165283813,0.45317966968128437,static_obstacle
0.05,0.1,1.0458852252468287,88.92888134773818,0.6820791534960224,0.519308914052863,static_obstacle
0.2944360170045537,0.31798740013456195,0.36911876883483663,5.962279110215127,0.99,0.30929306700492587,pedestrian
1.1086904821680916,1.4912718868248191,7.549564548179936,27.704218064076134,0.8322154539853671,0.8185971136245889,vehicle
0.8240010437667511,1.0331438374263187,1.377166134672146,64.3822431260285,0.5829897964814753,0.5413464262277907,static_obstacle
0.19507161658479205,0.1,4.403655179764466,49.11997771883668,0.7386843290284197,0.33726091101316913,cyclist
0.9729610221053739,0.6698108832200722,8.569766860251248,47.38287437758719,0.7298923401952085,0.5486471937504179,auto_rickshaw
0.621656541747279,1.7079762099481113,0.0,77.07285452091493,0.6068102504931399,0.5647835987870465,cow
1.4860796219316652,2.4391241590486477,4.614702736097077,93.84510556671839,0.6325186551362989,0.687500285679297,vehicle
0.05,0.5257554768944265,1.4551906388861753,87.57105997019121,0.5271145123226761,0.05,pedestrian
0.5424743813081603,0.9389032160395188,0.11069666754971233,56.99621931447578,0.6540420015744237,0.4178788766866458,static_obstacle
0.1663265097943442,0.188516671198317,1.1273727723445945,34.31366015782991,0.7805491434494928,0.4443577389174197,pedestrian
0.8627070203741901,0.7360898730804786,0.0,74.04613955632954,0.7201843721231453,0.4595582480712697,static_obstacle
0.05,0.1,6.127771476366358,87.04563849530854,0.3679716805157519,0.35577976593022786,motorcycle
0.7020000371692047,1.5187159280390943,0.0,20.273471523972045,0.84092045327488,0.5360632769066965,static_obstacle
1.3132182792980056,2.074418705664512,18.0576899188743,17.454070628772655,0.9207663317333713,0.9501637981885195,vehicle
1.148242810927975,1.6369328751881345,0.011118848886118325,28.883275980830955,0.6974772740352583,0.45447171235204753,static_obstacle
0.3952590781897485,0.8979573690841778,6.184883537579267,26.844348811872486,0.7536111784593866,0.5291071664497078,cyclist
0.6183750369037978,1.143898473836423,7.778687595422808,53.377079018274365,0.6397459253379544,0.4934253292512619,cyclist
0.29720648943810446,0.6519585880094405,10.07007721010084,27.756948088630292,0.7823038679342592,0.35455438834342357,motorcycle
1.15155395660284,1.600515468030429,8.092450437836066,43.6271523764031,0.7966995126972262,0.8591556153038542,vehicle
0.2416778923622862,0.4765219322287842,13.929679446087132,6.994096647461917,0.99,0.7399135442306177,motorcycle
0.05,1.208530724307804,8.889733503329417,64.51387756385823,0.6709745508953889,0.536229557417738,motorcycle
1.2197253097264147,2.4271267980392968,10.600960629168892,78.36857398090848,0.6565354202328669,0.5752623774851982,vehicle
0.40018860139183016,0.651760785585709,3.905672741930565,55.3617357760286,0.6396640754271788,0.21525358972993935,pedestrian
0.4711923126633332,0.3546393482407245,2.2948632147257184,49.667324313782885,0.727461695111887,0.15981886828090908,pedestrian
0.2926653585161701,0.2884924534948862,1.6228816935305568,21.23487283709416,0.7852806205292321,0.32116829861251456,pedestrian
0.7008515752882226,1.225222091290755,1.4343385164450617,71.84576565086812,0.6091387290571629,0.29256947475978173,pedestrian
0.7511881534822701,1.4552049224840977,0.0,47.438611392934874,0.8081038882758108,0.4647781181426977,cow
0.5136144813295881,0.1,1.6622884232731554,62.32478095495672,0.7470493529539235,0.3284909162101733,pedestrian
1.4385321592579974,2.1526846342684487,16.1068166489532,12.446157475601698,0.8715345485875486,0.8871407438199606,vehicle
0.9492785071928783,1.2529380861276285,2.8779261124535984,52.72369030745138,0.7622336726938642,0.5575680780319222,auto_rickshaw
0.3851156040345787,0.1,0.4952299466351053,20.981480236845588,0.9075726054624565,0.21231938645471485,pedestrian
0.8196154333228952,1.0464863587377233,6.753479382659988,16.18130350002281,0.9152725467175808,0.5829266078345278,auto_rickshaw
0.6288321345367187,1.2060318457467996,11.03910353388036,90.3083151757712,0.7062766310536733,0.8048210661591787,vehicle
0.1934646207230617,0.3409160298403038,1.5958899590983304,21.190668686135492,0.9454224930440515,0.33143998613550224,pedestrian
1.2769862914619645,1.2419529669007618,0.3535562760060755,7.894874329036825,0.9021502706967769,0.6504736310965812,cow
0.9161649314065446,0.6121524286252596,0.0625264372749321,6.085626604016068,0.8366062560207848,0.48658654690770703,static_obstacle
0.2756320205635646,1.3966956773068901,12.4108610113932,74.29930530968338,0.6728251446090614,0.22954439278552327,motorcycle
1.3836908871789826,1.5695946373150242,0.0,45.28614853989725,0.7887200571543567,0.5899851732008228,cow
1.1091261417142992,2.06543076044369,4.232203940731062,50.32192067047323,0.8248878290378983,0.5084876315201885,auto_rickshaw
0.9320833897687406,2.984209606906345,9.475363565476533,69.45564892607875,0.6184456416950886,0.8743691718653233,vehicle
0.6672745406015882,2.5563078230894174,12.845527171380875,58.02068623822129,0.6084280204328311,0.6910659792774845,vehicle
0.6798052817553926,1.2647383468818552,0.0,28.65926317903934,0.7882507099567433,0.6007382423454828,cow
0.5980166721576551,1.4912368924256112,6.721634952994355,11.567149963311895,0.8395787137737396,0.7421570051964184,auto_rickshaw
0.8551008067037958,2.3666379034874403,6.0821584304875005,7.8671086275434075,0.6487899191452442,0.5904709176272126,unknown
0.7945134251812047,1.9961576731605841,11.827659380670175,40.224028402737225,0.8101907529021266,0.839348553191881,vehicle
1.0813272372938223,1.2728064668297452,6.798925462423178,60.449972037414895,0.8293801700030422,0.4974389759234433,vehicle
0.5839936810864811,1.2655463566316394,4.2445335449860275,17.592707950429467,0.822855125832836,0.713260493381711,auto_rickshaw
1.0471830639969384,2.005008974420507,11.656216447769639,49.531491944768604,0.7289615556309057,0.8641669370887928,vehicle
0.40781514118025186,0.8176800697938231,6.659878635827344,26.077498305513164,0.8405387279093555,0.6666797301511256,motorcycle
0.25919859708236487,1.1525783973163384,5.508218264643351,66.28356829791525,0.7093178639456256,0.5610724919003067,auto_rickshaw
1.9050965456651832,2.8641722231557627,5.266438643779577,47.568288323366225,0.7346061441358935,0.7809430216137422,vehicle
1.2582101874975338,1.5298134634157077,0.0,42.71672148128968,0.7342070958643245,0.5632487882885308,cow
1.700383732515431,1.6287403747617457,0.0,88.35283699366379,0.5555228752067874,0.46618223694576566,cow
0.3584233941289148,1.0656235681566921,2.7693434731371696,75.11845490435934,0.6258403744058508,0.22091072914626714,pedestrian
0.4862602618087451,0.5569697758851844,11.91869409519613,65.04919625677167,0.7231469084431008,0.5578030229421573,motorcycle
1.3278335139343325,0.1,4.989844173216267,86.72313887021494,0.4836557568417656,0.4869644678034745,cyclist
0.8067945611619487,1.5613171999607207,6.222578412220693,54.75576163862914,0.7251107184527057,0.5372136982410207,auto_rickshaw
0.9201753007029988,1.5464533545514474,7.508557624039129,27.505108265913787,0.8668806330386905,0.9327723865920851,vehicle
0.300606713932964,1.1910894748760292,19.153573502451696,48.92830342384783,0.6769077067917454,0.6225554007320229,motorcycle
1.487016099011045,2.0986759749301505,17.124562444403903,19.103836618662722,0.7261237858089279,0.737995989480188,vehicle
0.3750063585809018,0.8957070982358126,0.0,77.7269900930563,0.600768503620978,0.20132566841334038,pedestrian
0.28700658379618627,0.5639585329073675,7.195660577786574,56.21962823265235,0.7466057545197273,0.7083606088677921,motorcycle
0.08313682099976336,0.1,3.0583753366565287,49.263019009021036,0.873843378386207,0.34173841312837017,pedestrian
1.5096841551366378,1.6764695606823734,6.746486844392487,75.66825811215425,0.6504236144304392,0.7737266512098379,vehicle
0.14988900310875658,0.9816015528110404,12.284206210849712,45.34039238974021,0.6932045805516859,0.4394215210955851,motorcycle
0.7515608018219401,0.8729012065315744,8.135351419344062,43.967079229914816,0.8865677018344938,0.41557651152153186,motorcycle
0.3794230976595845,2.231022584765767,0.7721574837826448,47.83835213142983,0.7054577822241177,0.39871213881843165,static_obstacle
1.3173767439696207,0.8313649387692759,0.41518615995064445,43.15605615169357,0.7624438018531533,0.6855242872730005,static_obstacle
1.054359726671357,1.9930421892756138,5.808473614518878,31.518401275625042,0.8898296880559823,0.7837488084314397,vehicle
1.5317567969441939,1.8897881399038772,8.808393069154999,60.094959865083105,0.7626177597086532,0.4854959237226604,vehicle
1.0417231576293735,3.037724033158135,5.599460232316279,69.17283107375935,0.7793647252147886,0.8498940468314793,vehicle
0.9012711415178428,1.2692998828639452,0.29581451502108236,53.07709026277573,0.7620003948393299,0.5736549243406046,cow
0.42760989587878256,3.118896213127431,0.44730780380167273,90.77999767537374,0.5014626669409933,0.5048323596454971,cow
0.47113753500497074,0.1,3.2034859776576092,86.48358694361846,0.731540514590792,0.5911756888849945,auto_rickshaw
0.4834536501245491,0.9712859695535543,5.2344547044846195,72.49882859419778,0.6965637153909205,0.4334827104555864,auto_rickshaw
0.05,0.5369116486012239,1.448170518561948,88.56698675381867,0.6465605741137794,0.22126062256750406,pedestrian
0.4547959567784279,0.9652788310295533,5.334157014095598,47.5052867895921,0.8301974401636988,0.35426684438242195,cyclist
0.05,0.1,0.9346346969563417,82.37559051520093,0.6541694507242084,0.2609485635281812,pedestrian
0.9005372993319523,0.6305712448983449,5.701619753310733,41.33809494305119,0.7372176448338625,0.5422847559348688,cyclist
0.8345289188507199,1.9286259570324482,8.35019605107933,88.61687242311413,0.585176467141241,0.8470525114396031,vehicle
0.5755217329325393,0.7939210064467741,7.603460388777392,23.749425217403576,0.8084146650719892,0.48927553273928076,motorcycle
1.0106443664011744,0.7063283169702814,9.883267079458193,42.75856800740406,0.7722667595095368,0.8331336452091987,vehicle
0.05,0.423441400974282,2.9536624467163084,37.60658893306115,0.7271345954908425,0.42422660020264746,pedestrian
0.26111146761392245,0.1,0.0,51.12272337075653,0.781803433928265,0.20476113786822114,pedestrian
1.0171253397257143,1.2867160530609905,0.17774030990639608,11.619543107865129,0.8406699482955134,0.6319402091978009,cow
0.656539806112674,0.9770036805111968,0.8261738351214426,32.770984783002525,0.7976389668262266,0.6531570423932568,static_obstacle
0.10335950860790798,0.2962756746499239,1.9250133389012583,13.451896834792707,0.9120303384282323,0.35867241033670916,pedestrian
0.29281841676071574,0.4208150581922123,1.5625098075544932,34.61696752010288,0.7569048266863789,0.3661735150611888,pedestrian
0.7456103559758854,1.3974447675379997,0.31452920995243816,82.09113768409091,0.5697335749016932,0.4499695021392562,cow
0.05,0.7629182841277544,1.640036993579815,64.08243657771484,0.5421165288543832,0.18420839192645794,pedestrian
0.7305874977945728,1.1633299839531013,5.862074746758543,28.44657008923721,0.8314366795306605,0.584697286847311,auto_rickshaw
0.908044483820742,1.8732827932927112,0.28503981780728294,44.8258533196306,0.7285032851398604,0.5131821713090983,cow
0.05,0.7499214614907541,2.298596706380211,43.992566842617535,0.8028384197237528,0.06261390199670125,pedestrian
0.05,0.1,0.0,90.24522725351837,0.5811493971518017,0.23416257329509702,pedestrian
1.1665921152547745,1.732205378738604,9.906896069392422,19.031111918595215,0.4065516690139499,0.6680753098257279,unknown
1.0134458442913112,1.6282856164594244,13.803225715520721,50.64835430910365,0.7584234980563336,0.78868835233686,vehicle
0.7310663711463954,2.7779407420817757,20.1147945719712,76.91660775375765,0.5059704619426859,0.7040467106767445,vehicle
0.6859813697170626,1.2580389185909813,2.2131181530288724,14.417402623486304,0.831036280464607,0.5143300306860744,auto_rickshaw
0.6479138357850096,1.4246760384293617,10.571797602616066,63.1183614377619,0.6731487748426802,0.45282571579328484,motorcycle
1.1428150066422942,1.2105320940136564,11.559493547770058,39.8562056307797,0.2009706544601434,0.47951488701157874,unknown
1.173825751375566,1.7332582613758638,0.0,33.11653079116686,0.8940932999551242,0.5051286714003275,cow
1.390406020244443,1.7596141126965958,10.976641397855358,25.700040729355987,0.8910380537011133,0.9032072357221148,vehicle
0.08722137063474136,0.28662487220908295,2.7964816442620846,42.82612340488296,0.8080206051390394,0.29505235423025744,pedestrian
0.2598527597375028,1.2671252421844577,8.1383752190616,64.55075546457773,0.6736868577777766,0.5214095502791519,auto_rickshaw
1.6373770679085407,0.9939494221505594,0.0,81.76605023063739,0.5894198024795427,0.6204715618488927,static_obstacle
1.492993161904716,2.2881397486875903,11.406610493342916,22.515732889210867,0.7907405016189184,0.99,vehicle
0.05,0.8750025181281684,7.85723810063536,56.24016815984846,0.6949746013724476,0.6026676231006873,motorcycle
0.33849668000933686,0.5699212631670392,6.967059826769493,72.95725959095117,0.717063824143904,0.10430948753776106,pedestrian
0.6004829191908349,0.7006142563237449,5.682034274077436,17.652634812400727,0.7903637538764688,0.5103558561656318,cyclist
0.24076936871175325,0.2822065196932839,0.8650135201067707,68.5591687368559,0.7260365970930085,0.12460381342253041,pedestrian
0.23375850785667976,0.8872003789047856,3.535644223346082,52.691954770485424,0.7198319181901881,0.6047338574552353,cyclist
0.11810571284264965,0.2548829517281469,1.9989817176062892,16.89290403528745,0.8637787668820465,0.26930054315063834,pedestrian
0.07534652967310643,0.43479016418492833,1.5004339680994234,9.369538448797684,0.7942384260743008,0.3841671318418358,pedestrian
0.05,1.1787275945390039,0.5489781347861599,71.89692550762811,0.6515426945442429,0.22087663547672146,pedestrian
0.9588117260564005,1.4210142640781958,0.7710448960519591,66.97645720654984,0.6540492087519144,0.4248987810626041,static_obstacle
0.05,2.1794791292442772,0.0,92.2385482942403,0.6295434441227427,0.37777968790529437,cow
1.8341478166116794,1.9578542311745308,0.10618952567359087,89.19909855605896,0.6449056352917932,0.5248847982823577,static_obstacle
0.9482842504225453,0.8394086454718761,2.4862610085987926,71.81784606842584,0.5013006018754395,0.4139742006298887,motorcycle
1.504198403835258,3.13176099268614,15.251056155422253,82.61639170637802,0.5465348808600337,0.7844306780852335,vehicle
1.3208532909806978,1.9119224394544934,12.81931542847036,34.61862922832836,0.7652718973507608,0.8638411221971669,vehicle
1.12419009703583,1.4540676621492783,6.845673587944723,89.6361235035967,0.5971040490682604,0.44724414526746525,auto_rickshaw
0.8423126501640508,2.285254194782727,18.054864281424113,30.505792511353444,0.7403798665613258,0.9333481926045877,vehicle
0.28301168043107,0.29840158011000484,11.971109773691877,48.92541406426966,0.7602456967666325,0.4747189575918194,motorcycle
0.23395998948442526,0.5267494384538979,1.2378895313825067,9.72429655577269,0.7709094893068303,0.27581022515916975,pedestrian
1.7823862641213193,1.1537446894484025,12.789106852463458,80.77775228656441,0.6736467798300472,0.34529232256514464,motorcycle
0.9860344368374204,0.1,0.0,83.68266890159025,0.5495872666615129,0.3477223224695587,pedestrian
0.05,0.8367943101162734,10.671544623500326,69.60810660181373,0.6364348218521454,0.39685817503615883,motorcycle
0.8032508048830205,0.9161011224413946,6.505082137215902,62.28772784725852,0.662526317982364,0.46745120155262926,cyclist
1.2169605603292435,0.5248491190005771,1.902677363949302,27.015140306257262,0.5548664941487434,0.41230876169258734,unknown
0.05,0.1,2.969681885799491,86.41904561679468,0.5632861296365662,0.12358943100251758,pedestrian
0.45400273089748644,1.5312703685920077,0.01744958603389668,15.476028604733827,0.8593807387397627,0.6735097317293942,static_obstacle
0.36848747301970114,0.5794175012838891,12.27889514630887,10.270643946843052,0.8252230688269073,0.5222810212453751,motorcycle
0.34886783061799914,0.42575975559937723,5.996797845970152,15.317594922713615,0.8912732170378862,0.5439789024400656,cyclist
0.43492493946595345,0.9081722529430711,0.0,41.31704898565064,0.7112457092355311,0.6187060951252028,static_obstacle
1.0044801888248442,1.1002750859727108,0.2442274468833137,5.39365840547084,0.8693052109593886,0.7414565741647128,cow
0.26936506513517655,0.9485973325611037,4.017672500002547,38.462269214708215,0.7984539320191051,0.48970533710167896,cyclist
0.5048692007177742,0.5198533508650421,1.1402143118487547,47.02706682474181,0.7097837326726041,0.503474010688189,static_obstacle
1.5440716503304985,1.6229266741377248,0.0,78.57791743623086,0.5995396566633058,0.5611155083149786,static_obstacle
0.2752238359439715,1.39572770910076,10.559933354664933,54.09393332512658,0.7231881755247543,0.43078654331329913,motorcycle
0.05,0.26023245356500396,0.0,66.47721561267218,0.5946405688964316,0.2902549772468999,pedestrian
1.4340862658143723,2.3579387628626787,8.841674397870813,58.50935443504915,0.7096978896404881,0.76468554857888,vehicle
0.840769178460123,0.47105401246005857,8.676943374331259,34.9051163352797,0.8629145799639626,0.41732631589151986,motorcycle
0.31160302175674864,0.557547783395716,9.181115220226308,7.247381039071808,0.8702039092394596,0.43387200911591134,motorcycle
0.9734086316975318,0.3541592811881733,7.397943860389543,88.82692950137539,0.5868830365412211,0.552469856126365,cyclist
1.0520283896342224,0.7958558372114749,0.0,25.06770392089839,0.752156803592199,0.4732053816938624,static_obstacle
0.7760267134230259,2.4414359008117006,15.111252600160014,85.02671298567886,0.6490708501161866,0.6295194062273103,vehicle
1.112326734320411,2.0429465886416707,4.548187040691227,46.27443917051077,0.93019703399515,0.8129175822604058,vehicle
0.45239593707339254,0.7204885435825332,3.7184092283645884,5.3182961332902146,0.8585410596881828,0.5958393425103398,cyclist
0.8544081102328808,1.3741713235384734,19.705796354467644,77.36205105672178,0.5940743681117177,0.6243026272578454,vehicle
0.453382569710872,1.162051019813591,0.0,63.079773154656955,0.6572661311909169,0.31986836263827556,static_obstacle
0.2548095081641727,0.3858745365047223,1.2234249223023108,8.870194890011472,0.8001541584471125,0.2697494841691383,pedestrian
0.05,0.6690210452161296,0.0,35.36535481238898,0.3202338731435225,0.5209460193481564,unknown
0.8748397445942008,2.2247875151071774,5.416690627522912,77.75441881155045,0.15,0.40081635005197636,unknown
0.8129044154039385,2.075511989549052,2.024300588630799,36.99138666957248,0.7486564261402964,0.5446885423441771,cow
0.5775341055539644,0.6486149463933888,4.044221209766828,48.15870125956055,0.6912723421266986,0.5158229086431337,cyclist
1.273976443787081,1.823116837941458,14.95095007161407,85.21363840238585,0.5273163565328804,0.5683735230144153,vehicle
0.6221895827234102,0.11740691267565484,12.09862084720264,67.96030635064699,0.5916390593924079,0.42428981594698467,auto_rickshaw
1.0126260083674232,1.478206528331922,0.052102956536402845,18.058050197522444,0.9865532130116161,0.5934575038339439,cow
0.9495007745670385,1.5582342894272034,14.449464102530628,30.756762201572055,0.7861743552449735,0.7936348964528694,vehicle
0.5817578796647842,0.3562266557950192,5.498783368747484,53.46469856705537,0.8088283878621363,0.7212608945173064,motorcycle
0.4979979419392528,0.9954136328247346,1.968207147955558,24.644253456804748,0.9273294819215935,0.42132975657960114,auto_rickshaw
0.4002795244813482,0.1,7.903255935615961,56.366936755998786,0.7607504475548255,0.3164626407239709,motorcycle
0.684880096309671,1.2128774021090036,0.0,11.280720560041829,0.9020381660205041,0.7346594469563567,cow
0.8861562499096513,1.2729809910586065,0.0,19.78681855572251,0.7806794012639907,0.5594411207273937,static_obstacle
0.8899337407177373,2.6562211197938175,12.918325083560415,41.66193304665049,0.733186562081092,0.8976763453286085,vehicle
0.4824424133638399,0.1,10.680622457088784,94.4987902288487,0.6220163908351701,0.41301453250038855,motorcycle
0.33634440093419615,0.7397691406815047,2.992914394747861,67.48472717922766,0.6401463832993192,0.3587269183561729,auto_rickshaw
0.6005153920029457,0.6314217001910127,2.397335687802629,82.21617098577575,0.6949216800822983,0.42791900678879397,pedestrian
0.05,0.1757601440936891,0.0,78.63908012334169,0.6585358503647228,0.13290320137550166,pedestrian
0.9331337142904395,1.9308788876557874,9.364051257485395,38.611779511344984,0.840761840392309,0.8453034131788147,vehicle
0.6609157313393149,1.6479343114428295,6.833258333469711,44.27160748732505,0.7215458483452245,0.5135790501087757,auto_rickshaw
0.5354221601333752,1.643382456940405,10.994632892111703,52.98805979321362,0.29551519811557436,0.532099464988366,unknown
1.5267409630203728,1.3570159944004974,13.869762893622523,15.800247465519925,0.8230023119179887,0.768189112605917,vehicle
0.8548208316945137,1.2409655996527906,0.0,61.19824344659532,0.6598245110686229,0.43306873360715425,static_obstacle
0.38295791258650924,2.3640986279501766,10.130812246033784,31.808869837051404,0.747121455325711,0.8676399178594537,vehicle
0.45651712492518515,0.44901171866982154,15.162818812576385,15.945634113768444,0.9236270802804473,0.5422075122637079,motorcycle
1.0512274745865229,1.8234108478035824,4.676400872832723,69.96778159055005,0.5974514092582067,0.48847095752535213,auto_rickshaw
0.6365480323762837,1.421974090989427,6.13678317853041,45.539689588333985,0.6493166978983196,0.4069990116723786,auto_rickshaw
0.29089871790253324,1.4116698972272776,2.831903178784398,74.4498444445432,0.5439055413098053,0.49820143429346936,cyclist
1.080179839979653,1.8769072366154465,15.50785144063511,6.775888610156475,0.8449137151877578,0.9036076389861782,vehicle
1.4731615442855883,2.0056590941739465,5.394500603045778,54.18644405155071,0.8143469562898213,0.7540202311190868,vehicle
0.05,0.1,0.0,67.57510112306693,0.5760109130782883,0.25944913747911313,pedestrian
0.7029696234534552,1.1789027155767051,4.713021730516828,8.068612806794324,0.8205532858001789,0.7001953143872646,auto_rickshaw
0.7923196718905012,1.073403334035792,7.998113154126034,12.647285368902436,0.8575833474318183,0.4918648440657747,auto_rickshaw
1.062485538736909,1.5580617498450846,14.65798624313757,86.89595569453483,0.33867850435810914,0.41887706928533097,unknown
0.3393002662227249,2.8861824502031825,0.0,67.6299521910712,0.4600675223509247,0.5316017068091506,unknown
0.7410071353263674,1.5462168304502049,0.4847855543491624,22.711112023261947,0.894062698354007,0.4740692915088952,static_obstacle
0.5070536670822965,1.6438179180416288,0.0,52.086476076639435,0.7062887220562727,0.4015854066850558,cow
0.28766970693003235,0.9774880392594598,9.901062437687822,55.53721388958306,0.6462367460092215,0.3542470060092904,motorcycle
0.6864800287885415,1.2991729185000476,5.13650313638224,7.156524661184283,0.9394002858193352,0.6810629762587668,auto_rickshaw
1.7127445771702272,1.8696118603190868,10.309502130644578,29.57259161082734,0.9058287832547581,0.9640876772998118,vehicle
0.07653815241383438,0.6330408468223061,6.4852991807098785,41.61776967853698,0.6561505039088743,0.5950800262442435,cyclist
0.6450207609872012,0.1,0.0,94.60478403629835,0.631292304282092,0.21801926663989027,pedestrian
0.4314965732127674,0.49518594683860934,16.465850785800164,34.47925438446436,0.7702241138916978,0.4483793394463565,motorcycle
0.4438867559255009,1.4810786577935957,1.1911905630208754,57.86223855970056,0.7018018119744707,0.5606043491908905,static_obstacle
1.179522533182193,1.848857296481745,14.804196980973968,11.562531073430485,0.8842316192094838,0.8641332125433758,vehicle
0.9334804121008116,1.5250894248885258,0.6364035400470496,27.186916625543148,0.7871336612200199,0.515247476769167,cow
0.4966837271388398,1.8790210351476677,0.0,40.2760526127937,0.8584712161395562,0.6291764386285807,static_obstacle
1.2958371853232988,2.2991171723955586,12.059628220698984,10.310300059919026,0.9862019697031748,0.7376200472932908,vehicle
0.20890456219442927,0.1,1.1766915198966486,51.93397595353005,0.6424311459949916,0.2317736661980191,pedestrian
0.4122493965701921,1.3620086517854266,0.0,46.99586762049621,0.7363083224928386,0.46537550367588154,cow
0.5878367643220116,1.141180697655383,6.198050006702994,60.723242244427105,0.5538235127456748,0.36204814077597836,cyclist
0.8679707566646675,1.6796985590411881,1.9932977767434574,38.727582455848435,0.7821654098879045,0.5133422558554804,auto_rickshaw
0.5505984149840806,0.9210713881594892,3.7466599030696015,20.17432952442881,0.8760633639292169,0.6301279598253716,cyclist
0.46014267923032176,2.111992894875039,5.092313090462418,63.113931027107355,0.6495248274778581,0.5012825668770282,auto_rickshaw
0.7419686134921027,0.8836713661418818,0.0,93.36895667173452,0.5083986332845895,0.23069624962642785,static_obstacle
0.2540245481173223,1.4082375085987133,0.3431227433066276,94.02613099410499,0.4758823782451893,0.51159225439779,static_obstacle
0.05,0.6745704257250007,13.348205854472958,46.57995566277873,0.8237422390547982,0.5522903458830053,motorcycle
0.9556882580083678,2.0738835212446602,8.836709489905493,93.70702580789336,0.4906492701246026,0.5842787494111745,vehicle
0.5337205491646178,0.1,0.8352463016289208,64.57259571421336,0.6167790165972152,0.31368754998851556,pedestrian
0.1213877109620318,0.5912200537597943,0.7809408104064998,24.04155258403721,0.748544241405317,0.29781135423911764,pedestrian
0.6465979308990663,1.4256696488328786,0.36440007673298747,18.73876820005463,0.7783811778062829,0.5856089046126994,cow
0.05,0.8476635532534759,1.2457348229349263,86.07811049614213,0.5511870819558435,0.4844509347387138,static_obstacle
0.9165132346185213,1.7367732460628926,0.0,28.472758447349868,0.8428432869659517,0.42213966981737233,cow
1.1971539224603258,2.5717784262391357,6.566491693228503,25.73797746329035,0.9183049206328756,0.8654668534643142,vehicle
0.5802446437273183,0.1,1.44205336076385,44.097812430649654,0.6884403502785129,0.3517232468268467,pedestrian
0.5586329259491915,0.48241776160185734,0.16264040571206084,90.94007390083321,0.6158548599320097,0.2184703353651955,pedestrian
1.6739748311534064,1.3729125977767385,15.280586714289843,94.84762373437893,0.5165103284747843,0.6063544156708491,vehicle
0.779099359383978,0.9402482168418312,0.0,30.999856943680406,0.8201733310886887,0.6182159652289204,static_obstacle
0.4379532922061373,1.2457649768100654,6.97636038063885,66.21920338403012,0.6732076527714225,0.7756841435469647,vehicle
1.2525139472151046,1.6970353517104375,10.779339886227753,24.03757632770723,0.8753514465955597,0.8765978924532787,vehicle
0.2546214459178088,0.3696557859420661,7.266655477474238,80.60694437189517,0.5724288317423561,0.34608657191120884,motorcycle
0.9711849834762253,2.3632892896446673,12.943655083085691,37.43706257161503,0.71066814948782,0.7504499297022896,vehicle
0.4749334453429672,0.3173477702885356,2.750606522928143,34.77802073411553,0.7632848480457056,0.6820689358737074,cyclist
0.785970190563477,1.1665073026304724,6.3749111500412505,31.66428523590225,0.7152176878657364,0.5433479835013268,auto_rickshaw
1.0361994701688142,2.548223274626563,21.23047244362475,94.25428059086931,0.5167674467921461,0.7768377897067645,vehicle
1.3878915019770124,2.5592223803480554,0.0,85.98915685140369,0.534563169549417,0.30299634610515824,static_obstacle
0.5658620317874739,1.5341732620073556,5.119476021205221,38.2388849790508,0.819359499865119,0.5646579312476412,auto_rickshaw
0.11419892879723016,0.8831109125076778,11.871149621316386,26.032164389878574,0.8947285603144512,0.5286375344441738,motorcycle
0.22552516158351377,0.1,0.1124619367641615,47.368419950093205,0.7281264351920127,0.37496825798378625,pedestrian
0.6157714103025189,0.5626573427467283,8.042337818228454,12.353356364200588,0.791389136782564,0.6409821279905051,motorcycle
0.608326228018097,0.8531558253371798,4.270547864583475,30.06342104385102,0.7146105196563703,0.5122499750751824,cyclist
1.3746259123096414,2.271831837493601,7.834039604737308,81.97775313656108,0.49787097375478595,0.7260095537413991,vehicle
0.3640233960573853,1.1486179910180776,4.4804800891746615,48.547521526155826,0.6808216279417179,0.44472535501765437,cyclist
0.7522651615414447,2.373039762272761,3.4955365310086597,16.524962464719238,0.5074252752569783,0.47267221019721384,unknown
0.2769841431580713,0.1,4.699407394710164,93.85825839895949,0.4453495997614706,0.44356443446595484,cyclist
0.6016442146425328,1.7765040630029703,7.9641627221035804,72.68534316053314,0.7798801087918548,0.6697835614496346,vehicle
0.816629512161454,0.44897002220586146,0.0,80.35608731526365,0.5594764820234365,0.37085387961549043,static_obstacle
1.0508925101004598,2.622428443548263,3.920214153678584,24.62691038550377,0.8960060244542869,0.6373742765748743,vehicle
0.5031310546558941,0.5763524687732962,2.875770700876955,51.47296866936832,0.8248066281366472,0.31452050754879984,pedestrian
0.2410930726663506,0.1,1.3036870623782564,37.701251011836,0.7821926982443747,0.4471265285613011,pedestrian
0.05,0.6243077043450173,1.0164068488482005,60.17353308251471,0.7107182500840491,0.3906331274002055,pedestrian
1.1202544220680248,1.6046039272882664,19.73478156740373,43.71064462469216,0.7916575126664969,0.9063994728057445,vehicle
0.05,0.455144934644292,1.6859752556699887,39.35388371841874,0.8065692531454242,0.3144830832739563,pedestrian
0.6331170364069323,0.851471669839815,0.0,72.53178101675084,0.5965291890301101,0.6337850147643246,static_obstacle
0.8657663881843557,2.3099113005302176,10.920909052471764,24.214765451989628,0.9152757252480936,0.7831322869796673,vehicle
0.49682345312185927,2.130995550875617,12.813092651888915,43.15435303042233,0.836256270867978,0.99,vehicle
0.05,0.7831609083805696,14.501540566345199,49.27247777771391,0.591885607055294,0.48457657070297716,motorcycle
0.23496847689331118,0.5609752422574874,7.695729539687074,35.08217367414182,0.835138565186465,0.5938383144901492,cyclist
1.0050779498323292,2.012170345424498,0.5504238727350268,38.40567086202017,0.7707381558202363,0.8145995798527959,cow
1.172683603620653,2.052756292067492,12.679216646090191,15.254436481518677,0.8930252379744152,0.9772204943385319,vehicle
1.3054394223917007,2.7477180270717683,19.628379912926103,84.85619015995965,0.6668097484910256,0.849950331762805,vehicle
0.3815557613346017,0.3237530695211427,0.02016896582689731,39.88097044698489,0.6505873973117583,0.40988802612604686,pedestrian
0.8116977455438257,2.525086990858748,18.851453181986315,61.8792209718322,0.7147354833368051,0.7849176656026003,vehicle
0.8188519678934234,1.7263676229108238,9.26143675664913,20.28945876447424,0.8131461149823312,0.7088463024146349,vehicle
1.5006222427331635,2.430519425282952,14.523746388606423,42.86841869988147,0.7730857486008047,0.8774050232274777,vehicle
0.4410869211662506,0.2586604611594367,0.48305442709652247,50.294340329052595,0.7143937030482843,0.30344208927491956,pedestrian
0.32298636391691593,0.2994116537940049,0.9188296742571105,11.744961142864714,0.9207236462749375,0.42703621203169073,pedestrian
0.4753133147768346,0.5646417223365509,7.524348196306082,5.908136451969337,0.8495822159726342,0.6227457615612059,cyclist
0.9289211783031424,1.7322986403275131,17.947646312199637,57.39092337378524,0.6056374192500149,0.7677914498057369,vehicle
1.3861905769335778,2.5317437682623796,20.58058109334876,8.812573875750383,0.8867704046058419,0.9062486447776349,vehicle
0.05558398169924078,0.31630766060349974,7.253273310970187,93.31954620245985,0.4899414232865965,0.5049012046435739,cyclist
0.9245509911505723,1.544224894195129,0.7539753183582438,22.489371848639685,0.8303746354533651,0.5732492786565075,cow
0.05,1.694834661356205,1.1758830851131314,90.54953347493807,0.6107192528014679,0.21219992887760175,pedestrian
0.34138575819299216,0.1,2.9099602400368996,67.5470714545262,0.5679355185740961,0.52664872018368,auto_rickshaw
0.6901796170366153,0.1,0.0,69.13201489225347,0.6622817562577642,0.531168608330423,static_obstacle
0.4042003284434689,0.40125530431812223,0.7491419271178206,34.78177247702234,0.7276115162347163,0.20618637135401657,pedestrian
0.7952154452102922,1.0680316866573238,12.980228356000142,68.30068590670392,0.6162601893440164,0.44041843337721304,motorcycle
1.1288882337854256,1.1185455646019635,10.447716388385784,47.52775717798107,0.7186171192415789,0.5922840392857661,motorcycle
0.22538040633422218,0.29833414965154353,2.2131954792288733,9.070666782819343,0.8382121522220861,0.4080317102537497,pedestrian
1.1545069515535384,1.7024242341790619,18.094298665514923,67.35275544641905,0.5839069437277205,0.6978599064475319,vehicle
0.46516566138059123,1.0171057794322238,10.204512784607308,47.34873374413777,0.8020579874114389,0.2891664232491885,auto_rickshaw
1.0882420098745342,1.4362620831584192,0.4311601966523842,21.73115404006403,0.8356431627815113,0.5768887279613636,cow
1.4778927495556837,2.4368891473590693,10.000616694806519,81.98025172720833,0.5117625357893351,0.7217974230368268,vehicle
1.3446081728919892,2.691189479615502,9.91638825249859,26.066858358570368,0.7152529945527664,0.9729370951097744,vehicle
0.9777194972243755,2.6860236030596165,10.07726223107575,20.279924578230993,0.8135603579180506,0.8299398799918245,vehicle
0.6569167280237218,0.5554851433345652,7.3325037127474095,21.77724624496941,0.768981311509982,0.5052673350975585,cyclist
0.6910241161058148,1.6280299449741507,0.8384478770933763,59.117752743323365,0.6806031974212203,0.42046554561999866,static_obstacle
1.344042215283426,1.71330349371803,11.105330663206209,26.179299586377464,0.7494564292993147,0.7616588537484555,vehicle
0.6427035123444554,0.5972956984734346,6.279225019195571,13.356057787755846,0.7275272674824647,0.585984792432467,cyclist
1.2534127360252703,1.1554190338282158,1.9332148360342984,46.36283052914995,0.7469085291593504,0.5901246469237017,cow
0.05,0.3644855992734598,0.0,45.26418403742607,0.7182292804264239,0.4152484966553716,pedestrian
1.0771771574720306,2.138054452980632,6.596588176547871,71.94787527993539,0.806948052033033,0.9023416645824721,vehicle
0.49628911165263595,1.2362200327337214,0.0,22.782612724548645,0.8107648079552914,0.4280713676007457,cow
0.6406831980134958,1.1129180193367434,11.066463339070351,38.510403654684296,0.8792167133038664,0.48249463928766056,motorcycle
0.05,0.33122289802162286,5.191942840772099,77.53843300745298,0.5556246335642221,0.43533869691457544,cyclist
1.0853508578802105,0.1,7.613762448790972,83.52100681261773,0.5612157098869135,0.5848375081640387,cyclist
0.4775406745438753,0.9881895928070479,0.6797161943688519,38.380128101458254,0.7680747038922717,0.39872636377442566,pedestrian
1.3319927495885695,3.0988287126542238,16.42858310565481,85.60143311747686,0.7425505312106392,0.6160127409208045,vehicle
0.5406869662354528,1.066396735988754,2.3865772929390343,70.74789177829948,0.5281169284114209,0.48679253644681897,cyclist
1.600521886070469,1.021800692394601,13.015367237575832,86.25443105541395,0.5822985004259503,0.675358464289877,vehicle
0.9444948323154386,2.1934555488823984,17.131858741415034,5.725246000598165,0.9132546856432948,0.9055993734755327,vehicle
1.550651925304945,2.6832361425268276,13.191349177102456,68.45719353654125,0.5483099676452459,0.7365944344472681,vehicle
0.05,0.3807762636086639,0.49993193408368086,9.679408827017028,0.7840475305000515,0.4115714764233918,pedestrian
1.2388640316462025,1.3866906430691999,10.948569677096598,76.40974322349192,0.6545495114623266,0.8742415926265703,vehicle
1.8259247337000597,1.6497070390137505,10.269749032735747,83.44226527290344,0.7051583380586609,0.9352252464929116,vehicle
1.0645974129827174,1.9404569127560611,7.971841691280481,65.01526526851637,0.6691452901912974,0.8917717499349317,vehicle
0.39766240797869606,0.12706377259425045,0.9560331762865657,16.00276458861029,0.9572254627019015,0.40042212507066643,pedestrian
0.1572670147493339,1.2727447120195894,11.92865437387946,69.55616133235135,0.6504838557089889,0.4641141584124225,motorcycle
0.48424017545786646,1.298269605796761,0.0,10.748820547569958,0.7843145189502807,0.5831235192719517,static_obstacle
1.0351831668047609,1.5171830396380557,0.0,53.405404083437695,0.7039764396448555,0.34538896630270616,cow
0.365196054681977,0.9003632427527422,6.681916146555487,87.83508483500331,0.40016341288847856,0.5751609052047484,auto_rickshaw
0.3098315292621606,1.0944624375342096,2.3673237263350018,25.557661114874225,0.8325222333031045,0.45474652915632496,cyclist
0.1599925716990166,0.2680880592044677,1.5403788981775512,6.6006627136235085,0.8851114131764195,0.37229530541991074,pedestrian
0.612413471594283,0.9595849181801798,7.753478097522602,17.921971710373573,0.7104923680726327,0.7220505658510503,cyclist
1.5938014686608977,2.2838916393987594,0.41706127783571806,63.0587701078388,0.6106752686482603,0.4431363697828081,static_obstacle
1.186300848817794,1.7036731455431042,0.27658847677755616,5.127639812052392,0.9291189629143822,0.6954874490873089,cow
1.0498070729111548,2.1883862708480186,11.21559909655803,44.94153568817559,0.8559743842985542,0.7823049421870154,vehicle
0.11343683961237935,0.5178625993507434,1.6778393073894295,45.782269833064966,0.7341683359894805,0.4014887922663293,pedestrian
1.1312044738233062,1.95919807114354,7.301015427445594,49.14305664872605,0.6947927522958874,0.8219213373186792,vehicle
0.05,1.8258196707132655,11.9899054096222,71.74947998462798,0.6474896856990913,0.7012219482762261,vehicle
1.1953269197047869,0.801855971703249,0.0,55.120157444578496,0.6046834154361961,0.43484703701188526,static_obstacle
0.474131866842548,1.3313737907670526,0.0,35.62027173701528,0.7954413220691816,0.6557682590514592,static_obstacle
1.4275935855003998,2.2660059952977565,15.370638766532549,13.543880860905627,0.8484077465460953,0.7413684116894625,vehicle
1.1065290358299489,0.6157611550235719,6.292526881381868,34.52931282576396,0.28288567022039224,0.6766636818550678,unknown
0.9658271163927864,1.5252290542673403,0.0,22.164552770427076,0.8824488799651126,0.6953719499577982,static_obstacle
0.8744486087098748,1.700532769784904,7.930648210579104,67.74258325512048,0.5960133799624878,0.8477417923471798,vehicle
0.5534024612789871,0.3559711125604177,1.1632261388453466,27.755040484864512,0.817675815464347,0.25109572828847015,pedestrian
0.9108519264808562,1.983871672410263,9.8058335085139,16.09300579557936,0.8728216153120874,0.860068687682214,vehicle
0.7960428429067345,1.953042501724331,6.507258503893461,27.245727013506585,0.7834152526710657,0.8850850611254992,vehicle
1.2686134647439593,2.3536765165251667,8.837377156131922,79.83814752021877,0.6084303282507281,0.6664286025693751,vehicle
0.8891829523997451,1.8479763157131417,13.062510439344992,46.0616039648002,0.8797953162006813,0.6406582411627864,vehicle
1.1540394277637689,2.3697095105838666,9.603093941597223,31.74054423150577,0.9144175894954977,0.8155431584615374,vehicle
1.6267890050753602,1.8063680423394501,9.302737228745153,32.83304994259569,0.8393399758728983,0.99,vehicle
0.3874345887168826,0.6959610472791777,9.790602014599637,14.314775323421092,0.8832087097738965,0.6102583110090287,motorcycle
0.2805034608777219,0.32226849761857873,0.7694446120194675,9.341971082288753,0.8759481666659203,0.582514300911648,pedestrian
0.27288011395147527,0.27384710092579473,7.128560645061489,67.24133399912506,0.6746812437895339,0.4482263207527018,cyclist
1.144828828906273,1.7624109318240273,15.175219243378628,24.17117756293184,0.7741667221147491,0.926707244951784,vehicle
0.8864614849977586,1.2185898319773802,12.73978882628839,35.32224529323144,0.5440455543607655,0.5628441233256635,unknown
0.1636625115749496,0.5902985768541047,1.1971075707057446,22.080100408810182,0.7742260009915259,0.4775909050176103,pedestrian
1.6866451495028318,1.3888133377234788,22.040376870838898,92.72632496914541,0.5990224898935269,0.7941974943443217,vehicle
0.20250991889752892,0.2565307644777498,7.545209739283155,63.54994809310156,0.6320335278059325,0.567090399989899,motorcycle
0.6405884952860614,1.1813744728566626,7.0542040125544,43.19043258166481,0.8102596286329411,0.5070029794561121,auto_rickshaw
0.6842776182021073,1.079924211051924,5.300002829443596,87.46437536091783,0.6771315922714916,0.45594308869754835,auto_rickshaw
0.9061593902014344,1.605728665895424,8.91781584224275,29.83302977612928,0.8291906734528275,0.8429846583852719,vehicle
1.5560822103777585,1.9132537901441165,8.849860848697032,27.032966605481068,0.8173746258910994,0.99,vehicle
1.1648308778923646,1.5150648549910606,0.7558846461737899,57.98225483270641,0.7922115321755573,0.46731069986066986,cow
0.49587829658317156,1.1980884744971192,5.895991041277051,84.22621367120871,0.5494346391083591,0.584017709509875,motorcycle
0.2114324037045771,1.0819859498814728,0.6182279109114321,44.785463935480074,0.8811507419889169,0.32129865690601855,static_obstacle
0.9272354250007778,2.00726306632168,0.0,16.371041182538004,0.7985438447273364,0.5339958019478287,static_obstacle
0.8489402823003327,2.027955607881336,6.382785363380446,35.94316132715805,0.7425220535894888,0.8370995046290071,vehicle
0.7800288311988276,0.7649243096557616,0.05523187184997959,47.056622272257144,0.6770756156621771,0.5192942089457914,cow
1.4552732230003262,2.091354811201112,8.49638971842322,30.70839836462497,0.7755945164436284,0.8936895862275721,vehicle
1.2002648614258649,1.7286682308521755,21.5906499476919,55.48345214398352,0.6507623477202671,0.7159507006139814,vehicle
2.001257852768098,3.09196468476965,14.123687016594296,80.64432575741722,0.6460204091929502,0.8096061817641708,vehicle
0.392273644842347,0.71102604734281,10.704028730147577,90.04001235934582,0.45820113014063474,0.3548935982057575,cyclist
1.4814232911621374,2.8254479228912928,10.734393759766949,88.68209776769504,0.6164938141015301,0.5674674333202021,vehicle
0.5048205617536887,0.14970865178858087,0.8152578952240641,24.998648629638375,0.8088895681100144,0.3694925313839884,pedestrian
0.851179398212464,1.3044844943633078,2.3600659912436535,61.576894391256474,0.7045035702326976,0.5896403920947748,static_obstacle
1.2638852401196952,2.274322295036236,18.173995445369894,33.891209953577025,0.7028880550562018,0.8153277956804637,vehicle
0.2383787490201743,1.280451260116027,0.0,90.28458458644147,0.6457182339023678,0.4014722784164256,static_obstacle
1.5264141745443998,1.8406735747960847,7.822646034767431,43.660996952641575,0.8552273997203892,0.7197010541620609,vehicle
0.46947690456908425,0.7105798221958668,7.301843468633613,19.964693154389746,0.8409849844284452,0.6707435420931608,cyclist
1.0704180928586924,0.8511342957172552,1.8776078883031548,50.56153399374421,0.7922898612874316,0.4358897472853598,cyclist
0.11316102973170189,0.41510266144237795,0.9426461714067852,21.434125827405023,0.8604521111337585,0.07268584059583527,pedestrian
1.834609036166178,4.025498705945943,14.16453079944837,85.35475636369155,0.6750992544722783,0.8479953793994325,vehicle
0.05,1.7944431198392767,2.138312395229537,91.2747695039978,0.6160110177995671,0.3802557518268834,pedestrian
0.7871731929491561,1.1341545653378624,4.153928917451478,84.94797399342191,0.6229681962737149,0.3447307015374712,pedestrian
1.0744906089272894,1.6992339144526605,2.5949982776225493,67.67113604857528,0.15,0.6741843335466091,unknown
1.3297188502951716,2.7140529556701893,15.50190717161172,6.983528330087081,0.9129479128417695,0.8179506756026301,vehicle
1.523500751368182,0.6789975359862739,0.0,75.64992569812252,0.633739519616433,0.465185949651018,auto_rickshaw
1.5047070279371637,1.7574442800919345,16.00656134519414,87.83387152893425,0.5594616883667408,0.7859077859066432,vehicle
1.4467384629630635,1.0220176529238338,0.4585454324187481,58.41652029024777,0.6475582455562986,0.6932598191446814,cow
0.7500704241410104,1.3639186979315028,0.6629860159479444,10.21987890113257,0.8805023010469135,0.5559000018194318,cow
0.4239729114039855,0.2256871380868625,0.0,21.599015503712273,0.762705139216021,0.6815356156328387,static_obstacle
0.30085223165545466,2.1430675821253766,4.855005678357999,84.76984924226291,0.5728283368397645,0.409417728759551,cyclist
1.367347968297564,1.4804618483658656,10.740001872086122,52.881213079702704,0.8205974948080151,0.8623345495351469,vehicle
1.3843813520247017,2.1878409731467827,16.595539031997518,8.216469655472078,0.8100201906652851,0.9143222217255625,vehicle
0.23420809666719788,0.5980789155088092,8.062932696787549,42.67981521156854,0.7976592680366683,0.5964809095618064,motorcycle
0.3054935692629965,1.8603216292584064,8.525428210380184,72.16394551989846,0.6535838260027441,0.45833242108555944,auto_rickshaw
0.6139932997680901,0.49780676999759466,9.986770027847447,47.15685905219228,0.7735605888018043,0.40846946128071165,motorcycle
0.08583099265589059,0.21177362241751424,2.0431261856085547,47.21926774563409,0.758345793141025,0.2100339146394507,pedestrian
1.1735922415050808,2.108442372701813,0.0,74.5661041115638,0.5434698220432679,0.40672457575403714,cow
0.4474402514855712,0.8706702688064354,12.894517572795712,52.2896513137143,0.634202945876295,0.3444213803146507,motorcycle
1.2666880854437355,2.0694919449753453,11.270850400482315,49.87122952671997,0.8625196024985098,0.9173694474203171,vehicle
0.25035283445345174,0.1,0.44097964618892715,35.788550518348316,0.6829289729524608,0.44917321845849545,pedestrian
1.07962508437287,2.063268194671891,2.7730668015665465,93.42938853856394,0.6494399711233367,0.3655927488039278,cow
0.6802428782981897,1.4934863502583795,0.5646321237952803,13.011451226050658,0.9001025005241834,0.683923474687464,static_obstacle
0.06304327277924648,1.1313826202519206,12.031253952286868,65.94710845791069,0.6999203534344497,0.546618441630184,auto_rickshaw
0.05738499424421853,0.49598375220695157,0.7179588411576594,38.23971519376803,0.7356611150227971,0.38312871902571266,pedestrian
1.0508391424800887,1.7038599938815087,4.618096104017492,59.23696291570714,0.7130456150417303,0.6185128965047768,auto_rickshaw
1.4593117248382073,1.0532570584964547,19.11706163290492,75.82910750463427,0.6137006613558142,0.8736476060151229,vehicle
1.3834123462717898,1.8945182706918737,11.746567211029914,66.0265261089725,0.762618636872287,0.6563405301748655,vehicle
1.6245965506532116,2.1826699826355194,12.101953225697835,18.130032183495853,0.8753336433047664,0.963113961919804,vehicle
0.3992975679480775,1.0795916482311327,5.990114419823057,52.22367870640392,0.6555965627551376,0.5419846986698587,auto_rickshaw
1.000532436968877,0.8344865388000308,4.116134439487739,77.6461793182242,0.6928204769032636,0.445965218323583,cow
0.4803987449225209,0.1,5.770783771251807,53.933127768042574,0.545441797610311,0.5022993206205177,cyclist
1.7827677564523576,3.2624326161281108,11.901469164078442,88.93669691654237,0.5280141988378981,0.6854151891596841,vehicle
0.4360202258243163,0.6388508170727175,9.388485797007677,10.577753239056744,0.8600273090229539,0.31850217766474764,motorcycle
0.136311916491356,1.841123872646983,12.549421177515852,83.53509573898268,0.667991129802862,0.5359541909027301,vehicle
0.7340691358846838,2.0159265510955,6.977028285505691,93.00736704307717,0.6852988084800926,0.32838905004127256,auto_rickshaw
1.3464499980991496,2.532711910260817,10.568544961312062,93.02307699971165,0.6434216983636145,0.771665596564391,vehicle
0.9777897558637481,1.9943817095054097,17.975486138440562,85.08173725331507,0.5196086348383958,0.7524050327673669,vehicle
0.7051816905498631,1.6399239599727158,2.521340345477924,92.68588004113401,0.5758889359297644,0.5440981246815272,cyclist
0.8430586102061214,1.962060942498959,14.322282538670493,13.822109652463869,0.9341110963559808,0.9215157457209241,vehicle
0.8421783495192985,0.7643715488815872,0.0,24.032505317529132,0.8088985045040306,0.5632263493388743,cow
1.3164563744994813,0.29057592400244314,5.08338549230333,88.76372105195004,0.6545403192478657,0.45473569785865925,cyclist
1.448034327724002,1.5189153606296137,14.328023688106509,33.39927262804237,0.8332029651532606,0.7943205206522252,vehicle
0.05,0.5740929298547999,5.588903813105706,82.61757862427913,0.5288084069107788,0.41218751547986143,motorcycle
1.0540119699014963,1.630651670875352,17.927037168822924,42.791679292862085,0.831635720118832,0.8497483121394451,vehicle
0.49374280081036814,0.4087791914874377,5.136299156345535,46.99709329551684,0.6931358360041963,0.4304381295360765,cyclist
0.32579846707691534,0.5499175057863908,9.845387615389765,19.41154161661762,0.6733035794521954,0.6006945126892459,motorcycle
0.4689798426143081,0.9855024878867004,0.32966955793585445,15.324108996846487,0.8372160747776798,0.5799405687656142,static_obstacle
0.05,0.1,0.8335232569208331,65.64327311873126,0.7024242770245767,0.37329369019857356,pedestrian
1.0695217982251857,0.1024527654087869,9.222298768970525,86.80981949355301,0.6376849581841694,0.3916303310423029,motorcycle
0.4709269818580313,0.6101237190832017,0.0,17.37969003276257,0.856841128593818,0.7256272266612614,static_obstacle
1.3454609901630934,2.952257124311493,15.440345587697891,85.0137905921145,0.5135144814388639,0.6539439749536117,vehicle
0.44719788330571764,0.6222747401728207,1.2027932549716491,42.01904271409426,0.627314061552242,0.2875431263563336,pedestrian
1.1103847433716578,0.8941851811013479,5.859439132947003,76.40103450748784,0.7113196275104782,0.5709717415599468,auto_rickshaw
0.6228852300533222,0.8729620938517382,0.1080429367986245,21.001850470872387,0.8235113730936747,0.49632328806261505,static_obstacle
0.7811806425910244,0.8997810152639324,7.529469887814726,28.20778282803604,0.7767840326548456,0.6203782006955816,cyclist
0.21989185970176578,0.5413799334849054,10.573235785972429,12.535171979801893,0.99,0.48549264398612757,motorcycle
1.1691537992170682,0.5617834936497582,4.941725705877927,70.49801455957261,0.609224768252204,0.6654064865648752,auto_rickshaw
1.0552748241696746,2.481391957881433,7.597428344343678,73.93623541749656,0.6015125348959155,0.7862090916622789,vehicle
0.9838168580049054,2.320323052163577,0.9894808448052421,77.17676045203136,0.6998104084582455,0.6717499397736658,vehicle
1.0104308028656097,2.0987997681490347,15.240328739690238,21.226485675759605,0.889758420832824,0.7527414117349066,vehicle
0.7895690728040441,1.4753550597371157,0.30342685224262106,56.29133269821581,0.6396269305504444,0.4800500036089034,cow
0.12267825975116309,0.250841093129556,2.213212701207219,55.232734406264804,0.6462827447224337,0.236158717014796,pedestrian
0.6029226905772801,1.121645495420381,0.8221205425621055,41.75697090633733,0.8116068906928063,0.5160337441364817,static_obstacle
0.5280099587660024,1.6464102854022222,0.0,91.97510594583561,0.5591004352305387,0.5868446430639394,cow
0.05,0.3486270785274749,13.418308304999515,38.61217147847441,0.6224632083640784,0.6691217916983855,motorcycle
1.120659509694999,1.6821149123491548,17.802737757509746,49.387596780913626,0.6957263416995287,0.70418314848192,vehicle
0.6553457688979872,0.9088137466418137,6.098649293647864,31.058847301433442,0.7057678408131141,0.7181860916865683,auto_rickshaw
0.6174845204080898,0.10860821313143504,3.359177500791754,50.97671284674181,0.6997673969114044,0.05,pedestrian
0.7884763405107751,0.9124294503261134,5.454978827450616,22.277795527331406,0.8595862865493794,0.48575780750001185,auto_rickshaw
0.4559437120141621,0.3606172976917908,0.0,53.54838631186127,0.757617088604802,0.07384293573616374,pedestrian
1.9353651718712692,2.12147440258668,11.168038618939969,56.98921964594063,0.8300154189481631,0.7215700887921638,vehicle
0.739813022219128,0.9049401740838087,8.155021745723683,29.43801346176523,0.8720597001834813,0.5680257258536237,auto_rickshaw
0.477049741258848,0.1,3.015759055583581,46.94031629177116,0.6349672947658044,0.4419901473008735,pedestrian
2.0379696971250216,0.8219760301817532,14.25719658093972,48.740310341440406,0.8639038596116981,0.8350878318382019,vehicle
1.6711349990059832,1.7523666398189561,0.3815281057480263,94.80962374056145,0.6371900913383348,0.283303873635923,cow
0.9405025977896314,1.240210143785866,0.0,40.292134619249765,0.8190139378076294,0.5953532807004456,cow
0.5193707931241489,1.4619554471027691,2.7283583554361734,57.74994823083216,0.6626359129441741,0.4146304100124548,static_obstacle
0.05,1.8790514077793865,0.0,89.35358403000563,0.5303337590789872,0.3509404337732773,cow
0.5838971432535042,0.6846848776836434,7.3295403011683495,5.304096212757105,0.8361312156372669,0.6416099671658464,cyclist
1.4775703151341275,0.6885293397021837,7.5521809496476715,88.43109016325725,0.7394992905841237,0.8269094812405972,vehicle
1.2854172678677722,1.8409892036556985,12.65264589516901,48.87748133644998,0.8297346682495825,0.7800698355263591,vehicle
0.34039376801739873,2.1737607002644754,13.48830986064517,85.80479716412775,0.6404644065909648,0.8785538675347419,vehicle
0.3417083383829062,0.4002413890720945,9.503956422597836,18.759996108031668,0.847770179300594,0.5701730683044751,motorcycle
0.6039400295555571,0.9992683699622729,0.19847417069181034,6.867398636634103,0.772255810896628,0.4961721082417949,static_obstacle
1.6374084643670068,1.614715417162794,13.537524474425883,13.264997706964438,0.7997226291188985,0.9724783209854401,vehicle
0.8880623985664242,0.857817937819269,5.606347090284523,37.88550847607807,0.7609825399277667,0.800106707828948,cyclist
0.333618768581979,0.5918476846714777,10.879698965320914,19.977816697020728,0.7071214272580857,0.46923766952996193,motorcycle
1.041739125122235,2.1851103641217384,15.949105224940148,79.5312672671211,0.6896144376893272,0.774023818572449,vehicle
2.026865778461706,1.73777942813423,1.7039481060839041,90.82161836710677,0.5611305796483856,0.5481902122433281,static_obstacle
0.23332740192327678,0.5296603496658908,3.4001925484202546,49.87276586520909,0.6773104129639935,0.5129718601890103,cyclist
0.9788006983691928,0.8600370613403998,0.0,37.79314646900722,0.7891493616204112,0.45210639657077106,static_obstacle
0.7516573505203049,0.18601616642448077,0.0,85.45805526947974,0.6156792307129679,0.2939932278997906,pedestrian
0.32142261517902226,0.8008953313712326,10.199557367059922,52.46924764363052,0.7747511303621508,0.6576965316975516,motorcycle
0.2697348173487832,1.1777882422246306,9.670039635969832,49.004250518868,0.7463504381967333,0.4837899920639801,motorcycle
0.3452328739926161,0.15122543219017748,0.21053216456221083,77.42633582902465,0.5816921733184476,0.35608728845673715,static_obstacle
0.712186850218611,1.0383446514644041,2.6578663498490114,45.785607070449416,0.8594596315944354,0.5688013434048543,cow
0.05,0.7443215713160447,9.686458816235698,72.61765660869588,0.5905027002188873,0.3312009044338729,motorcycle
1.1693688450023711,1.524651051037726,0.0,16.431869280765905,0.8421875744105493,0.606960119344368,cow
0.42674133068447484,2.884112056203171,12.345549136193021,62.505105966985326,0.6480495352138388,0.5997250864527672,vehicle
0.36600027893297477,2.297040626072293,0.0,88.4109904802984,0.6948970578048266,0.5103687200355745,static_obstacle
0.7898856335125222,0.5278506283308045,0.0,15.144051447401807,0.8295674754038233,0.45997775472281444,static_obstacle
1.5316454223775824,2.5552325088104184,16.821549135910175,42.41741472789493,0.8159933635915384,0.8631647557581122,vehicle
1.0010619738001325,0.9275774457626733,0.0,22.9313087136991,0.8657748909589374,0.4852438286558439,cow
0.7461273252845819,0.9329012232220917,1.6530524964780082,89.21046767735533,0.5927616974969534,0.47995020662768434,motorcycle
0.06452215121070382,1.1244493678350818,6.780289057901214,78.80250400388826,0.727713670014486,0.6182310632119126,motorcycle
0.5859745669029407,0.6199556227728158,5.795520397205837,15.96552002190399,0.8450437433949303,0.5617891035474195,cyclist
0.2993063176422772,0.5664490714422148,0.7579143470027186,25.943738034998436,0.778367404211614,0.35831481102954116,pedestrian
0.9866892017763214,1.176634960241001,7.934891112094699,82.13757600328074,0.15,0.2812495764818116,unknown
1.3123638826097306,1.518334272231765,6.7641079058619145,47.74355177255463,0.7731468486233972,0.5255778450912845,auto_rickshaw
0.525353141956697,0.6659549537166092,1.1644568526244738,43.30594061769338,0.6717870560005121,0.4461882701863233,pedestrian
0.05,0.8410210153762325,8.155506187567461,84.56771269188155,0.6101360657793234,0.4617924131289063,motorcycle
0.26712481739831845,0.7594289666860531,3.449959298215911,93.17225717922456,0.5483301130448491,0.6098623218314037,auto_rickshaw
0.28211866943993147,0.444058868607017,3.93918465763109,27.54914530380154,0.8060433487086892,0.36558635914698184,cyclist
0.87496360166808,0.3288962022458584,0.0,56.18551474833439,0.6601182785570524,0.6402505663829591,static_obstacle
1.671848209583954,2.286825162081558,15.59305979065231,38.55289902828849,0.8727118126674902,0.6450739291868383,vehicle
0.30782791814433735,0.6213538797978705,1.119773618524081,28.22395046330439,0.7710038473816602,0.41361163880110396,pedestrian
1.3771952447475164,1.8197588921910997,10.587890520454739,34.07798725650971,0.8387519490295191,0.7300490808734655,vehicle
0.6305256756570209,1.0786478407259679,6.888772536032263,19.21517351795913,0.8553692351411221,0.48352919237121894,auto_rickshaw
1.2291585768455149,0.7987568423414529,0.6796357222006412,76.99021738419353,0.5370099087050212,0.1935336191991695,pedestrian
1.4627897189948478,1.7891793158658833,14.560077253896667,33.26814097102202,0.7545945279393648,0.8604721591927323,vehicle
1.2859673495927946,2.2968733278505225,7.806629972990334,29.9183465268641,0.8538153146578487,0.8135085765181971,vehicle
0.25247454401915775,1.3895696326292009,7.659840893383164,89.05587186157142,0.40657105976311,0.47426103281824245,cyclist
0.38239661198748964,0.4938133117127862,6.328783521332207,85.09977343230189,0.7089438687133687,0.2303616956412787,motorcycle
1.1985853079590454,2.1592260593442267,8.56897079369008,68.38622621434817,0.6390398486978034,0.6741959563060228,vehicle
0.7247805125434827,3.0921949183921336,13.078385764697567,90.12681836580695,0.5496807738725104,0.6090506367103008,vehicle
0.8899883599176628,1.3108276819540015,0.0,58.994986226402354,0.6862801298231606,0.5873180089064068,cow
0.2716516394277686,1.3202925274831496,9.89688719234687,36.76306037837915,0.7044100636174612,0.4467371241332362,cyclist
1.5170096290611252,3.6301721816009493,12.079527283891991,79.04696279355443,0.679522747312921,0.8277431203544309,vehicle
0.24353175116762937,0.7352237895792356,8.484138332680473,59.74838294208931,0.6377563072224988,0.3916144074133704,cyclist
0.6640048834496326,0.3310463316187032,1.9104239960839628,56.413121146734014,0.673818456304202,0.27922522002559885,pedestrian
1.4351450646317934,1.498687846396036,13.680161509352976,32.8689746942415,0.8929592782341896,0.786586946402186,vehicle
0.2240102771647725,0.7874175340887555,7.183493668225933,38.84780415520418,0.7018537956391945,0.5940800056632803,cyclist
0.6283748173219433,3.1312634484876547,11.050144595727954,62.79204157647042,0.7071915807774203,0.7874614959968311,vehicle
0.07136620963346435,0.1,14.326448353719247,78.60000955744653,0.6588262469441428,0.4483201562646252,motorcycle
1.0369487714494752,1.7605790052093213,16.262721222521947,6.5570110466872835,0.8290826371110942,0.7864747354307808,vehicle
0.7191622251809929,1.5763094252157865,0.06740559237697931,26.06562433148674,0.8382286582440913,0.5253465175009323,static_obstacle
0.45146018871853866,1.2958106344465574,0.20554061380590669,44.72308042878107,0.7177611071004609,0.4119152320127789,static_obstacle
0.4672667219879042,0.6393557538432588,1.926136669129083,22.31699340984254,0.7019772318323187,0.175632515386988,pedestrian
0.9175037961810797,1.1374129001702444,0.0,11.046667687151118,0.8773148542862287,0.7041157142282823,cow
1.9187562165148035,0.589785052344366,17.101679153480674,93.89959989234102,0.5579884034404065,0.7278430022573846,vehicle
0.9258055542492604,1.1338973087689015,8.035743209737731,86.86120490101288,0.5235827645572555,0.4174376089986151,motorcycle
0.441563485062742,0.4152925158148691,0.4384367561329479,29.68523386026187,0.7408644169041243,0.21323652956642286,pedestrian
2.057724978430269,1.9363089194553422,8.564883599425443,59.9325592389716,0.6481179325211908,0.8063183427325686,vehicle
0.05,0.1,2.602856459888079,50.440173285106496,0.6534362051287056,0.13802981147313495,pedestrian
1.0082068819556893,1.2465143987620277,11.751405916038157,79.39847979176531,0.34413077053158436,0.45357653631944483,unknown
0.31710852067090634,0.9229795574676491,2.4837524499888644,20.28934285440331,0.7197757671215517,0.476884577889036,cyclist
0.4085869804129534,0.8552879309152046,0.0,61.99944191285747,0.6926494819359214,0.48604992081692705,static_obstacle
0.2968560673797334,0.6634913626968099,1.3953591993272751,36.17462453334707,0.8291726846920601,0.4227394743175608,pedestrian
0.6694628944268963,1.8874034792270207,1.372980799705611,86.68753639785896,0.6899679748312778,0.3532349905210731,cow
1.9265892808950498,1.3714129656498448,13.351399034191688,86.30993268868349,0.6267916251828111,0.7658671193994044,vehicle
0.24750057683723947,0.6298239108541236,10.246379774220454,15.161930497298833,0.8983999628228713,0.4785202834714843,motorcycle
1.6201983783079394,2.033270608489026,13.955399332284614,58.50485291747827,0.669840170558905,0.8014849710976514,vehicle
0.27163999507004016,2.341864233568911,15.343419274350046,36.49356803942669,0.7551018514525,0.8289495966698779,vehicle
0.8486318039176739,0.8071676403307766,0.13778668756160373,93.47147876355336,0.5317623809844166,0.21099909976380682,pedestrian
0.22920606524003448,1.1596489728059833,3.778704592626215,40.126019075540036,0.7315586053896764,0.47388793322993394,cyclist
0.8878940293661443,2.1748248729345603,1.2256470670993047,48.351899179538414,0.6633678717429162,0.3860193696284138,static_obstacle
0.26759974892571564,0.16721284058845354,0.6839208909026314,6.583092459127213,0.8932620455232869,0.44486573280770064,pedestrian
0.36634761969949736,1.1479942030396566,6.827468426194356,76.61549434728545,0.6794021854891753,0.48019928106795495,auto_rickshaw
0.2728639172298747,0.3915183997705604,5.329946652417049,41.22096604510726,0.7686715360595183,0.699993021226015,cyclist
0.8535542363938299,0.8370340858581451,7.364111099734359,66.49489493801508,0.5439002485935032,0.5942502728688756,cyclist
1.2129257887179195,1.4180286560964899,18.821466021756777,68.3689715957705,0.7217506384954073,0.7338625359481021,vehicle
1.3909425544359775,2.286226657530139,14.705480461890433,19.22551702624844,0.8250750929176819,0.8582712957517336,vehicle
0.40208127502234725,0.9097989699837399,0.6123353027253694,20.23575892455105,0.7745910154028857,0.47968123103213867,static_obstacle
0.4680093051069005,2.4855097216342896,9.93151686394156,53.83933539229109,0.6833021735781036,0.7930132740642767,vehicle
0.8058813687027957,1.5576329236347113,11.159086268213803,32.202445542187775,0.8180640361797455,0.9147437016441473,vehicle
0.640626678693877,1.6674436407495872,2.425529479631196,43.44630461675346,0.8131818315494509,0.5103177013994921,auto_rickshaw
0.05,0.17101996683416582,8.82105311244301,54.224136720338976,0.6520666818584655,0.762777637264231,motorcycle
2.067024693915556,0.4745268827521658,7.659172338442442,89.74409349086368,0.5810048149336426,0.5320828943884216,vehicle
1.1283234787588183,1.3387228744584458,12.61340746408435,26.796264635547768,0.7641124333631397,0.8681434544427459,vehicle
0.8167299153582503,0.6663906176278479,0.1381491052598793,11.715191659162148,0.9097941360556572,0.565476991166884,static_obstacle
0.5640327665388066,1.9233868515503945,7.0486439543856045,94.71334784638547,0.578413470529663,0.6569600330060195,vehicle
0.2878193536589454,0.3249275691928599,1.3261259407436352,5.593316480504511,0.8659123538665391,0.6298517828325861,pedestrian
1.130767972734836,1.5113055663182653,11.12834433254963,39.41993345487443,0.6568165539665862,0.876902593593669,vehicle
0.9470203839297877,1.1734029431983708,0.07878368742769364,21.90888850470314,0.7780257077092617,0.6621057277783595,cow
0.7959609741081175,1.337327473954851,0.0,27.93360361682856,0.7508018505767036,0.6177471375696242,cow
0.3081152628352908,0.38505912486759564,2.388023441839137,45.51859545036075,0.6804647545941666,0.2999955431995775,pedestrian
0.6834317774844771,2.3381597901079005,16.952890459674634,60.80985788145416,0.7471296394812578,0.9229336433388532,vehicle
1.1508669806345515,2.7354601333099633,10.08083207461762,20.327423444914622,0.9688605655111667,0.7167563855795089,vehicle
1.4567421604091717,2.576431053319188,0.16738941126070644,76.26868385562614,0.6939625115217075,0.44710083723186034,cow
0.1849944334236735,0.1,3.46249154125384,72.74045737533149,0.6779628814017519,0.1753961713654319,pedestrian
0.10241064393862273,0.11422557005964573,2.3642952826220296,63.808941875236606,0.572474778213452,0.20604843251058289,pedestrian
0.524050250991865,2.063004398059674,9.685222545918611,47.78576346774947,0.676126944440446,0.5602023750309695,auto_rickshaw
1.2627441464787736,1.8701157218049764,15.874143889318173,34.15064249939462,0.7986808656891811,0.7007087515351351,vehicle
1.7599903248469602,0.6835043124091107,0.0,87.90935900956569,0.640917770766825,0.2704126804394348,cow
1.2514206854068655,2.022910246287157,14.103922337141462,21.50685172556157,0.8252225453754044,0.8532606489743386,vehicle
0.44545799180046425,0.29191345874727326,2.259505505037437,26.851843807490514,0.7522764341045148,0.4230539635543126,pedestrian
1.535047397359209,1.7160508243895776,7.245790296733915,38.19207964120676,0.684939176510716,0.8796055107428618,vehicle
1.4659043480215925,1.128411616869514,0.034304243551022545,37.69911352163763,0.7903255572644975,0.5449007447236575,cow
0.6053812650248005,1.081514090716836,5.206108832786456,30.294893405643663,0.9244701428059462,0.44701543500863855,auto_rickshaw
0.7933711155722802,1.4222308626149922,11.248150709990256,79.95170063910153,0.6358899067060313,0.5196610445758326,auto_rickshaw
1.029659976258256,1.7533841023159984,19.20311076588847,50.65571797615712,0.6735115335305698,0.847851300470009,vehicle
0.6417506861493788,0.8273823916405938,0.0,85.89911365213923,0.5511184282384736,0.3753545756967478,cow
1.0564303176751386,2.0143686736971445,14.467133865062147,84.62812192362118,0.5466107569612274,0.8622811804261615,vehicle
1.5389171406811177,1.926162491030191,11.807130201713502,14.120193571933727,0.8953724907049558,0.8570831831562534,vehicle
0.45832390324286404,0.25862756208082116,12.985356790126007,56.013289328181074,0.8329371592142438,0.48977041284528494,motorcycle
0.05,0.1,2.2579592598182803,71.94028371303705,0.7682735567831059,0.356450763855416,pedestrian
0.28049268885261947,0.20640301790962173,1.0447675117194277,11.190259192789306,0.8880824984636908,0.36008366417493726,pedestrian
0.7905100604926749,2.350747473478025,1.9865745267904877,85.78526075081467,0.6430890589808292,0.8041247521111528,vehicle
0.3625128446541883,0.3148011851319195,0.700198137160862,20.02800940061094,0.8317585707843158,0.2732466355555229,pedestrian
1.4568405861081168,1.9366904553837334,11.166840445933802,83.80187300009429,0.5924040948112467,0.7541401620723956,vehicle
1.586976381888538,1.1169019119182526,1.7768829583324295,93.04013017232371,0.5839565777604118,0.46651415771783256,static_obstacle
1.1849684199167094,2.3834399647581552,8.819519151505622,53.06020751727494,0.7532871468445076,0.6919953380279849,vehicle
0.32717615802412087,0.8077345094708575,10.95149003896626,26.98155212793584,0.8258288723354825,0.4084012332939213,motorcycle
0.05,2.6363013395157555,8.087274039795139,83.95522082162302,0.5904623057143064,0.40966800329623554,auto_rickshaw
1.0916037372982041,2.4349546985873407,12.508775816134966,52.09322433399333,0.7368130814120074,0.9276142276782228,vehicle
0.5327276071177836,2.6205662703591837,5.777657745745825,83.32398188159155,0.6873954538686883,0.8584205602446687,vehicle
1.6726202238582786,2.106912487190065,15.638513966954347,21.180544787933957,0.9285491228767588,0.7403227200234496,vehicle
0.593252875233689,1.100765830303293,1.5165714189284245,73.40322699161884,0.5218500828515428,0.4043251613819411,static_obstacle
1.802533466428467,1.4197836811106532,14.213950356748907,44.12250628775309,0.8356623815686529,0.7931628228125909,vehicle
1.0197903396806407,0.959833603206361,2.7665789813413966,91.56116728636016,0.5201382978400195,0.23728469559687515,static_obstacle
1.2309094140383414,2.1360456592490373,15.55027195757316,10.919099285111809,0.9328394788717305,0.9058656469127303,vehicle
0.05,1.9550748971519458,0.0,77.10927690587326,0.5773267674052023,0.3611537403006857,static_obstacle
1.6850726195640973,1.2915242558471214,11.465989649434912,8.493078292416232,0.8580509382029089,0.955378325755962,vehicle
1.9385003400546084,1.983669005044958,6.614614961754502,94.48696704236347,0.5577411457346559,0.5875928150175971,vehicle
0.2637672380410181,1.3348809983294079,12.094332564186233,89.52863153585157,0.5189755005163671,0.29034274635477386,motorcycle
0.6051797074166362,1.6026517433054854,0.22407554783662692,18.257121114070372,0.8038729988635898,0.6813597353723844,cow
1.2085420943999454,1.030794966131892,0.08551155912263608,87.36743402821098,0.5422330453343231,0.4387733328365911,pedestrian
0.35451664436031083,0.9665745046714158,6.558367401233379,32.47378714466923,0.7581412142367489,0.4427059260548662,auto_rickshaw
0.3473267160277934,1.7915941388638625,11.21937727085124,76.14575430558406,0.6689344733592787,0.425349313398445,cyclist
0.05,0.38446235578251875,6.311464489662056,79.92539600291191,0.6044076709210653,0.48430929397749956,motorcycle
0.6364125036872229,1.1709976352759006,6.043636526111154,20.329847093288258,0.9052662333691502,0.6376799974488732,auto_rickshaw
1.2379114482727152,1.7728397645801288,17.22626348951971,13.365271980833569,0.8076123633883525,0.9585521072901304,vehicle
0.05,0.9809349864808369,1.5237762234401762,49.23606383643591,0.6790031590926958,0.2376432024653682,pedestrian
1.5346413769639953,1.551709954680324,11.186869390983396,61.84200564689444,0.734020844408499,0.8135883914318007,vehicle
0.11141091670784467,0.26063123706021424,10.196262145427532,80.86465758895353,0.4947530606432322,0.3852385596213936,cyclist
0.05,0.9807523238882907,0.0,28.373999365969713,0.8486710738925495,0.38406979604498703,static_obstacle
1.0987731329214485,2.0370173992156637,9.863903514092023,23.00443098317374,0.874349156874254,0.9338481114608055,vehicle
0.05,1.059493649287617,2.420309178299111,40.55510962429254,0.7977373571565639,0.23892455550094824,pedestrian
0.529385997710544,1.032412930906979,6.073463273106858,18.053894450226846,0.7736507545751463,0.4929632541022725,auto_rickshaw
0.05,1.590322274116255,1.7640140246164462,72.43954301370638,0.4323266959718273,0.35191518263384863,unknown
0.43476565857001154,0.1,2.7409512658458204,58.6738955923931,0.5705619926557692,0.5857344460583871,cyclist
1.9809802892369621,1.9387318519449115,14.658578659952767,78.6764697022954,0.5354836375977191,0.8261976862708078,vehicle
1.0849374251971078,2.1975321810540205,7.856675347165054,38.18663842388082,0.7435286712169864,0.7466305154017796,vehicle
0.3265834652436909,0.1,0.9327705853735141,76.81789214043673,0.5335514459755998,0.2419747240214461,pedestrian
0.53630942305473,0.7639383791296036,9.781307929060207,44.33802081254338,0.7821918595804455,0.41151389235136,motorcycle
0.4841545950388084,0.5955389579018878,0.0,47.44283598132373,0.6971340612347408,0.3257419686218427,pedestrian
0.760658748465302,0.684451846894946,0.0,21.0823657057682,0.6984499311821747,0.7633573654400981,static_obstacle
0.5003581683607885,2.197244660413325,11.162342937003816,89.0669164344336,0.5554236760617745,0.7362083540026404,vehicle
0.44504316942210637,1.1733795497353883,0.0,13.898403954828586,0.8874752742511895,0.6304718882585045,static_obstacle
0.6604390488441819,1.8374835912744782,0.0,11.068147958331352,0.786478712871369,0.465060863380189,cow
0.7453754701327452,1.0890827823250544,4.291347515782526,6.966623948700087,0.7942343337816532,0.7044736579469872,auto_rickshaw
2.5178282377955634,2.2847713492167,4.6519065323329265,88.8446745632895,0.6154129717044672,0.651383479159036,vehicle
0.06061627914260709,0.26912350614174835,4.366277324917378,66.35623568590496,0.6192808898745054,0.34185488097554856,pedestrian
0.37184293981204536,1.0712280817586413,2.2806556520631664,48.05931542367889,0.8171296602672635,0.31750095543319207,pedestrian
0.4600719381027128,0.23140233392133785,9.53537466550222,40.48139625163709,0.7119205428910773,0.4542088365664202,motorcycle
0.44152032887266834,0.4303881250653919,5.776415374668359,23.625783675376635,0.7892677277246561,0.511367420787057,motorcycle
1.6825741984869012,1.5516780697405554,2.3802523542404344,67.1650604806072,0.6332306068797063,0.4947612191980187,static_obstacle
0.36479942558090644,1.222017437465657,0.0,75.55647083549161,0.5501235378000657,0.45094607605248466,static_obstacle
0.8865297136623428,1.4852130332868192,0.4453049057510583,14.50553407355624,0.8387439279896781,0.5127622256020098,cow
1.3646322251275944,2.4016304695622517,12.123684922877946,75.41954685489874,0.6033073583746472,0.6423584687010847,vehicle
0.36302522970810663,0.4970234380698455,2.257076461992211,6.685726285437789,0.863054296326742,0.7010844225677465,motorcycle
1.2704179400037556,2.332925481505062,6.0396464965444565,26.31215930544056,0.87501759469872,0.8585378039734646,vehicle
1.1326573229977739,1.2575699386198227,5.1678100653592445,45.04100448384842,0.7851009182815535,0.6973413990942995,vehicle
0.3041465782041113,0.4817697042275355,4.568878268521719,28.627481381836223,0.6984616088881745,0.5459752683179717,cyclist
0.27786635739258914,0.44084235622705126,1.7597089499399348,11.610002314330085,0.8655632240208708,0.46214213728939396,pedestrian
1.2629796460944265,1.8135035697217472,12.824806771867335,39.29559321070094,0.783349629489951,0.7898436897563106,vehicle
1.021240627664391,1.6081456278998019,0.2676573478036542,90.93947348907953,0.567390613444284,0.2991145085234411,cow
0.1110355823319599,1.0278262331347328,2.5315483048987466,51.40344247289171,0.7626538156901497,0.24247430484063512,pedestrian
0.30727427590114054,1.2434843476400341,0.5746744864229951,94.05948121923443,0.5107040893018201,0.38665188663645955,static_obstacle
1.1795123253258384,2.5457924413296498,10.367009040303639,17.322759759704887,0.8444075278842144,0.7915127554264187,vehicle
1.9225264774447257,1.7724965294288935,9.717358382058736,73.00194757554857,0.6996274111567734,0.8530944912331326,vehicle
0.8631678411108049,2.0990421792844303,11.599072241431488,22.381055623736284,0.8697881744720295,0.99,vehicle
0.9555412121624222,2.233384293529913,15.647583161329097,6.03432226701838,0.9351509067758742,0.9222677455956274,vehicle
1.251543099313356,1.0165952356938877,0.2486257719691139,14.245103631816683,0.8011889903710627,0.45195173973957137,cow
1.6329287983274092,2.32930569653342,9.734650239988252,94.50345942069207,0.6030314988338394,0.7522978166604117,vehicle
0.10733338080897614,1.295092620864336,0.0,92.39592488965685,0.6474860148435063,0.3043639286779648,static_obstacle
0.7222029520242849,0.7093526988043597,3.8562400788697038,16.09217025615606,0.7695213715497089,0.7707970059593549,cyclist
0.9828241918245821,1.1117794520329791,0.8002111598231331,78.3867777190228,0.5937412628236696,0.2956474662683525,cow
0.9272405524598675,0.3608615514028924,10.766914115345708,71.89504330254748,0.6202665795667314,0.4371224831595271,motorcycle
0.6337453111798415,1.603207250598346,0.13096475375266983,36.85349089177733,0.7799479117385918,0.6900985780535394,cow
0.8699006426261435,1.8145911624006255,12.238382527858993,54.294413736131226,0.6858396944390954,0.6428278485730191,vehicle
0.5105994275537673,0.1,1.5292210638416688,28.59543965674539,0.654294700391374,0.3789052094590144,pedestrian
1.01890342823839,2.3602278895916005,16.630236226597102,52.37722493553904,0.8140324100122621,0.8000994641111855,vehicle
1.06590643048127,0.933259713663702,0.0,39.66266626804216,0.8411774801748535,0.7042659074839985,static_obstacle
0.05,0.1723816873326986,2.23350097256081,46.664360021946514,0.6604736226821549,0.37422746974659726,pedestrian
1.5865190334664179,0.9114871621056639,7.990224981816942,64.28999106389341,0.7405666746896882,0.5246054199195931,cyclist
0.05,1.5621384759087282,0.0,84.1128774688824,0.5292313981882754,0.256577891591677,static_obstacle
1.509703181902648,1.8882776012036457,19.102410898980267,28.721703938124545,0.7576566518323414,0.8233940005580092,vehicle
0.6656981428543458,1.179257209102725,5.594080801083431,37.30733867183078,0.8462081278844501,0.5437272685584587,auto_rickshaw
0.08720805821964485,0.5140875506969672,0.8118671987300498,21.469794494188896,0.6698289839038136,0.2337120200196096,pedestrian
0.9455852891519511,0.7160929625363066,3.035269021358041,81.62915340717272,0.7003926078556594,0.28544340882768265,pedestrian
0.7490152711456934,1.8012780216907376,0.7461612228502753,41.21766448312839,0.8456534617825631,0.4156001374592392,cow
0.31146253880103036,1.230365772234057,5.939929370217862,94.16859399854417,0.5036539625512397,0.5044790953539232,cyclist
0.999067581642358,1.5844850209775543,3.933843932407086,91.13958975704291,0.6631379205625967,0.5096637320697595,cow
1.5505475950011554,2.1143152170927215,15.921472543459936,27.77759628992842,0.8515778270474275,0.892494830733709,vehicle
0.6374557874839505,1.6917767657175533,8.482029791674597,68.78346804941027,0.6955026382374496,0.8270242654430997,vehicle
0.2680841101452322,1.7303530936125626,5.709972913001289,65.07759364017525,0.6015802913592128,0.252828718863634,auto_rickshaw
0.5870925447922576,1.1040153093460445,4.207792826394282,26.58017649596427,0.8368939675938231,0.5506072674789302,auto_rickshaw
0.5065724761808259,0.1,0.26307371529625834,90.57569308062003,0.48557308583174635,0.2542289838008891,cow
1.2424920609998555,2.079401697433835,11.80153697208233,13.583642710822478,0.9317177194482965,0.7777536227250775,vehicle
1.1256862406734376,0.1,0.10731328366162947,94.54549875097477,0.5737342871852972,0.4470689059126006,static_obstacle
1.1199500196916277,1.8526031019566263,9.55540611578295,84.45967759806658,0.6154648736422471,0.840846925963527,vehicle
0.05,1.1989808164100624,0.6316296258362475,64.41074998368174,0.6862741047911184,0.38206264193980716,pedestrian
0.9334915259462053,0.1,11.020062254446048,70.85659762270447,0.6877217085994839,0.27421957437294586,motorcycle
0.05,0.39677817378272834,1.8375163420893588,78.63012920971319,0.47257865200384525,0.24830295412918502,pedestrian
0.8298620578349917,1.3719374977481902,7.204521601163066,55.8937655000753,0.7731406002163569,0.4301769687145763,motorcycle
1.719924556549326,1.6757113826026524,3.6421151604163438,85.15763476525554,0.6581022757468443,0.6670347088651563,vehicle
1.5102138197289132,1.6527843389560273,8.178546652030857,66.97395686079457,0.6447322846780406,0.8531338414647572,vehicle
1.0259476358951307,0.7722192608856998,3.656829144289853,75.62083826559898,0.5727053911182998,0.3972189436572599,cyclist
0.4641953795106789,0.518204138316288,9.68448948128161,18.29511755574185,0.7610613894267789,0.5386277848368412,motorcycle
0.9162820416472853,0.1,0.0,91.05798830129636,0.5907249692440186,0.5891232852322509,cow
0.4773085862768185,1.1199035219952256,2.9473079827771493,94.38539748746395,0.5120812093445247,0.3403265397407914,auto_rickshaw
0.9321577383354462,1.7608059592284186,0.0,10.487454760357867,0.8601304059524592,0.7043869677026634,cow
1.034652245402765,1.6838644034249781,0.1479017062836293,25.032635344888767,0.8966917702508159,0.42447862551883875,cow
0.6577715681038389,1.0662569304324505,6.014970804742688,12.672476760386571,0.8475690617494619,0.4819592499132146,auto_rickshaw
0.9870324711506064,1.2085856166350424,7.816038645825742,73.78585086534947,0.6729258119696728,0.8052421774319699,vehicle
0.14955334000501896,0.520467448792811,5.531612841027202,25.75836267667603,0.8167218558640718,0.5018191041321916,cyclist
0.8873800534204414,1.2829740251797697,16.09094303831008,68.20786909860783,0.7404067947055891,0.7400092314979593,vehicle
0.05,2.4503873351539034,8.439484729589239,65.36262144685904,0.15,0.5168921580067233,unknown
0.4814768723853894,0.7281252243384487,10.041462570098883,10.301779495909946,0.8965658375512593,0.5835291241958804,motorcycle
0.49218321041933544,0.289845790223214,0.6125273132100724,39.05182429357208,0.6779971110450378,0.23006473768001576,pedestrian
1.3332086405078334,0.8561356185140037,0.5749508338130324,38.790600805149126,0.7902810266445893,0.5790245442729085,cow
0.6763598844061868,0.10497783845492864,11.299723265844744,68.79714018838472,0.5473848058286046,0.5863347409960685,motorcycle
1.1959717335659101,1.1397320351024331,7.377262574204517,76.54365656930577,0.6693342456648347,0.6797439004035473,vehicle
0.15177989381075307,1.0542392451162563,0.18920305888938793,65.63614347415863,0.6978233147593937,0.5335155362236593,static_obstacle
0.31754862226714653,0.5996875279968225,10.937122887622325,12.152255301644496,0.903200374577765,0.4794279199877623,motorcycle
0.10050972247980734,1.0468387336479466,2.2998713319893964,77.93689394615271,0.6131714571515653,0.4100591514191514,pedestrian
1.4668664772609747,1.379203478526785,0.1474079629013093,28.571890268785044,0.8530486047138737,0.4698774707135772,cow
1.748324687327644,1.7654432023401148,17.431616820750367,45.83740585437963,0.7900293626111045,0.9804355122051106,vehicle
0.05,0.6661618415183768,19.07891624163448,74.28722051110041,0.5572535994593971,0.5839295718028199,motorcycle
0.6327142623017497,1.3878196780464473,8.413721874972177,94.94176368830296,0.342907759596163,0.4635812638426106,unknown
0.23256918937337276,0.341401408102833,7.8470827395101725,78.35243938257695,0.7294708501939533,0.515351606413651,motorcycle
1.2622267294951683,0.5118473997661153,7.4136625808281,91.68419302304919,0.5970835977370262,0.1906197309669595,cyclist
0.8122380649108685,0.440127068222002,3.4248551730607177,94.4756412513561,0.607828927387612,0.4620312356580197,auto_rickshaw
0.32882276142237143,1.70072440503348,6.858164512580606,73.17831081175063,0.6556565184552199,0.3431260702745932,auto_rickshaw
1.306181350039378,2.4992876453020147,7.159967985726302,33.3320743520633,0.8083997134466758,0.9136638548930476,vehicle
0.4811304190872235,0.8058619847183954,7.942764627891789,22.003569990382502,0.8570506091370821,0.41779512255196927,auto_rickshaw
0.3282278888309795,0.5482786545423436,0.0,61.94436118708925,0.8202758664300336,0.2273759837048156,pedestrian
0.817264014123608,0.6501431534894428,2.7256348953364626,59.53180488919667,0.7257309961726762,0.4792488896491713,static_obstacle
0.7315132130277477,2.4686681836049646,14.3731569162757,70.94171222571211,0.7476949897565712,0.8878919467273,vehicle
0.05472563790812701,0.1,1.3517779219554276,79.95821376181905,0.5502686684839402,0.24245107810938862,pedestrian
0.409784262452737,1.0318822189927808,1.3134736155838325,67.2466541538919,0.745943583080179,0.1601928407022586,pedestrian
0.9140267065716453,1.6888945128466235,0.4992675312260547,53.60966950296118,0.6641256013253215,0.541307694428898,cow
1.350538721601639,0.9865077746193935,10.834668704057503,69.94926945357417,0.727926288153461,0.46703893384510253,vehicle
1.4134895237025025,1.1823476041567165,0.9998240305912098,40.803403561003286,0.7347026103914484,0.5239007567094647,cow
0.3744197884890864,0.8617127141391783,1.1690166113357585,39.7006592099288,0.8003059237102232,0.4412072703201182,pedestrian
1.688587152717468,2.46114605143253,12.305652438913475,82.57700805413972,0.6347016766456833,0.49041273583749423,vehicle
0.5660350161271342,0.47083336948945487,5.08412677811049,34.59745692776095,0.6743765166598228,0.5922849271804832,cyclist
0.973223345550044,1.4321716807059153,2.990130084934493,64.36993385216735,0.7362787103388935,0.5833995342926955,auto_rickshaw
1.5812997883592708,2.8017936308083113,16.21666030730304,75.60153202040412,0.6801506972307876,0.7998277365855352,vehicle
1.1588799389802324,1.499090595854831,2.527249202333025,63.5754522953216,0.7170484612282166,0.4739169817328579,static_obstacle
0.935776890802985,0.9480855402127575,5.2046475886382995,79.76847801319039,0.5691452841391265,0.5385527808119704,motorcycle
0.8073061897321749,1.0543544757844363,0.0,43.12201361031159,0.6238491365087153,0.44598241449159337,static_obstacle
1.4178882966447208,1.5123103321156193,17.10222217435681,28.806459672676276,0.8037794922009864,0.9213110760209466,vehicle
0.31421402175821456,0.4013921765645028,0.6240604704417929,10.973862777596768,0.7062987764640968,0.4556863112364821,pedestrian
0.05,0.8766556606570044,11.118559095769967,58.61189614712559,0.5872810834688409,0.46936087500650825,motorcycle
0.19600231244408028,0.33802752570158645,1.0753728385808765,7.075704829750428,0.8169569531035279,0.4651391275242193,pedestrian
0.9234576512453401,0.663787078793641,10.378144559138885,36.51453787712294,0.7059177535524253,0.6788423768278385,motorcycle
0.41128579631040146,0.9915475110270962,7.642898854303557,78.92619291638665,0.6155886426053714,0.2873202845900769,cyclist
0.37097240900622147,1.149881203681517,11.268295801653766,63.94533008883297,0.6893707166502516,0.4918079448212752,motorcycle
0.6030633496687624,0.8954396472561896,3.812113161594633,9.197730583322997,0.8965031932544268,0.6640652680255568,auto_rickshaw
0.38308752901415594,1.6913029795616765,9.82654751575983,68.80776313454051,0.48971906021754874,0.5252783847005663,unknown
1.3458322380596093,2.328387665237428,18.301436031395315,44.23410418020154,0.8299556508323757,0.7824154145969628,vehicle
0.6713832394872956,1.5027592932598584,0.0,39.995286534266,0.8760996667514489,0.35461347096983653,cow
1.5673073544616813,1.8199715291886664,17.848349797864515,66.66450805527676,0.7248419018121471,0.6757057813061427,vehicle
0.46752042045683345,0.6650304906280683,5.27370205028014,64.52053775497244,0.6180493419873977,0.39623719364138066,cyclist
0.5095922338939087,1.4252685556542215,0.9276777752982511,39.80223451749092,0.7667197041708796,0.6023928951996967,static_obstacle
0.4382854949189464,1.4644432790674884,7.102556394521779,39.02276901868793,0.7438088616887515,0.39941244214106264,motorcycle
0.0556435336434038,1.5050784338535963,10.422407881685745,90.04468157843122,0.3066368142862587,0.5133942091444271,unknown
0.3326511476236097,1.465435750976669,4.573741531585737,93.25500811285178,0.629773785035256,0.6278061355764817,cow
0.9511291209620075,2.6236719449746624,16.505233278618462,29.545181296378097,0.7536795822399561,0.99,vehicle
1.2067871365619194,1.0889869140540296,9.643291849820338,63.96228295248525,0.7506038355994032,0.7834051160584353,vehicle
1.0279588733913045,1.0638357268848784,0.6851998115959689,32.69786396579545,0.7723601853906503,0.31659228170237297,cow
1.0227717353882364,0.23148129258100658,11.393352218901839,92.44152353608426,0.5944610115274308,0.800493314740026,vehicle
0.05844780792360907,0.1,2.8512006251020328,50.01523062657215,0.7071535436453875,0.2828274473757652,pedestrian
0.5823415949297502,3.2720332638117817,20.273601541061755,89.738776813817,0.5509970304855707,0.8384294817099885,vehicle
1.1635562032041178,2.1680519894295984,12.35033662648761,5.9421715984852375,0.99,0.9824140522291017,vehicle
1.323839339261691,1.614592308073538,12.779140790624194,21.580621724478554,0.7516000325092764,0.8175207748951395,vehicle
1.4480086950071103,2.5315938668092466,15.823577621265176,27.380073755555536,0.7701379095155102,0.6502753330627015,vehicle
0.3887122238668207,0.16262021216249312,3.628718076643456,46.98418643032245,0.840664400505369,0.40951613747826254,pedestrian
0.2526165106179831,0.7071436297946345,2.993714163610498,70.85476553974388,0.5974678647516305,0.32081385576721944,pedestrian
0.8654609908620234,0.3440907896725454,8.150893992911476,6.9784436060967545,0.693989404234995,0.5643509311268147,unknown
0.9143562214665816,1.4803926870799688,12.082646695541618,53.02300454422709,0.7508088546177712,0.7503717681170228,vehicle
0.9725061250966295,2.221054006398308,13.9214989513466,22.6921708473574,0.9176034092287388,0.9214657735850342,vehicle
1.0384880153906124,1.132397154218208,0.0,24.86219295551498,0.879282276295148,0.5933145503118913,cow
1.3432274047754142,2.5198600605118147,15.291718088966846,43.860424474894636,0.7989742669120324,0.8360899835756321,vehicle
0.24722108980753385,0.4115547333677377,9.506948500027042,8.954366589967506,0.8125627443267555,0.5239673471174505,motorcycle
0.8795449141868337,1.3684220936684444,7.025538845647984,41.70766670830957,0.7904215727639317,0.48216450681688044,auto_rickshaw
0.47823207589617833,0.7018011315569002,3.7835672464009087,70.89078203695672,0.5662007384444558,0.070548925079993,pedestrian
1.331263637977505,1.899617851019596,14.848129713140787,19.452818365081324,0.8970224828895232,0.8773442142947462,vehicle
0.26094514831534904,0.3770891509013431,12.48715188507562,91.74280726588997,0.5537457737591769,0.41893622217013177,motorcycle
0.05,0.7881133101021005,7.0977210743166035,78.57779946840546,0.6281347126805218,0.3103582706781651,motorcycle
0.30553901030616637,0.4906082232381004,7.587472822248532,65.96912160016704,0.7549702093752264,0.35338344693701096,cyclist
1.0822728984728602,0.43908383126593176,0.6792546807275811,91.23021760093873,0.6963756205576626,0.45907071252215587,static_obstacle
1.653623495238957,2.2718853725650474,16.180722582352008,30.797316756343463,0.6783491971347504,0.6196672749897087,vehicle
1.8961798366223896,0.7804547302322455,7.851229776379478,85.5632443074555,0.509945071019388,0.5700381617770447,unknown
0.9030803297300075,2.5353124987642697,12.149861069504105,49.998517844435156,0.8249145694211898,0.610428349969872,vehicle
0.40137044069278494,0.4992267361301494,2.8224402302727483,9.811915171306559,0.848402164615481,0.6351622684141014,motorcycle
0.9387804207563823,0.5358369107631586,0.0,29.89132838854698,0.8237054828195597,0.6303016554842987,static_obstacle
0.9880640177844963,0.9178008637116404,0.0,20.356921135703985,0.8566745011776145,0.6248182372839226,static_obstacle
0.45160702969808425,1.3311791146868532,3.2241448155466133,85.41338344878545,0.6363713709619677,0.4347173181856506,cyclist
1.806097750779565,1.9516226049307468,18.183538522117605,82.95038404027615,0.662676797273771,0.643391014040469,vehicle
0.14170045000385145,2.2637498971485632,14.554886880362108,60.975621482942195,0.6894926406528339,0.640213359387,vehicle
0.9999242674744331,2.5490508911017487,9.080802518936494,65.50170740568971,0.7187764573148674,0.6297706564490071,vehicle
1.024885815926139,1.0560736007505096,12.088491218544213,35.887441859902566,0.7598827312209818,0.9422835288438915,vehicle
0.7154103157039209,1.0120203013280609,4.241018464811378,15.746290902728642,0.7821493833818627,0.6387976868248338,auto_rickshaw
1.0967172063384283,2.2766930693247147,10.276814461044317,23.145790892953574,0.828918436791456,0.7357286572838455,vehicle
0.31656283231116406,0.1,0.8560296039734182,14.915856445967812,0.792105373601384,0.43596207785637514,pedestrian
0.05,0.3937357725557175,7.777787490702206,63.633089019671,0.7324188771483233,0.4410680454869936,motorcycle
0.5545427098607504,0.23843252037606677,7.431012468886726,38.14342144070724,0.8778155089119644,0.4875712269923781,motorcycle
0.30292069411425937,0.5473830663320174,9.371825219155417,9.548567312416402,0.9605532808046805,0.6630511092923308,motorcycle
0.4367080583776622,0.5192082988568546,5.5851475406124065,19.01747838190499,0.5202740159824684,0.5370927008279367,unknown
1.3003883918253725,1.4659402171142628,13.32143851136773,67.04705375874616,0.5488966082086829,0.8435146297687642,vehicle
1.052510643747539,1.6948957386754562,5.688013109496068,76.7293361581165,0.6447625435276032,0.8548805420421023,vehicle
1.0307647537869202,0.43813174504738056,0.0,42.4041320178201,0.7995212212774383,0.487323845680404,cow
1.1418297913338586,0.6184145178652275,0.0,52.76832594672424,0.7240586560657012,0.6888651131065957,cow
1.6277477396741018,1.775851939618764,11.816894945290423,45.386667576275556,0.7156048106436129,0.783258868496696,vehicle
0.9465561370803899,2.461553157492368,2.5049528160737813,83.11200185653351,0.6348404263865071,0.5033505755341973,auto_rickshaw
1.3281080080770091,1.055691000624617,12.702673304779085,13.640991090228624,0.8151359598262229,0.9383986006704907,vehicle
1.4041824839067143,1.5249420338199555,18.458449759620475,63.18216683883945,0.7123432448894114,0.6974198200196992,vehicle
0.2646173654384802,0.4166478693563127,6.341576356980076,11.859655410054339,0.6712617983409868,0.6073845957166991,cyclist
0.5002575827365914,1.2293415180025586,1.3065175259105635,49.421969480496394,0.4890582986973846,0.486019770681433,static_obstacle
0.28044963339171447,0.42426173000643264,1.8262519550729177,49.76702415422836,0.6529010783997917,0.3775488483397116,static_obstacle
0.3238466910443153,0.4524241039331117,1.6754365939097209,53.28821962631393,0.7107062995101339,0.28876108422590524,pedestrian
0.4509104842210496,0.4180192711786607,10.912624406388211,24.083902597366365,0.7454247486821124,0.3713629691886219,motorcycle
1.3560472691320855,2.408217692041865,18.007757024546216,79.46088425044177,0.5958194792246762,0.8043501221310113,vehicle
0.16463852892129022,0.40038198208575354,1.466326986295355,21.81926408454997,0.99,0.41971114223954015,pedestrian
0.28923588685317425,0.267362920635991,4.429011431990608,61.91069366596174,0.66432457856851,0.5368086310027861,motorcycle
0.3554107678966158,0.4983286104248359,17.193683300998455,6.629849355916,0.8745862418015611,0.5800511534824063,motorcycle
1.1547933142274682,1.2511370987352193,2.7647976301081854,66.23740771462727,0.7040852036453916,0.6334182517703489,auto_rickshaw
0.20343270392006824,0.21703612878938394,5.1664484505910515,76.79341062281394,0.6580762150529497,0.49290068803561093,auto_rickshaw
1.4634288725765854,2.379340254170959,0.4722788534330765,73.36000431561496,0.6216213574788539,0.5385922790113009,cow
0.05,0.1,0.8040683685681376,87.0785776496925,0.5835000894597345,0.3744891694389654,static_obstacle
0.2317247753368976,0.34393985131144234,1.884341558458507,5.573945213135128,0.9460434305039409,0.4071457843558253,pedestrian
0.8695618962427704,1.6147040938828607,7.493047599243226,79.30221817211952,0.6859192202419037,0.7732296849568655,vehicle
1.5779853947505325,2.171394051407432,14.313859168697423,18.03668992028841,0.9098262583437949,0.8236958624495594,vehicle
1.1407081171157778,1.8160686884564856,0.38934675570286104,12.738055718753746,0.8224765889685471,0.8574944945883026,vehicle
0.7988840391834324,1.4820911168584574,1.0176194146354431,58.19427993710193,0.7558131225411533,0.38711196860547115,cow
0.6124595813675586,0.28687873969039984,4.8728191447992995,56.53706981447943,0.6455703592611272,0.41245669555491743,cyclist
0.05,0.1,2.3216823433306386,58.805798899547966,0.615917161547222,0.18224274483602393,pedestrian
0.8975591253578836,1.94101574310977,15.145377967115568,82.21670887991047,0.6282851777317526,0.6518516542090939,vehicle
0.6642406687968576,2.1862043083888834,1.1474073705160717,73.21964696467896,0.7373681991250761,0.41732189118657953,cow
0.253286292640796,0.2962220753499424,1.721076890643916,10.206724189918226,0.8653197222496449,0.5116899541920117,pedestrian
0.6257352444839983,0.8794185262972919,9.5545537724944,25.43187429981608,0.7662143111692987,0.5825231013445169,auto_rickshaw
0.18235838062411555,0.3314768425570857,5.752675500209822,91.13270945388443,0.5704303466995937,0.4760913849287106,cyclist
0.5502761792762536,0.7013658663771246,6.893949076421241,16.268238399953056,0.819724054884386,0.5696606449184888,cyclist
0.6707791701029161,1.1440415408416311,0.8823844409423759,32.058668570464754,0.8424971094236412,0.4455598347283106,static_obstacle
0.5112151613196345,1.0632560667693587,6.223988539757021,11.761559747943664,0.9211649549021327,0.6806444995010795,auto_rickshaw
0.9023925515316543,1.7939533119555742,9.020461513331423,8.089847228463068,0.8711556224919711,0.7413596468014824,vehicle
0.9003889348264511,2.2224038175124603,2.1603139294542104,55.79304556266278,0.717053732827212,0.5176462049167477,cow
0.6709176123699799,0.8490741549594584,0.0,56.78400373969915,0.72220535042783,0.46221639805034753,static_obstacle
1.0274741957656697,3.077102156543545,14.23484078299169,55.34657711221076,0.8094300573078312,0.7911638086472143,vehicle
0.9843636899585493,0.5583481416620525,14.224809417875145,93.54570545022942,0.44061936053590284,0.33490427328454586,motorcycle
0.6291460372119726,1.2665124806276897,7.968992920091936,46.29220838224629,0.6450407207327836,0.42668780623447033,auto_rickshaw
0.6042952516430152,1.4789697973139226,0.2797977484065487,45.88409688823603,0.7320214025985311,0.34921267389809807,cow
0.5741649215643246,1.4416961472516339,4.6669580574711205,22.435590757693035,0.8254203344199365,0.5056377989355838,auto_rickshaw
0.5347850553036668,1.347175542674938,6.2306048893361705,53.02621289539558,0.7270247363466493,0.368018019021205,auto_rickshaw
1.1936931174993488,1.7039107675527543,0.0,24.863316849581512,0.8686118591447098,0.5948130435122656,cow
0.17771083100684631,1.6019374825656352,6.8671937862342105,63.64273120410247,0.7675514811436274,0.4219614032392182,auto_rickshaw
1.0530868295853415,1.3987858204469257,1.048409982762706,30.667588365597837,0.7545685217251819,0.6493921204691847,cow
0.9354189998492048,2.64871640713226,0.16585418543779615,79.17344646799022,0.699249268909527,0.5205030017991215,cow
0.6801619044324989,1.135461979175718,0.307195329617651,10.826398946883257,0.813849702904871,0.5089775528597931,static_obstacle
1.0002902511615372,1.3200784412416455,0.47654616252789195,28.79106059540266,0.7760030627795259,0.5064423771486315,cow
1.5494813431503303,1.559121629845423,12.192889623110627,85.43817574493418,0.6417896821519838,0.7634089950882965,vehicle
0.834739564321333,0.6126768371883272,6.52303137191045,81.91271919285329,0.545973045988884,0.45734123450904196,motorcycle
0.05286903357120595,0.6570656813543602,8.937015152515755,34.78805827142474,0.8394095220599931,0.2899495038041696,motorcycle
0.9957501305046943,0.1,1.9016069473527901,85.88054800072742,0.5824486759778603,0.2977094010452498,pedestrian
0.4905037727975071,0.787934817848061,5.298356322384199,37.20996776531204,0.8863536340120108,0.3456799804482351,auto_rickshaw
0.5133343784820248,0.30435781105333104,1.7034751689837178,36.519361711835856,0.7861034783292884,0.2079822119747518,pedestrian
0.7913211621992663,1.6453854944450763,14.96881836699483,94.072358100787,0.5013802119387337,0.5182183563053178,vehicle
1.0586136254465561,1.1754341709155856,0.0,55.111052922696196,0.763165960661475,0.3404535954795568,cow
1.0740553353074547,2.2026334546757913,15.351934892745769,25.773055822395424,0.7506230076028503,0.9890799062726328,vehicle
0.6926435468473597,1.5811334685335745,6.997614217679078,36.41937039046229,0.6921231976566145,0.4845090144100661,auto_rickshaw
0.27973669141685603,0.5849604679648601,4.130175401158482,70.12033627949768,0.7530768818669503,0.537347436849129,auto_rickshaw
0.05,0.7394905678071448,6.825682879583779,53.24224648793457,0.5280862359292734,0.5767903958826328,cyclist
0.05,0.47133499845787863,1.7328162538692555,80.05175365320673,0.5000202077098423,0.2475048177750728,pedestrian
1.5835871242485908,2.972229875644253,13.886399006674878,65.82333797744828,0.6232545094348952,0.6786437939969358,vehicle
0.9197579123098419,0.9929044671670151,0.0,10.710460478894323,0.8319759448174691,0.5157814057525495,static_obstacle
0.8958884992322618,2.265807181789551,2.152917448999646,77.59725095527338,0.29417698170797846,0.5656494970030621,unknown
0.4466396097423469,1.5292762299785863,0.0,75.64965560529981,0.7280324187970817,0.40083146989548124,static_obstacle
0.6761894891531711,1.134626274591703,9.75102090807358,10.806134966423045,0.9374097938988627,0.7743409992781973,vehicle
0.62556772886331,1.5862979967481652,1.0580404051567842,94.49871612802436,0.6654716919994929,0.3354050386124501,static_obstacle
0.3652022089781424,0.6472608176111878,3.7272950091431873,16.92111117801906,0.7771380970017784,0.5453355066826866,cyclist
0.6144259593643729,1.1702032069016006,9.009569079600489,6.601540101154267,0.8283439268582523,0.5290748241594802,auto_rickshaw
0.5844455760905398,0.48287315892791755,2.2530398810453476,41.84411735932077,0.7725652834153286,0.20305103622923307,pedestrian
1.0536840740505402,1.66899904405494,0.5201265985028454,37.5758664483406,0.7729101172650762,0.6342649506648319,cow
0.8142907338556642,0.6480452110242872,3.123145833180458,49.769298817071466,0.5693506753975495,0.5053330703052378,cyclist
0.05,0.7480420598695904,12.986924487699074,53.1904099682691,0.7565584619522713,0.3881413626872795,motorcycle
1.212816310711289,1.8636732373992948,11.25784115822498,88.09279592365532,0.587351164328871,0.7852939788538736,vehicle
0.3179583002059842,1.170877558176111,0.4468560534710859,33.93045662381217,0.7863057491725283,0.60569917825173,static_obstacle
0.34164638493663,0.6012240959548338,10.82535119582948,36.01743984916685,0.8051640726119773,0.4918920644772257,motorcycle
0.26415989372946747,0.4340614236008119,1.0927924179509578,13.389032369738262,0.8385238165685697,0.4406684777096333,pedestrian
0.05,0.617851554048918,4.223198530389821,78.00060854666256,0.5876875823028525,0.4799444287049177,motorcycle
1.2124090841154387,2.11041514268815,0.015511695428813671,52.041925908197854,0.6801287711152357,0.35478071935102584,cow
0.27502278228663385,0.5272056394024169,2.4720354157171314,26.88455190158967,0.7726114437763307,0.38841137674749143,pedestrian
1.297016498357983,2.022231106715213,14.419856750853054,33.327382951261654,0.7876143656543607,0.8822723263466852,vehicle
0.6406516491663514,1.3675133597955922,0.18873684014960443,22.562984286219784,0.8373041070619643,0.35966011465162007,cow
0.2912352542760599,1.0400941198094709,2.5084545682996624,51.37847023022189,0.6469499559475773,0.341686734700815,pedestrian
0.5642065156906926,1.5120519274353943,0.717418030459796,31.235877450102343,0.8069814943038394,0.4875973703877975,static_obstacle
0.8984973868914624,1.6962226526595199,9.930955589373843,34.7948310666813,0.7216219306255711,0.8016997846466352,vehicle
0.6471367492376843,1.4009192897982308,0.0,94.13210819530616,0.5237664451887374,0.4131418573281835,static_obstacle
0.3030445161019279,0.4120689220286695,1.2245301869612013,15.98283636607263,0.7616208046453632,0.33612375328946736,pedestrian
0.05,0.3725216819245372,9.556084619105542,86.25186670398308,0.6511949673408519,0.5895121350877045,motorcycle
1.244377895535432,1.0598518621209512,3.9881194829279822,52.26854625113796,0.47180682363610316,0.39980054428695444,unknown
0.4201994411359254,0.7889339498037331,8.67065741281161,67.07198125960619,0.5747206102443589,0.5765529242482791,motorcycle
0.7925440222251491,1.6417243746657184,0.20070801446402908,34.64831179963824,0.8314320685045236,0.6087601044827866,cow
0.2020053803122086,0.7875691847352269,1.7624218069715305,86.65385725350293,0.6786069219985043,0.1524378177404772,pedestrian
1.5122045880833004,1.165792862422293,0.0,90.59018111681146,0.6829863440023656,0.3629010835656092,cow
0.056844893071394176,0.18244062285691195,1.2982490690738295,16.26162939686531,0.8608007979023121,0.3479033811026343,pedestrian
0.2747906626327509,0.32765093811452894,0.993638219461076,11.174597288596711,0.7671649414265997,0.47267397465866157,pedestrian
0.39536015878493025,0.9412707536821654,18.00821840858819,84.68502261204713,0.5454723670804024,0.7725637660987741,vehicle
0.23097190303792828,0.1,6.410827291133109,44.35057684950351,0.6729307833620256,0.5201206821312496,cyclist
1.117831789570007,0.1,7.380127359733418,79.32336137974934,0.6029831926614031,0.6960871982203686,auto_rickshaw
0.5691851535877284,1.6808804574923322,0.0,94.44222740310765,0.5420137294126697,0.36407279991396824,cow
1.6347832177202992,1.8815046069081285,12.01724584960424,92.3520789677911,0.6211073530942972,0.8935578624064662,vehicle
1.1743491031889939,2.3546566157356557,9.9025519203122,17.72377937429497,0.7523194145243507,0.7307954055237269,vehicle
1.2323294137175724,1.275460240235576,6.572748094827248,59.24863869549541,0.37371082789462595,0.3077233701182991,unknown
1.2597764083194867,1.1425461416624694,11.306865063024775,82.06341518899475,0.6995571439155286,0.8201657795696882,vehicle
0.09497951688167228,0.7438444952172654,4.235674808898847,68.93922274167824,0.6723251294235167,0.4181250191030853,cyclist
1.6006816145371605,1.6168977495248076,9.334016520446571,16.56866097514813,0.8927690871827638,0.7757838997337267,vehicle
1.1238630367022817,1.3976227385683448,4.0553435917264515,82.2365969255187,0.588842012593577,0.34938129038163546,auto_rickshaw
0.9936677849516689,1.2992725078497067,0.3483700755802709,12.62926893187472,0.9508510643643896,0.638716607547096,cow
1.0804895457350172,1.6277788056833338,14.708651107075497,76.746025243518,0.5626423042003897,0.7712201894235154,vehicle
0.23641972858790028,0.4200891118030816,1.701214759414196,7.824740575717856,0.8115853025129474,0.6025532351166315,pedestrian
0.30883455925029146,1.2224456720834935,1.3961417354579235,91.55763426541172,0.5428986064567906,0.4489212754524213,cow
0.42392775256591164,1.4393496554429113,0.0,30.520893426321145,0.716283002328981,0.49873352652076025,cow
0.9302313536311456,2.614340463260762,6.262452325589324,91.84047111300337,0.5554828276518542,0.6739640829187445,vehicle
0.518705520293411,0.6992599858541453,8.759859297622608,50.765371485202316,0.7274965905438929,0.7414448596099599,motorcycle
0.6725054681482552,2.0391322607649456,13.109703650960558,68.01166062103576,0.7300050233969319,0.7759536769120033,vehicle
0.9073437078877431,1.790397197595722,11.048500340713984,56.71366247338966,0.6541951889124389,0.7895789713715453,vehicle
0.195261418045401,0.6144216199453408,9.483008146834836,6.053236412980336,0.8376436778414914,0.5733892841610528,motorcycle
0.8060694882028056,1.811388904140978,9.988943868852694,55.73420729516842,0.686356484905764,0.8387719944380457,vehicle
0.8712888782164268,0.6436103979244542,0.0,13.779346471618974,0.79616305165282,0.5671514816193788,static_obstacle
1.407730301806054,1.7107052589309024,9.509744262715357,56.33529206510866,0.7105780813291741,0.6979847466526647,vehicle
1.2450798200150566,2.049577535281149,11.551875914641847,10.324048598355137,0.914953269923837,0.8593925092621809,vehicle
2.147376973606052,1.490793765592306,0.0,82.80569847601032,0.292755962550731,0.6882379489541526,unknown
1.2225077073675394,2.2028262045095253,21.469312675564304,19.087313848078846,0.9489476096349907,0.8977428191697916,vehicle
0.05,0.1,10.970966953900092,68.24869347258415,0.6002683587539596,0.3755057772941808,motorcycle
1.0783663539367392,1.9903119225578132,12.366997635164092,69.05494325545138,0.6512966938841608,0.8137176362927326,vehicle
0.6252328487445894,1.8395792752068225,5.288308087716866,29.807980721804963,0.8014377870727352,0.8477974425615558,vehicle
0.5359401782798305,0.1,0.32460809727890694,76.97109229473327,0.5535511640755819,0.13996947325430492,pedestrian
1.2024243045384022,1.3239506344631091,1.967625028661199,91.87048935551216,0.6174579610547575,0.3417372929162152,cow
1.9464964070870594,3.0147976200946225,9.747777252158627,64.6083971997914,0.6871635450028181,0.8772205637901189,vehicle
0.7963262520112315,0.6436651412661276,6.6924254018505875,94.82641282330134,0.5541274124707177,0.3427105987898034,auto_rickshaw
0.44269084389875224,0.1,4.223495910498243,41.59053530812933,0.7673151275560368,0.54278974694372,cyclist
0.8604093196230812,0.9691300201331452,15.06687750484297,80.61135439210257,0.5908805909881925,0.5094348692139008,motorcycle
1.3097748268987255,2.0221176126950446,8.575801222072378,30.349769190038764,0.7964665213853641,0.7763704601443847,vehicle
0.5080589028922422,0.44282271430039943,5.118431491654887,83.57786556932207,0.7286198110250216,0.4647378850684565,auto_rickshaw
0.39210944036640627,1.0276078686063181,4.079560759035537,73.34703021981932,0.6657792531204277,0.4047227299221466,auto_rickshaw
1.1528197128738067,1.670883024115101,5.77710197756881,90.61896046206564,0.6185783629073786,0.4846628947892612,auto_rickshaw
0.5162881526639368,0.5111009760043149,4.765255150695582,42.447242945194944,0.8090683407685467,0.5967017510557968,auto_rickshaw
0.47334887200559034,1.1602251892335875,0.07739501538013462,22.22052827012066,0.8542281395854262,0.5998070875366058,cow
0.8226807430869627,1.5350299252291923,0.0,84.78179133654758,0.7041732173857159,0.35279919550286015,static_obstacle
0.34792035241586794,0.1,1.7420458277830835,86.68816393894971,0.6847170199008719,0.18087499500851761,pedestrian
0.5429622903415802,0.8059437895058663,1.3988326763073762,56.53615561632541,0.657511406699973,0.2570248432786632,pedestrian
0.43843513139804025,0.6683042362944331,7.2350741917294075,29.01395900651536,0.8642081166644285,0.499274044836293,motorcycle
0.4569539886953481,0.6087090262693831,0.0,59.03192169581736,0.6402352181884655,0.5894956474281983,static_obstacle
0.6843863913193464,1.1258903750781237,8.508068464110583,9.310821932068235,0.8221432558539867,0.7591428380178065,auto_rickshaw
0.05,1.227846802037604,2.82104988736567,82.40448917265954,0.6289621692714173,0.2638166642417569,cyclist
0.2791866809844876,0.2771245187831856,1.055662407907928,16.05990105152501,0.82857684835165,0.26822735623509397,pedestrian
0.07965736021389416,0.34563926612886886,1.291215293162741,59.673363570411,0.6067462504923569,0.05,pedestrian
1.171397397677653,0.6353575970373432,0.560221048564903,56.57635926652382,0.6953470602944221,0.5007336803870072,cow
2.0865974549600717,2.187886031585081,12.417186125219322,59.831452001473004,0.5701592203691388,0.8316418827380792,vehicle
1.23903735779546,2.099684967795847,13.5643625995277,12.898532703099734,0.8608238867288092,0.9893544491871006,vehicle
0.6649371842905974,0.948585795256548,4.900852471240126,62.026919353950206,0.7329997765212364,0.45086740057103636,cyclist
0.24556990626127495,0.28915016689882167,1.4341860713337786,5.781308830367779,0.8094754778875954,0.4508980468286923,pedestrian
1.0064688880178496,1.0981633544439644,0.0,73.26020300068181,0.6196212291355337,0.49452561618884416,static_obstacle
1.2424278789061263,1.280639549723568,18.498069087877003,24.166890500129078,0.8013755824072495,0.939835861695516,vehicle
1.0882589292004825,0.9795437915088349,4.89955008006701,64.4748168674347,0.688708966498152,0.32470005593469,auto_rickshaw
1.1709547607311237,2.2683106440936447,11.210661040587556,22.948597247356105,0.9300760152021978,0.8245826801950182,vehicle
0.67628638115771,0.6577864816577238,4.252917457669447,46.896800478273455,0.7391802438858194,0.23042103608871628,cyclist
0.42957723663470004,0.4254603734940454,1.036101615225684,54.02980361048215,0.7029891167128317,0.3412658103983389,pedestrian
0.17171221803845732,0.6889476812563762,0.0,54.25958681088345,0.7035009105904195,0.11541718204448276,pedestrian
1.5555728942114735,2.171670888492387,9.902602677232684,14.29485489787103,0.7737073504879943,0.8595250420021809,vehicle
0.05,0.5682699578856951,5.038877242226543,52.358780905161446,0.76367600046861,0.4645534543222053,cyclist
0.43119967234054435,1.4273372173300565,3.5785415690385616,93.55353815314561,0.6714270842331511,0.6469229452794067,static_obstacle
1.59329209953656,2.2118670812720054,9.466200319008214,68.63443744306895,0.8102890673598493,0.6242714626411272,vehicle
1.1773126461378618,1.6729472358497062,2.1410264455552515,46.880530405884585,0.7244852539800588,0.4216760903892904,cow
1.7865185621914255,1.488816393989435,3.8941939852305585,94.87885267479899,0.5873625761136446,0.2924076821697174,auto_rickshaw
0.4711940133851221,0.3233140925141478,2.8469397744979488,37.64631813087888,0.7929178187691744,0.5651122803915392,auto_rickshaw
0.05,0.6430400775404999,1.504153342661125,42.83860605264063,0.6695031525897047,0.3570018072205833,pedestrian
0.4041432506337927,0.7787170148997563,4.318602024391286,51.30679984595089,0.6527383900823008,0.4998511381291525,cyclist
0.05,0.2666526323830867,2.2840164489565185,47.34241259675274,0.6845384870098273,0.5537295828810281,pedestrian
1.971381543346871,1.5402932137264285,13.981425531372484,88.02288804028818,0.6650560365830782,0.8085893665400257,vehicle
0.18984522471809506,0.4026857932495862,1.785707342243756,11.542280532691679,0.5257924707563472,0.4448846313217937,unknown
0.2137920408653539,0.431626500009147,0.8895064491380371,26.885081617315613,0.8944747926351331,0.3024992141465896,pedestrian
0.5240465039666797,0.5262361250924048,5.748957358168306,88.4715152219084,0.5453216696048824,0.4191655950651856,cyclist
1.2259259729817684,1.4537076707584513,0.02775547205747525,30.28649478557194,0.6403420497364192,0.5606912586615387,static_obstacle
1.283474229531691,1.7003515246689827,3.7001417214624084,81.27104167070172,0.6711808746426446,0.5408226344264703,cow
0.801319290356052,0.20767285532288782,0.0,86.69839921164254,0.673039170501113,0.4764168242407275,static_obstacle
0.527914953755226,0.3972310974423388,1.0279927178822728,91.96796380031714,0.533356888801448,0.18863675837193553,pedestrian
0.6201234072051991,2.842635507968989,19.159451956833195,42.84937392080465,0.6755020436223225,0.6347684298532682,vehicle
0.718461202390196,0.35463171054954856,7.1598921490184795,36.323504907938506,0.7743162919870017,0.5811525550910064,cyclist
0.8012992800860005,0.3474985704850093,0.976286516537492,47.66568117390569,0.8039336438918074,0.33497368001420363,pedestrian
1.1099998282484114,2.1559638046026195,19.087957111959565,44.429431068281865,0.742892657043139,0.9805162002849118,vehicle
0.05,1.4800612273538467,2.672332684703148,93.72212156736695,0.635584786095383,0.3006922000405089,pedestrian
0.1668816500458881,0.1,1.3377101856186846,43.62372540967079,0.8472264255262195,0.24470074195231695,pedestrian
0.7164799329594649,3.307303153583647,7.656517163978252,87.84019615062071,0.6509491967653784,0.6557760517548065,vehicle
0.8636832608545455,0.21806223075155723,2.5270810762853224,81.90816802715116,0.5724737922225348,0.2904632490007089,pedestrian
1.3778266663214027,1.5244982686427044,0.0,34.30530564147162,0.7812195530227259,0.4953083737992266,static_obstacle
1.2420667966594592,1.3946859935524645,0.33568433606392545,29.240779977477942,0.8037178358373901,0.5636489294426997,cow
0.6304875825121306,1.2073261503569628,4.063287026222933,38.77770578256429,0.7461752109703964,0.5650011930231297,auto_rickshaw
1.3002565500496712,2.0137982624922963,12.29094211715428,6.365568575465129,0.8520937080952548,0.8059233904761716,vehicle
0.9370535442049353,1.9311189427926168,9.079875568396963,38.81306969798752,0.7792171266367622,0.6903680040132457,vehicle
0.05,0.11550980537743694,5.5254323736913635,59.13436576774472,0.6646900755292303,0.44039810658510964,pedestrian
1.4355897382354552,0.3956522303562704,0.16155703437382715,16.349898320312576,0.707343257861381,0.5612916466213967,static_obstacle
0.8680771601927038,1.6235882181968828,0.19313449155720414,9.839761515384417,0.9460298736053343,0.4556374249549029,cow
0.05,0.1,0.7469451256315403,43.98423974124776,0.6508564917438436,0.3448622380796379,pedestrian
0.25479628234450336,0.8036787897476232,7.693936389386981,39.86226407371647,0.7919128933593204,0.4513866620025244,motorcycle
0.06226778644372097,0.1,1.7582565563387018,43.70212286105088,0.6121957065758431,0.17130576376966164,pedestrian
0.2591991321544889,0.8919481504334966,5.108107067881069,45.53122543972956,0.7073142432041972,0.44330069585594317,cyclist
0.9085667228018139,1.632419483178879,3.2705669916442686,76.63422542489191,0.7189485690064854,0.6014073326701455,cow
0.30216940846472173,0.3800823083528881,10.359485702207179,37.23045948538431,0.7528040277214441,0.5710435904534534,motorcycle
1.439075396424568,1.6489551420065025,0.4471041065597201,63.571742754807154,0.6497034070754041,0.5449022039979927,cow
0.8542668331241817,0.8728995869415055,8.270613384665175,31.78502822492835,0.8271050406510292,0.5035468608914193,auto_rickshaw
1.4984199826507643,2.0509694263357736,16.785831273872777,15.319688552776432,0.8590491235376168,0.8024239989825718,vehicle
0.5891276860004232,1.3671924221437322,10.1381684014049,48.99253169614477,0.6208374427244703,0.5059611565381036,auto_rickshaw
0.5269183489062059,0.6650608122368414,0.8768348245381633,93.65859710058179,0.5764615889572569,0.09668076760450758,pedestrian
0.19672525992847634,0.1,8.890442268902605,56.803797389011585,0.8004373759158144,0.41572488733400553,motorcycle
0.5711949336871306,0.1,6.7728147790519575,44.27909973452725,0.7046324069355732,0.48457311811358633,cyclist
1.0340285871385129,2.403868967054208,6.7052981766605235,83.23546307214998,0.6003917233086713,0.3938685374939844,auto_rickshaw
0.3380897324428573,0.13575694003601935,2.7207125861958135,69.20771548106045,0.5921765603709432,0.41974990521410865,cyclist
1.2053092303439599,1.2954243496856213,0.679313021355027,37.76099498136075,0.7149086601236021,0.3988603462483903,static_obstacle
0.21243444377656645,0.23427112908650993,4.849243616160385,71.71260536448382,0.652896636064314,0.5429775300689884,cyclist
1.42046666860865,1.2253114235089901,3.346318393019841,87.41874777630056,0.5814173036379854,0.5127958606762371,cow
0.20388799498735488,0.1,1.0948380343815332,45.20009520152739,0.7278975272155718,0.41809361386086175,pedestrian
0.05,0.1,0.0,78.86307526574572,0.6475801092234585,0.4104899240968754,pedestrian
1.325054423389885,2.023770185398548,19.111449226239145,23.179554042595363,0.8072107059921874,0.9283835239212137,vehicle
1.0471359236549544,2.0649986125861526,14.409522164919954,24.61941329759328,0.8978189533760289,0.7421159634999556,vehicle
0.4936406421888461,0.7153961878755066,10.835029239689836,18.41020743479839,0.8202673203061844,0.6847225664990089,motorcycle
1.0829010834498405,2.2058482019781263,5.7574266613399985,33.10570183003297,0.8331521443692753,0.8109645015680769,vehicle
0.9626199726857495,2.3148678528016995,12.487078843203198,63.48401029849709,0.5227781007684822,0.641863160548294,unknown
0.9165679795824032,2.5752453889041615,2.0222308592482103,83.09199894630278,0.6306516903964393,0.799934549588995,vehicle
1.2522255068497852,1.3479354110660318,12.035460770249147,21.452002722106787,0.8621406680205107,0.7605384939348026,vehicle
0.8056281107354157,1.5914921740497716,5.325978214021523,29.593620910002407,0.7618108905302043,0.4179182675328059,auto_rickshaw
0.9531547423890248,1.992460757026353,2.3749607215787845,89.70304524834918,0.6198397765106322,0.4123493135883862,cow
1.1579206717963593,0.8032357588333674,4.814039876384932,64.07274297209062,0.6311859075146423,0.4566167643287009,cyclist
1.1621478022466223,1.5722329819268022,0.4175066615537316,44.291401097773196,0.7586401240772493,0.42956471723944706,static_obstacle
1.1012919441365148,1.2631151640670644,1.092544614269428,26.19051310642488,0.6623436623893665,0.6898784935661478,cow
1.161929434912887,2.117936682011764,17.86527837979257,13.133277366123032,0.82171348962953,0.8681940927195204,vehicle
0.5636330057395538,2.9829121774311025,12.746641737140429,50.670715706317104,0.5472652666978779,0.5004685650197552,unknown
0.5836313708173518,0.1,8.916153917091933,69.00000206455171,0.2670753453500518,0.44490899052342225,unknown
1.2822088109258678,1.4789569181289326,0.0,26.640331286727154,0.6809012156833835,0.48785008495734644,cow
1.6576436801435137,1.952690467540991,7.392261021405162,33.26132392203514,0.8693044113073775,0.839000395804041,vehicle
1.156129798849971,1.9300247911725177,0.0,70.91141626831082,0.6936804363187745,0.507429512084014,cow
0.05710346314260756,0.31900793602353966,0.099596013339869,20.43588406822185,0.8021960968696731,0.27141483801881383,pedestrian
0.621240664748366,0.2865789610569048,0.0,65.72867372522768,0.6054181748642689,0.25875341203233104,pedestrian
0.8742742684771394,2.217094627945939,13.483854479323384,73.64051815788987,0.6883941397721428,0.8865439267604279,vehicle
0.08621268876242227,0.2576012747170071,4.031328461773853,55.15236964566908,0.64005842795987,0.6498071292725887,cyclist
0.7507484470731944,0.9874877665215878,3.510376247635735,53.908671313273345,0.6899994718879129,0.48070377520999824,auto_rickshaw
0.8181769775104277,1.3328136877463705,1.2395210890066641,46.656028189217956,0.7882097238825799,0.25388748471951506,cow
0.8180805009988456,1.5254358919037185,0.8317800169696857,84.83627866241615,0.612787750013664,0.4496929743383169,cow
0.05,1.320481275827372,11.666778749353545,84.54598737659084,0.648657802177376,0.43138133616685664,vehicle
1.0212248044791339,1.1312444276419804,15.38159478707408,73.49185437939022,0.6288540934030031,0.7661778285684938,vehicle
0.9876707670712821,2.4647924228273363,14.587443214431968,66.71693590974353,0.7888469604753737,0.9645609650095728,vehicle
0.9551796616224792,1.1992215330855667,7.1197888475529165,87.32208390300298,0.15,0.23496687878147393,unknown
0.5070526392011963,1.1406924926393507,0.746143391771253,63.811245038485644,0.6280803744230095,0.28805324844099184,pedestrian
0.05,0.8038017963708292,4.742813462987418,81.23640239220232,0.6773562563194059,0.3321185072326752,auto_rickshaw
1.1280230096868478,1.1972314359666294,0.0,13.849130038276744,0.9774618652997925,0.6197046927393771,static_obstacle
1.3336002562106708,1.5140448253789343,16.772287185846974,7.712718595027523,0.99,0.8344755031289506,vehicle
0.8119659923282665,1.3794969242192632,0.0,32.27420734867279,0.9160160203416405,0.6345477465419196,cow
0.5818784138765652,1.7549657652922634,6.731770067073724,67.62076757810843,0.7326399652884032,0.48477296814783133,cyclist
0.05,0.5810363243989445,9.357837867318255,68.77054117237553,0.6149483599585136,0.4882545027906028,motorcycle
0.1769551372058551,0.5202920896642446,4.782015182600886,19.674501800783556,0.9283188888719387,0.6507653594513554,motorcycle
1.2957531507097264,1.4988049079813879,10.882340940698985,92.80748471878704,0.6257373672131641,0.5858284711913149,vehicle
1.733706793619107,1.814152076203743,12.302452789000824,64.68928945686105,0.6989817006007605,0.8552259219752187,vehicle
0.1271008151140507,0.8306208161407418,0.7780279764102156,32.13630817155802,0.806129642338635,0.6077884385247772,static_obstacle
0.05,0.1,8.495233680379771,63.404774235709944,0.7071971715805389,0.4159043542214357,motorcycle
0.9690014874734365,1.7735581058702916,5.557355723360956,25.513939160343895,0.9499716231216827,0.8773951877036474,vehicle
1.2540296869504894,0.12739314647793187,0.0,80.59920760849838,0.5607820686590986,0.5040869186749188,static_obstacle
0.6996831483710019,1.388306274037551,0.4915627613099072,29.935465287597516,0.7452285758799194,0.637749191493322,static_obstacle
0.49698519933780794,2.4860466651313704,1.7747775905105383,64.4670246794516,0.7238275000825771,0.40270938194935796,cow
0.2102681659091816,0.28168208759041946,0.8814580137276242,5.7462627336480985,0.9350082626086695,0.4861374448592217,pedestrian
0.4888515139403239,1.7202941582602467,1.3394507392966746,71.51114692485629,0.599280658015156,0.4863367175462341,cow
0.37253122943303785,0.5248359224566707,10.591145252706227,11.407846503697915,0.9352312876143776,0.6507706813687977,motorcycle
1.3407197474686765,1.62434300795453,11.073898932752442,56.045579016668135,0.733870218410003,0.6732159907331206,vehicle
1.0023724668057241,2.6213909760216643,17.98560053085874,10.563412446000855,0.9087670500935736,0.99,vehicle
2.0953681393407755,0.4338942362258059,5.610257146140949,76.0297632284835,0.16661277211402087,0.5741682626102002,unknown
1.9364885932264095,1.584251285919736,8.206607108000377,70.7959735968612,0.4975221336439335,0.6402889587467058,vehicle
0.9666614160028832,0.5818513515070871,6.039210876958888,72.67008124777797,0.6499903358718134,0.41628453941314314,auto_rickshaw
0.13226175921642463,1.3624896048662287,6.55917172016987,82.83504331188365,0.5723029288932656,0.40712991614541905,cyclist
1.2467120952111437,2.0048391587055683,9.919091915119246,61.5389069449623,0.7039995043961443,0.7546827710021099,vehicle
0.11160319298111063,0.22373106967211084,5.6507072203688,28.460941415103786,0.7721711198846877,0.4863288846922808,motorcycle
1.274763936566556,2.0540235763710664,16.677317649406582,34.1032779710918,0.8432776406968078,0.8469832947863035,vehicle
0.30287065542417746,0.8692698609773699,6.499099299174505,18.968610126135506,0.6852671593745704,0.5953792703425137,cyclist
1.0873527852864657,2.2662354117222065,15.713505458027342,49.654976469476075,0.6383151495268194,0.8410987515438135,vehicle
0.6575212554329055,0.8786917187359176,0.19571828679848413,15.30579073210324,0.859939854717296,0.5390321109491218,static_obstacle
1.0821816751392925,2.368711055442246,12.55526819304767,27.260434134625505,0.7888283473112551,0.9598069719344569,vehicle
2.006966994898982,1.761739471755993,11.093463750942856,73.00951267261493,0.7108647917573556,0.7088999456636522,vehicle
0.20099596056318386,0.10955915450942955,8.366220509991988,59.487492591657414,0.5972147639792864,0.44942535032835396,motorcycle
1.0164064366529766,2.253733097067593,12.743708926607491,22.676537088416424,0.8701996234290331,0.99,vehicle
0.9902885849001645,1.1445820291513846,1.3928861198363993,53.6535188565574,0.6663713682920291,0.5387495501470396,cow
0.7545812651462704,1.415608718110089,13.189156015042132,80.94668523817764,0.6582951523719297,0.7495182045369797,vehicle
0.8320390682909423,1.0004875321492317,6.385558156040352,43.340457147470985,0.7245496371169021,0.5841212052918316,auto_rickshaw
0.4226105382711157,0.40142966916245093,1.6622235395443248,31.352539882559253,0.7759247773369645,0.48271492146246386,pedestrian
0.1982572429619785,0.43920808702851566,7.859348746226848,42.63825059084517,0.8350005505028685,0.23956552641950268,motorcycle
0.08909993701703356,0.6854949364164411,5.647042050024734,56.16629720518002,0.6975830347497125,0.5131412118913901,cyclist
1.1087994426032382,1.9149041946632641,12.10536372593826,18.915126319714723,0.9303407209017587,0.826481808451449,vehicle
0.05,0.24213946988926002,0.0,81.31869139354215,0.5771830300401728,0.05,pedestrian
1.0301354719548508,2.0723944173677444,15.406026703843455,84.87342653613548,0.7748113468059428,0.7165571854570932,vehicle
0.6305623952404235,0.1,3.3982625031286617,76.07369065719622,0.640076683472525,0.5898920681650754,cyclist
2.5056083845434074,1.6906455529201971,9.813717359378046,87.94143258589095,0.6096501643666867,0.7650593559826662,vehicle
1.2157526831095038,0.1,2.2671130848984484,80.59174988144639,0.703417787283575,0.4761320602936136,auto_rickshaw
0.7985518226182919,0.9617704808033638,14.010769702533542,47.780912636289756,0.6152562928734008,0.7384922804059257,vehicle
0.5380794734590291,1.6225436561229551,14.87137446306596,63.706719523696485,0.8225760066804684,0.8089755762036628,vehicle
0.3477917270998775,0.6544833028336174,0.32386865779985874,10.200127285679839,0.889553231116273,0.6555239938527522,static_obstacle
1.0337921576392286,1.1006082106809632,0.0,76.82381990180733,0.6115012274118844,0.5361249913772973,cow
1.1288035897651616,2.6867319315098896,20.0763231074961,9.785451669651842,0.9003918385720464,0.99,vehicle
1.4189937480117993,1.8169722408881634,10.010735556037776,11.025606051050197,0.9878201230630673,0.9332498592129668,vehicle
0.2882976274194912,0.27002355771284714,0.6221026459235492,63.93113183177425,0.7519147596806472,0.4921762525271178,pedestrian
1.2716647565209387,0.8536268852879654,2.4342719131882546,53.81711535464263,0.7578573112242016,0.45396084511794277,cow
0.7617754167110775,1.4342229870193843,0.0,11.154300989668828,0.7848291457277298,0.4831263328933285,cow
0.17062849302012573,0.6173767728368122,5.742075969963825,14.907430327403675,0.8215749320975078,0.636921760231724,cyclist
0.4859176972909791,1.6448245613238979,5.113519727578177,30.60471056501428,0.7662319401119188,0.4657507962288762,auto_rickshaw
1.1933256383476085,0.9429984796186899,1.494811513972297,56.122932989725086,0.700459163639855,0.33620790746400275,auto_rickshaw
0.9887410580658931,0.9776132192170712,0.0,21.661443551589613,0.7806551911546478,0.5535332103170287,static_obstacle
0.5682023858387764,1.081947689828631,8.087281188055716,47.70666801627259,0.7326113860923803,0.4957601225473469,auto_rickshaw
1.2736638541806518,1.459254086765891,18.87682968515082,41.72829226742288,0.7644016360979393,0.9249498401658651,vehicle
0.3235565957869975,0.7152998618061566,0.24102753463051663,79.23982331136895,0.594288439585594,0.18613483775852957,pedestrian
1.9373063733494724,1.6513542684522466,12.63540250822912,67.74898403351008,0.7177599987018933,0.6971188988319624,vehicle
0.05,0.4164597639051168,0.0,57.127695206692934,0.6901638811863137,0.41849462252143865,pedestrian
0.6292095969313131,0.9158012924224168,7.41675770019517,18.98329227088714,0.8347144998571983,0.4055038621176148,cyclist
0.4931431041871539,0.1502625067155566,11.159874660510548,71.04278425480165,0.6596507125640404,0.4801522063834523,motorcycle
0.05,0.7371697146035276,0.11390788647332739,88.41636888464086,0.5750460906084398,0.11452616689515646,pedestrian
0.24585164470976492,0.1,0.4862109653732065,28.166439963142913,0.7880190711808275,0.41306912877978835,pedestrian
0.08336527954517065,0.7313776852038835,3.987819116984072,39.13170077858611,0.7465202396945239,0.49161468403750946,cyclist
0.389644638299541,0.6445645476073621,11.329470946640043,10.686024495843743,0.7613992905528795,0.8338426610666934,motorcycle
1.200561443544263,1.9458336549201445,16.96318721147285,48.46517902160986,0.7778516132997595,0.8148662477799244,vehicle
0.11868953596050469,0.5915291336759945,4.1415864900653805,55.10477163884214,0.7420214361184083,0.5353185950599113,cyclist
0.08615431006884933,0.1,0.5753452179882312,78.88362726381204,0.5456486914877157,0.3005903370209456,pedestrian
0.10852676249159332,0.10632954532782318,0.0,91.35165154903365,0.578592113080263,0.14082557342215457,pedestrian
0.8536842770281412,1.4357923397372439,8.095049201194941,58.733730215121554,0.5189258591482745,0.4584406614510201,unknown
0.05,0.1550577204679252,17.446901432386536,73.95354273228111,0.6241062510016888,0.4468317271998002,motorcycle
0.22705487007139386,0.468916228469504,0.8414805645091452,31.482536727961502,0.7132858769312593,0.43116056621096893,pedestrian
0.313364675123337,1.8426602907075795,5.345547015024876,79.84881388491756,0.5683187611615532,0.36495370982017417,motorcycle
1.2460741501532238,1.5006130425102844,0.24632610790557416,27.158147910361468,0.766648413350248,0.32976276684027706,static_obstacle
0.18960341924567298,2.1078819142168466,6.457589642440452,67.88552617034149,0.5708136934359858,0.36823508620449313,auto_rickshaw
0.5640601208006852,1.0185564289426117,4.783570638758194,70.28005386768878,0.6869173164222069,0.503920988103472,cyclist
0.5414437253362946,0.4236093866242017,2.7395981094029747,65.70296446857428,0.7166995411970892,0.8833835760962357,cyclist
0.3498829330600545,0.7728243544979759,4.911438548230005,9.791895835758735,0.7990445902002595,0.6429121054819736,cyclist
0.9419172441771022,1.3208556296178184,0.0,10.974254655141593,0.8921985387297239,0.6296471735638036,cow
0.05,0.1,0.0,62.01618156082337,0.6810350785798269,0.35123848849819794,pedestrian
0.8021462997048208,0.3234840273657807,2.625961298792113,75.64622209291221,0.47248991557795184,0.33013081727155613,pedestrian
0.8778922747651814,2.3285730208576094,12.511467466779889,52.0056932272988,0.7924722047630416,0.8944617863910143,vehicle
0.9951675636330731,1.3001838553337093,0.0,17.110476560557714,0.8671417921872333,0.568624220476407,cow
1.36937547662664,2.452824512745613,13.582275935219478,71.93276870256616,0.7168319215838843,0.6996242215650494,vehicle
0.4925617926340045,1.3580166309164388,0.0,57.92378040890849,0.6189424302091924,0.5808906232819286,cow
0.35599104690455297,0.36043591746648584,8.881010957179642,34.29238019954351,0.7711166396504768,0.5210802618925603,motorcycle
0.05,0.6263230590604096,0.0,63.94131790566261,0.7328934223253037,0.05,pedestrian
1.0990893948871747,1.340685042357298,0.0,29.371576671267206,0.8153859705701277,0.533707609512832,cow
1.657786898649051,2.1607540544721378,13.800837396015188,72.49664495480242,0.6155577498391878,0.7502002257130138,vehicle
0.5082539881418517,1.0198011055347083,6.356454994717959,10.616208824918358,0.8372034841826992,0.572937536123856,auto_rickshaw
1.1001318753538836,1.8432913577853132,17.019790965857336,14.93080050098995,0.8119712575003656,0.8797856811114411,vehicle
1.2093946020395108,0.16413525456376554,2.765243902366084,88.55346593489459,0.6576784287832975,0.48364142413189143,cow
0.3428175661319729,0.9568332869280257,7.8026095926668075,54.69384375923329,0.6883901344990616,0.33406499625011754,auto_rickshaw
1.1287680282325563,0.5785244961103055,15.524891696921523,62.471280026070865,0.5879523505027254,0.48059820788076196,motorcycle
0.7432809136832499,1.6907059415422896,1.2312368748959936,43.25419344223812,0.8135792523042232,0.664708081640967,cow
0.6820415495314152,0.8720571584931418,4.799692977339081,25.594988379760768,0.7969542133882392,0.5178180781341626,cyclist
0.37829268755410284,1.3230216845785185,0.9836228145183441,90.7774081000145,0.5110818146567061,0.1865860763425403,static_obstacle
1.156409912814208,0.5245421425458241,3.8436255167642424,91.80624500864943,0.5839828385884229,0.460066841590465,auto_rickshaw
0.9158762625413406,0.9291213820694302,2.2650400206753263,68.17717429191303,0.7373629126657969,0.554300034076276,static_obstacle
0.31608625546146485,0.24592794001018312,1.2461903975783872,6.7419658247767,0.7997753256136665,0.48274949443828974,pedestrian
0.27448114314288996,0.31402795993094124,9.044110102589293,33.34105695784377,0.7314715725937627,0.5779625644147901,motorcycle
0.05,0.6665550073847735,0.0,73.78191638668835,0.7045151765209164,0.21821148018589345,cow
1.0550124642891634,1.5616525555323053,0.7069479547531993,52.52246156571989,0.8463210530470289,0.4298374474793827,cow
0.572569138630012,1.9834515491059825,10.022978787098202,90.52021450340891,0.580960034974278,0.7354695261425048,vehicle
1.173834203299954,1.1652243103235755,0.0,19.449854837795705,0.7936231889428508,0.4896390091119789,cow
0.8146658965905138,2.594354104668492,17.133597350302733,11.260506513777324,0.770455612234971,0.6974950334336016,vehicle
0.4061455957086497,2.740790249152475,1.7803865180753686,76.7771192697445,0.7053280682631262,0.45393094268207274,cow
0.05,0.1,4.138451290359238,83.69959868603446,0.5394292173627719,0.43971793288124217,pedestrian
0.8455753869131217,0.8753978666139774,0.0,44.33772793634834,0.7837850023406765,0.4827480725236677,cow
0.8359333305288196,1.370380002412873,0.0,76.07585869880104,0.3982036071031847,0.38205969753366087,unknown
0.785827001953624,0.6698791852176027,2.539944385724654,63.37419103735511,0.654355801684689,0.4637701089476488,pedestrian
1.2431659482651267,0.45233386345836124,10.544416335732256,46.01474420587581,0.392271685631072,0.592369436800168,unknown
1.3087518319626261,2.086414405676623,15.27978753792689,58.18540641364411,0.6583467562016178,0.7899236968269111,vehicle
0.495399460897038,0.7457187573864579,9.996804374259249,80.6364588600077,0.6097737257070177,0.4077932917042264,motorcycle
0.7860994601479977,1.4355672467087126,7.86173557335829,43.731454813738466,0.7076127505640383,0.48100993545843407,auto_rickshaw
0.08084003438727322,0.5522838785446507,1.9041680443343136,57.8823098505337,0.7712536783919233,0.5140294274154935,static_obstacle
0.6250242062061511,1.775776392668746,0.0,59.902548212778264,0.7335676013049848,0.37151886909435716,cow
0.2942111057698114,0.39160995457897124,9.400491691821541,21.660425200840297,0.8754597974279565,0.4073267730899265,motorcycle
1.0493811740287908,2.089424069146892,9.840308839495718,7.758553163650918,0.9457319340469992,0.6717519395552336,vehicle
0.825450205472118,2.52298053262225,15.591357010095624,7.662576527421247,0.9553095692201952,0.907409333416316,vehicle
0.6204479842432978,1.5923819470330163,2.125680875086648,66.85145729040214,0.7640651854804105,0.4476192050113356,cow
0.587033484420759,0.9765710520325224,6.738344566299131,25.776819764188087,0.7624849200118665,0.47500236046305233,auto_rickshaw
1.410448936678768,1.9219048392587539,0.7735720792967214,92.22274580448739,0.46452907643908925,0.5293298126201254,cow
0.9686762649986209,0.736425483516594,1.502013720324185,63.73666724677014,0.7080085043280467,0.4682916499032128,auto_rickshaw
0.529180929349636,1.9454880293935752,11.011160071665373,81.94874133488517,0.5336692756452178,0.864441114954364,vehicle
0.9174492040396162,1.1158558551209454,9.048981373148342,78.5691742310496,0.6746010346905368,0.4377812917496602,auto_rickshaw
0.1244212634606928,0.30882907166755397,0.9219249121323978,8.774209903898187,0.957497402862592,0.42471395194892103,pedestrian
0.39857199408584554,0.7509242759577528,3.701764140718968,23.235413062655905,0.7743063256867577,0.5386702228789438,cyclist
0.05,0.18719185464016122,3.148876544019196,85.7100305182311,0.5953611034879791,0.25257709801880557,pedestrian
1.4129463146136931,1.1644264819448011,24.380550573066756,76.0725061463289,0.5806304794836687,0.5501825800392861,vehicle
0.2393349075498188,2.7549130053431483,13.646545056429265,51.36682629853544,0.6995775204246866,0.8298346567867018,vehicle
1.0326169088860118,1.4010543948728023,14.6229126374743,8.023387017155674,0.8364706157475938,0.8656147275883975,vehicle
0.9916240077805892,1.3457497946573123,0.0,13.379835254041467,0.7410485734153667,0.6908855496023983,cow
0.8889016523201543,1.8389304542706284,10.54841438157884,80.96368221014679,0.7034178553213037,0.6508452260661668,vehicle
1.225793036432832,2.098330851029405,11.207397494318693,15.85121152596036,0.8265687371375826,0.99,vehicle
0.9023371350072924,0.18691671188863568,23.836156010802007,82.74974294110613,0.6352195111827337,0.6515692701622101,vehicle
0.36914817851141457,2.1550520550529297,15.800956999127873,94.95054706927672,0.5220615159309309,0.7807242432209317,vehicle
1.4702490735257556,2.1335515904668596,9.152005970390055,58.411510020665254,0.7159187931014339,0.8606951628706366,vehicle
0.672451637011396,0.44751260440178126,0.6964213459574458,42.96033362168865,0.7278102595061151,0.16973788913076757,pedestrian
1.101866119333084,0.9530751475402993,0.0,6.567341354710342,0.8969657040012634,0.5717860697945366,static_obstacle
1.0301029072084629,1.4231816689142627,0.14615752614387553,8.705956906671423,0.8854932750827103,0.4530401596442721,cow
0.9620287010620334,1.2309566675256012,0.43826649696746445,26.671937894432464,0.8865172203515713,0.5555238558836506,static_obstacle
0.6122603175515128,0.5227252325929295,5.038658067122984,32.35567159955373,0.7254884320184987,0.44418154817293454,cyclist
1.3385134495488327,2.0434853703503593,15.256920701801759,42.226214234971195,0.797156947412086,0.99,vehicle
0.33896851179334486,0.5672313901968663,6.988952576097773,53.441550342242046,0.7022400172232546,0.6198173991777222,auto_rickshaw
0.49589324811150237,0.5650560450257701,5.178447515721441,19.625464045326414,0.8881323857740364,0.5836841146456209,cyclist
0.782753418936284,0.9042207110415938,4.897228845968314,28.320809384428056,0.7053260836756767,0.6503027087867461,cyclist
0.30880194016889195,0.1,0.5324743561248755,29.562696266390052,0.7032235522192855,0.2963554362525189,pedestrian
0.9124780950459824,2.2659014837083506,15.662588299453017,53.71075928850296,0.7443922202792277,0.84804357534431,vehicle
1.3776606550286399,2.1673041293081288,23.124745339936435,26.79302297653255,0.7538952460362028,0.7665124433055861,vehicle
0.7178478484439489,2.3468950262652677,13.83530743865173,51.764638592511155,0.707604866801805,0.7933192168969304,vehicle
0.8222240568534002,1.2308569835589918,0.0,14.474575598570462,0.7752565070725717,0.5354507074300676,static_obstacle
0.42167052699906293,0.695029725416161,7.024611914291868,5.761797945557858,0.686559691144664,0.48765503395071974,cyclist
0.834911225568717,1.1929951094006022,0.19768371576036142,8.099237268186997,0.736365887046493,0.6043534327519974,static_obstacle
0.8239058059135411,1.2158232178304547,0.0,49.46653196898861,0.6798155537278072,0.5498227365785593,cow
0.058269432271836674,0.877706164999899,9.779338290287019,50.31969359152863,0.7363179695466825,0.488454193233151,auto_rickshaw
0.7841294852569086,1.6295165934930682,0.0,11.622167434377639,0.8593694310636489,0.6089347373749121,cow
0.11624548155108497,0.4876121465285505,13.2856098319837,69.93368684928943,0.6890995721251101,0.3251314964287673,motorcycle
0.6117911901924162,0.1,1.021744197057742,46.701598434698255,0.9108104760037772,0.23552487608182227,pedestrian
2.417437613606559,1.634547431703848,11.922527412104094,69.13741562884225,0.6451331257830866,0.7167128481586401,vehicle
0.2536358195053348,0.30623406401381625,1.5126054101695992,22.248430306879484,0.667491255323334,0.5162312580302701,pedestrian
0.2961002501016697,0.4602037545870913,0.2483066355919443,70.6677228987749,0.6766007888296267,0.5406146359461035,static_obstacle
0.5544183722279203,0.6071752081181708,10.973156588067685,46.19158028813992,0.7087087420437465,0.6947883018553039,motorcycle
1.454967925497971,1.6171171894650533,13.808793165595372,61.757356006331925,0.678434435359443,0.7785545462727621,vehicle
0.2555205717373081,0.5960603771780627,11.258666278087729,11.488916223516195,0.8426303170256426,0.5362805570834788,motorcycle
0.1365672491688616,0.794147407225126,0.7480656057436426,69.91171474935733,0.5548026200246485,0.27792857699653467,pedestrian
0.766305300789045,0.8627339267480123,12.837218740468343,33.80837882410002,0.7698586922915261,0.510863156269965,motorcycle
0.9456014073084432,2.3159728804862856,12.436090680174551,23.727667143313866,0.857867633959158,0.8210720349595202,vehicle
0.05,0.41177450006414434,1.2083535768022424,90.62572606348262,0.4477500864898794,0.06957637902767172,pedestrian
0.05206268114573409,0.7027299325112614,3.9176754388958592,79.77516309212865,0.6617024108860602,0.5044771686670828,cyclist
1.8778061316977275,2.7877112425179336,14.667750434222066,65.08058916075544,0.6076610369447558,0.7738778343563436,vehicle
1.0458386591629183,1.8731851798701173,14.354326814321759,52.57026161903135,0.7222396799595014,0.9602825285899326,vehicle
1.5217292765696844,2.0157214313477927,8.369123789889741,15.276539118916334,0.99,0.9441022069275252,vehicle
0.782552855205423,0.7901781763324466,10.39517964653615,46.877647677681324,0.7645508972220816,0.5209458797312531,auto_rickshaw
1.0094294624264013,0.220695332763647,4.184513076899484,92.86816100995757,0.5311288086711333,0.6666963747360518,cyclist
0.8517260008510907,1.6702088827509154,12.908373769749035,24.74570395072184,0.7983117633555923,0.87025170625538,vehicle
0.9363902621876866,1.3021318758341027,0.1499447070925835,14.687817965011746,0.9201021888161772,0.6967389162917169,static_obstacle
0.8157060872597685,1.1258015090412028,1.4367448136048764,92.7936044015342,0.6232492323501035,0.6430925534463167,cow
1.1339476297024518,1.6152207753051504,6.1925237631242265,61.17462103170878,0.6578192406860995,0.8008936183166088,vehicle
1.5413816690204767,2.129421630384415,12.319212635714601,25.480639506081715,0.8103856800087801,0.99,vehicle
0.32924055430395294,0.16789378540605798,1.248377042763602,7.985548133167006,0.7757271567867644,0.5983773425189272,pedestrian
1.2733014145097372,0.36482306084358473,13.676447398344015,91.71127958341528,0.557072963076125,0.6409998405369666,vehicle
0.8951671695163916,1.3056514821664513,0.0,41.72386989362647,0.7663911709783512,0.7084420686680809,cow
1.1304616225967328,2.4508410016459434,10.081475330296167,46.47831847104329,0.8019523826263167,0.8486710461531366,vehicle
0.2410234964541166,0.1,6.01631868215145,87.78569215898086,0.47831652472212366,0.27700405029719166,cyclist
0.928052212719318,1.771034665827159,0.06681519614167501,47.65232753618193,0.724576749375512,0.6516849120969285,cow
0.7329050513499528,0.12277980117404202,2.457771149797178,69.1838585503692,0.6836190569307135,0.1437345728782149,pedestrian
0.6618250966380445,0.8207645532561338,0.7710410050895798,24.14419654566167,0.7337050893163639,0.6125031617659631,static_obstacle
1.7503045522007807,1.623287205910453,17.06886628162026,24.851126627324838,0.9213352435179093,0.8100374920430538,vehicle
0.7848376103385728,0.45009000402722144,9.332266723707189,58.14422110893242,0.6344319783412766,0.3702297517571883,motorcycle
0.4867615392545115,0.8726921643526718,4.684231639441924,55.6116195973082,0.688515742366006,0.5519438477688691,cyclist
0.05,1.0454366043343206,4.421358340622034,92.40339908914827,0.6194154937720989,0.35706681764597475,auto_rickshaw
1.2010999251753884,0.9509010901418032,0.5573190003482268,23.099996106956183,0.9174577773895278,0.6779370376085285,static_obstacle
0.5141924571408957,0.3028575476699624,1.7925813001144841,59.55742622608961,0.7558615788197012,0.2682203960208871,pedestrian
1.3815237390475288,0.9873222187594739,0.10145893580226165,50.03918825149195,0.6776208634039568,0.5182983914297467,static_obstacle
0.530554181283776,0.6453524160234085,10.810490006218611,94.36680739152237,0.5998900629474576,0.47929667442300283,motorcycle
0.8912189148769939,1.0903225006932156,0.0,18.3194171987368,0.8822368818370563,0.505254435596524,static_obstacle
0.49757147369417687,1.186881050555089,1.2191961895010557,24.257870207515833,0.8879838998924383,0.5569482037494721,auto_rickshaw
1.000253166908081,0.24024626667369647,7.341755820486695,63.26121726101331,0.6658328398087938,0.6137442750735138,motorcycle
0.7945687698602657,0.7073170420722594,13.572123490859463,65.77891784144555,0.6807759911268151,0.6761148526854781,vehicle
0.9218451089668271,1.9914397779732198,10.900210572850868,6.853786227981249,0.9671828344273709,0.9731546823927597,vehicle
0.1888438543401635,0.6257454989606261,0.0,82.50491864346654,0.4976701055048982,0.4146340200257378,static_obstacle
1.556349802349172,0.9715060809715514,11.170094243931132,83.69498113371095,0.588384272825311,0.5899219709000423,vehicle
1.7585082843193947,0.35763514346413017,7.788660793694743,78.14959590650794,0.590668881685105,0.608890354235059,auto_rickshaw
0.07975949039978347,0.2978308411296785,7.186513364870943,93.17210930519342,0.4874719343475592,0.485088771638177,motorcycle
1.6274417841640585,2.5663261674201028,17.87013752040169,52.97247543764318,0.7298285895773868,0.7005768784559936,vehicle
1.1320163891377029,1.1389991606681582,13.207694383105185,74.62761398595809,0.621630441720583,0.7402688171324888,vehicle
0.349090167133322,1.325208222286503,7.7651313436793385,70.78685284273381,0.7219297151278128,0.440897365201767,auto_rickshaw
1.0437002078618753,0.7361003361259512,3.7014071945820315,68.36747323105668,0.7988498092296615,0.7861923489505619,vehicle
0.8509876520193204,0.9909276257543679,5.564518353604733,48.35499836119709,0.6571189929605792,0.40945563928435413,auto_rickshaw
1.3559934515346814,2.199046228067707,12.092455854885456,14.31976479212386,0.8620116620532723,0.8152031548114569,vehicle
0.9307830486243959,1.201195197037334,0.0,9.358065178410001,0.8875438736434346,0.5457009617538753,cow
0.944658198087448,0.6806864877696064,1.8822081350242574,49.85163597666954,0.7968922683631232,0.06689284631776418,pedestrian
0.5881070334765319,0.2506130837073779,0.0,53.376748364126335,0.6382128244710503,0.4780491198863184,static_obstacle
0.31161871211253145,0.737652393364475,4.611956956017758,42.45732569073241,0.6187062895953525,0.447839395500114,cyclist
0.8555889305465936,0.7557314517662954,0.3061362320817325,20.103988471063182,0.8484918546786671,0.4274415877944484,static_obstacle
1.3078797630042578,2.1216491531379678,11.390076908195907,18.531511332730723,0.8752468595907053,0.9124510421813036,vehicle
0.7872403681411281,1.3399252114018285,0.44612188070030434,10.380341790079802,0.9250196439197933,0.5574928711162038,cow
0.6761671147348178,1.0062686329715214,7.71146650318582,35.50344740211809,0.6922612448446633,0.6751566740171716,auto_rickshaw
0.95641508968004,1.4079971589645435,7.396250523394102,27.886542310192922,0.8054695659067317,0.971375821868027,vehicle
0.9464129383581799,0.32127468725752295,1.5986803996523504,36.25595230967213,0.9146576032205374,0.3561222141519877,pedestrian
0.05,1.372367116713829,0.0,84.72767234680943,0.5858589853662441,0.17033326368352059,pedestrian
1.4875495272925687,0.2394980485743387,1.365916496660528,54.40843841223824,0.6489788082185642,0.31392688897018484,static_obstacle
1.2537504571270919,1.495546720258696,0.0,65.85347105801283,0.7225241406819387,0.473638274460038,static_obstacle
0.5015550536525079,0.5812958026067909,5.828623653821082,12.093317522963078,0.8528908719537494,0.5203556631722877,cyclist
1.788502218553845,1.1852646945554053,14.568220634043872,44.5964338815991,0.8058725745913515,0.7758968666128386,vehicle
1.5625855096823957,2.480657889732846,12.66825268227233,77.25897841008512,0.6830683003424027,0.7879424940244294,vehicle
0.24349180496875542,1.2111183849627418,0.0,59.82450917355862,0.753659390832932,0.4052894892520651,static_obstacle
0.6311277697829889,0.6457118970883399,4.996689501927904,42.67534873773698,0.6806705554589974,0.47222413106331745,cyclist
0.9438919175106643,0.5020001649860187,12.209529404839687,6.0081003849411685,0.6715455901172017,0.6358915047798629,unknown
0.09934723118507441,0.13715396422027212,1.2203525484590554,94.2105601479762,0.5291629655213691,0.23681870036925257,pedestrian
1.0753338158849226,1.465968581018539,0.5890487548747814,38.583368325766415,0.7254913361250532,0.3953481062472369,cow
1.3102987176244438,2.2369976396243714,12.072533978665167,41.51137104519172,0.8203446822599822,0.7507584031419505,vehicle
1.0429048456454848,0.9352498124643898,7.588306261269821,72.22085017176502,0.6660112427594371,0.575750463662182,vehicle
0.7334941444792115,1.1833321884706953,0.0,10.186104351574564,0.9744635609184678,0.5825899054925424,cow
0.39109125767989444,1.2132391883595746,0.0,75.76248454238551,0.760101148540385,0.5683232661536188,cow
0.5727209570308496,2.3854645749644448,10.058849621062109,13.154271440482223,0.5582836417006526,0.3963723659010593,unknown
0.33920515319934724,0.1,1.4143961478336071,75.33026407631053,0.7025670911514603,0.2884234026663196,pedestrian
0.5037120949906083,0.3674639974824808,2.0257375860035545,58.29801620076626,0.6589374095446957,0.19563123406617727,pedestrian
0.2829189776970642,2.0048176456986537,1.1052089028275682,78.98292921581285,0.7157757150210873,0.28151342978066796,cow
0.6998091623189191,0.7919455005888693,0.0,51.938872949136346,0.6128470975451901,0.6246592702054998,static_obstacle
0.7383566531956735,2.2942544370678943,15.479532083516832,90.49054820167618,0.6859300017483566,0.7140828369256632,vehicle
0.34479028000349965,0.5234804505168799,1.676930603498447,39.16112257129332,0.6942031663180939,0.2851959142895102,pedestrian
1.132770152458414,0.30204769545004484,2.3333160703678124,75.20234581165006,0.5874386165109319,0.1375513113642266,pedestrian
0.05,0.7884348392458268,8.483868976055426,81.74976837487063,0.5423213204196722,0.39764574332404456,motorcycle
1.0154997620112716,2.5811396997379363,11.61247345511285,70.43282427811488,0.7378895511273693,0.8372128085594663,vehicle
1.134657779996815,1.6419833251319638,8.37841259309956,87.76591707523968,0.5555074184810201,0.7848561314738461,vehicle
1.1467476263841614,2.370927390959565,14.495137575285169,67.258447768695,0.7411390804704012,0.5157065942570419,vehicle
1.3577323632276441,2.5695451799190665,10.645665524134968,20.283931194272583,0.896326483562792,0.99,vehicle
0.3157157382842632,0.34090859646644667,1.2526109100688598,6.47660842356156,0.9223803734571157,0.3728995365458201,pedestrian
0.27787249866232855,1.2051959737962932,4.929589864634757,48.025618393458274,0.7019953007284979,0.49016988093637825,cyclist
0.43081433283390846,0.8657474793748043,0.0,85.99543603450545,0.6537441852467822,0.2653399682871462,pedestrian
0.6218190466205131,0.9502710951623874,7.153132837689141,29.757834144614797,0.7893400209975213,0.5688230144851663,auto_rickshaw
0.23518235786681518,1.9589569627053052,15.559195354415973,65.91193830015182,0.6484638747858235,0.7923959730318094,vehicle
0.3711679482460748,0.1,3.9989079092740596,84.03248217805496,0.49346736007101233,0.37219230949917703,cyclist
0.6092614709566972,0.6496882046728909,12.531092826106022,27.75531481037644,0.8806789057393317,0.4189425694100053,motorcycle
0.49172127840494667,1.0763976369249142,0.0,54.41429277659546,0.7353865506550402,0.4207419574983886,cow
0.32926956127442214,1.1699019652068232,0.0,89.19691569179628,0.5760342974161948,0.3576922468379034,cyclist
1.050722852705718,1.7307532341785914,13.559701257062285,74.6778793576268,0.7741656887637933,0.8611312367546173,vehicle
1.1098032614876026,1.8556881341680174,10.469908820470462,7.090404211500594,0.7457017214737391,0.9642728153299822,vehicle
0.7624642245044468,1.9933322676100533,1.5120875336921349,65.61781339092406,0.5747459427562313,0.39944103954645716,cow
0.44904349155357576,1.0145907518182609,1.1772511238581849,51.82598577843542,0.427495222140878,0.35501463180285586,unknown
0.7630353225086333,1.0550258607207654,0.31764940218943505,82.02931785166463,0.567486701860265,0.23396047677966314,cow
1.7002984490635473,0.6837351977983134,0.0,61.852783354079634,0.6125223387569164,0.5067424841942113,static_obstacle
0.6422819051427596,1.4944821988820762,0.0,25.948936786401784,0.8458341412459524,0.5030336313138876,cow
0.24473388445653482,0.1,2.05028463614297,80.62096815928646,0.5909464319907746,0.523313499827049,cyclist
0.6808188723714078,0.3423120701123822,0.0,24.195822615403785,0.9028530166747469,0.12057174593896547,pedestrian
1.7391403047437406,1.2899424092670473,0.0,84.9186769142,0.5864209780874599,0.5675274033416928,static_obstacle
0.15490870319649555,0.1,11.528745782208755,77.10248374688884,0.7435205823978686,0.4009364572492874,motorcycle
1.6345749112136703,2.9826959879674875,11.57218259891983,89.05401057694768,0.5570448541327008,0.7890362559563922,vehicle
1.3372318196466835,0.8120203743615697,0.03273542231327861,41.7423930484917,0.7922175459899927,0.5230207836824742,cow
1.5482224213901696,2.207839077528855,7.178903556958633,65.20988094017038,0.6156001770226304,0.6707262010515381,vehicle
0.13142499850354164,0.33539340113211213,6.425441877867017,29.369965630933876,0.7071617960928406,0.4217468825085917,cyclist
0.05,0.38874829823689105,2.5434737464322454,30.80281491248815,0.7203358450718153,0.44271420173793696,pedestrian
0.2530677418934118,0.6040806291856331,4.57884554839267,23.008785720694334,0.8950864751305034,0.582857535677143,cyclist
1.3568427400373713,1.1076867309074823,1.8093535221483525,68.1076822612476,0.5917712083720889,0.5759159375117553,cow
1.33140563457011,2.0533873925811537,8.120806972087173,29.754435973315417,0.7943708108062628,0.99,vehicle
1.7679739654524593,1.442456804623997,2.7590623244002312,88.10925308110384,0.6345750123631821,0.5343111815733482,cow
0.8060625702048128,0.8951616371533954,4.041748535046934,25.640656452608816,0.7710109310185904,0.5784199484094252,auto_rickshaw
0.685478098124453,0.33083563113043934,13.735342491981559,59.394532422063655,0.7722985710731292,0.48214565279244564,motorcycle
1.2188202697396102,2.140167886516276,16.417553074968055,7.803359118224575,0.8725056380698877,0.8431877162874932,vehicle
1.237466961260691,2.0760420990821755,9.786207149010746,67.5028606474997,0.7124403095592593,0.8369126167999293,vehicle
1.8439165812927094,1.1451143458976552,17.976434109295457,91.79176069761492,0.6082511845777828,0.7165518088513344,vehicle
0.05,2.240785146151305,7.904903838577294,69.24580520448438,0.4394158295489083,0.3784277991061579,unknown
0.2408731070462961,0.5130783700141913,8.365850252517461,22.953631237218364,0.8632935258929147,0.6369420784362536,motorcycle
0.5517871315628352,0.6972560121179974,7.761781122408596,9.54769778941704,0.8122294718722362,0.5995042820337326,cyclist
1.5763059925498213,1.9617386639906211,0.6067756006814928,70.86378423967172,0.7485351135700891,0.6183301185412127,auto_rickshaw
0.05,0.5025729776798009,4.568958052832445,93.69382716850868,0.45576877846634684,0.5481057844048184,cyclist
1.4696027839603771,1.464618875449654,0.0,88.34356031742489,0.5818481568198125,0.3493035097210646,static_obstacle
0.30938735916267085,0.5828626988768046,1.9996618237504586,26.743139676849854,0.7597709824097238,0.3529789260562218,pedestrian
1.4969705593042362,1.8839799422601333,0.0,53.684787642084956,0.6873111452995195,0.5485601336550747,cow
0.24671254131815523,0.13088538075547873,1.2152260326262314,26.585895065858452,0.9092923165824497,0.32822590762663284,pedestrian
0.6493135869522357,1.1171672790599962,4.162718104713982,22.514380701934957,0.8524438885086836,0.6972671069151125,auto_rickshaw
1.17348815328712,2.070536550554505,4.50911204751948,55.94244175091037,0.8095262511173922,0.48935834125923544,auto_rickshaw
0.940358767161102,2.102750204355166,0.0,75.25368436046121,0.6094741703841899,0.4364659351673846,cow
0.05,0.8153676084938254,0.9821671111961948,74.52676440977208,0.6291425412528745,0.384252449468518,pedestrian
1.285408987457463,1.9208380943293253,12.899582379837804,8.63953186846382,0.8008005305593051,0.99,vehicle
1.208244942396593,1.6426012320096706,19.299431898671404,31.14380941785138,0.8853187749950865,0.7010210640718317,vehicle
1.5438293595444006,1.3982235647148855,10.147879784674094,18.731801597857828,0.8296880012527874,0.8785829240584464,vehicle
0.628804967271731,0.1,2.187468757894287,57.911907005104,0.7657296072799262,0.21838803951884678,pedestrian
0.05,1.7992747306218542,10.25227322558407,91.65953114233827,0.6083160268332949,0.29831917139568387,motorcycle
0.7834536414417271,1.7296827463949787,0.9086487955225178,75.43062412634063,0.61535866795944,0.4711497341266851,static_obstacle
1.1602895371213817,2.11349028814032,15.060465944227955,57.67000587572416,0.8469585371482011,0.910978900550355,vehicle
1.605594453020954,2.2486383498689304,6.083845027287349,16.736349648231414,0.7094987265604942,0.8905735751837075,vehicle
0.8314277289954186,2.0205346736087963,9.806177333379027,46.66766106872792,0.7238694955586451,0.7644934926781939,vehicle
0.4563233760995349,0.6167406056375787,1.5891957830002852,34.829426211315194,0.7988015700879192,0.6745057659115896,static_obstacle
0.6331860219407232,0.2756043146275779,4.039319499625054,54.590043718529984,0.6624450904310519,0.4932825114186197,cyclist
0.07497560511194057,0.8613393003727714,12.771833488227106,39.68435779473806,0.7589471011641102,0.5968432541814125,motorcycle
0.6304194601753857,0.6469679183879131,8.89781175870304,45.27861895020661,0.6108797044131966,0.4060767390404509,cyclist
1.7594988026720197,1.6732529936058778,2.5655308684183398,86.13223055548305,0.3338219231480592,0.4427040548767085,unknown
0.05,1.7154432374078779,4.1291478588787385,79.2813313725618,0.5898902036628859,0.5125436943672316,auto_rickshaw
1.3761919738128707,2.651784539409772,15.161003893535586,52.07659528542235,0.7800375282894321,0.8105129986310154,vehicle
1.1879832323266548,0.1602788290361341,11.10466038457592,87.0603279561755,0.5501363471168901,0.4816731222400863,motorcycle
1.0087688898948743,0.2416902010659931,0.7008438033179366,50.74004315194409,0.7117899143916148,0.458128842915536,pedestrian
0.399852910584648,1.2520312051771647,5.936703306423938,31.41845048633753,0.6656169189932476,0.5079255637179564,auto_rickshaw
1.2177621642697363,1.453450656008638,16.99085838770002,32.0242852266622,0.8519321460328751,0.7790708878301449,vehicle
0.05,0.22893079265003247,10.315146624146044,40.69812252696181,0.6875167980064653,0.4407874814777586,motorcycle
0.5047582408916066,1.1900064431890796,9.873906326547706,44.44943367911534,0.822650386919367,0.47233007466660715,auto_rickshaw
0.6247999051856521,1.0289603052044192,5.361656625746125,7.092539175573684,0.9468451658676919,0.6796360314748598,auto_rickshaw
0.44234248233900775,1.341240739939685,9.015782601239838,71.75471052798996,0.7132211231128666,0.42920759100147715,auto_rickshaw
1.263684258916628,2.459111961493155,11.774150012510589,14.993483413086619,0.9293138146046397,0.9594213988626844,vehicle
0.4087905076954007,0.24292525107060048,0.0,94.03564046901587,0.6089362520568373,0.1706041887150293,pedestrian
0.6044057046620197,1.4037547869433422,18.19103798399811,61.0686844018776,0.6119067913657702,0.6815332456604657,vehicle
1.452099505721989,1.6930899737358087,15.923839714105412,58.3276140008194,0.6363790707095434,0.798529913796656,vehicle
0.9448256369696948,1.203287576868851,1.103039175297865,36.15135373095383,0.8700726545946927,0.6486832456360496,cow
0.8685598503138142,3.467956499828012,5.469540061347331,76.42334489698754,0.5903940390116817,0.9626114670879937,vehicle
0.09601104300653135,1.8701839253586556,4.896728086291912,43.763975204841216,0.3513008410389397,0.4320150647943074,unknown
0.05,1.5657871411933768,0.0,87.1440196427757,0.5412583018638835,0.3225737442085098,static_obstacle
0.46657188594794946,1.2473841653680797,4.318397044671194,10.528649490029382,0.9403490149572246,0.7296368892708482,auto_rickshaw
0.2237505955689078,0.5505377625303355,0.41277938748225007,57.5998623256739,0.7532999651115337,0.325357803545284,pedestrian
0.7473707841414952,1.2856755675260534,8.510976468840374,32.13041230456796,0.754773641631384,0.6114519893316814,auto_rickshaw
0.05,1.0828146710811977,9.111607150077313,49.53521346564835,0.6977436327104314,0.4848026230089055,motorcycle
0.5273184955549284,0.822115481398369,3.4454734574183266,19.40685462440244,0.7099924961615032,0.6994281537519105,cyclist
0.8144951969409868,1.3837335426384163,0.07735560441693631,33.11575554804754,0.8296374092983414,0.5516705803268569,static_obstacle
0.24691990957401544,2.0750483525598034,2.0553716817430985,83.99009866401641,0.6776806957119482,0.3513275940909889,cow
1.4402775642079115,2.397052399204813,16.306225203324445,90.8492986488369,0.50302226706344,0.6027938406063122,vehicle
0.44715170524142467,0.7901767301367671,2.492757699849431,84.60518731038434,0.5061498067498849,0.3899559573146629,cyclist
1.5442110463419807,1.809574103193706,15.450733087199986,70.19627002861019,0.6695103454715199,0.6546945869539943,vehicle
0.3748928025949977,0.3670026037603519,0.9815977736473237,28.007800690964324,0.8080365005490001,0.2926466498666065,pedestrian
1.3989307459222933,2.0489114329340268,12.368704229787797,39.53335096073387,0.7600049774750148,0.8026330101161419,vehicle
0.2434677769716884,0.9916374340724954,3.8781402712817368,80.87316481746412,0.5577091999184507,0.20310530674895477,pedestrian
0.05,0.1,1.2744453892046306,43.76263431607402,0.8613772882322753,0.18637725547699158,pedestrian
0.2160483374845868,0.15114427244056974,1.7229546200210144,49.8794018736789,0.6968339344996283,0.5393060096862271,pedestrian
1.123040731354092,0.42223787036017696,5.687954571275288,75.50919222499138,0.6109482297395913,0.40519087830139466,motorcycle
0.3594360274923333,1.062321976290714,8.77792763898352,76.45949750028515,0.597480427139411,0.3744257734628825,cyclist
0.05,0.6707568529444627,10.324002837717943,30.027504091067748,0.7857271961578626,0.5119456849370826,motorcycle
1.5672053697076724,2.2162552796237835,13.529490610660691,69.38181916410971,0.5898900022035359,0.9249007341525195,vehicle
1.6493354817502652,2.394391507603519,16.595397492574858,22.394230421284835,0.9535542818766666,0.8904941989368403,vehicle
1.2683160314195523,0.7189585284649992,0.0,84.24124100309336,0.5115920488222317,0.3341290993820718,cyclist
0.11394741864410296,1.395716683276731,11.361317938395754,78.75172257590583,0.5009092459089266,0.7195166374429092,vehicle
0.05,0.6801763637392897,1.9780501339452319,63.040586927145,0.6997831026632688,0.24292742462101802,pedestrian
0.5061973059301266,1.2385637824642763,0.7676321924583014,18.389868156252472,0.8315850110641776,0.5656444409390498,static_obstacle
1.496755458727371,1.2298198090468115,19.23782740465933,32.38670314024931,0.8118413380324192,0.5762513742537408,vehicle
1.1329840382505292,0.5617568655566062,0.0,67.15997507852862,0.7311593658038549,0.47226607549252275,static_obstacle
0.9617342070769973,1.3093352004539698,0.08707799272375567,8.22412288135265,0.9023156255953146,0.6287397783887829,cow
0.9954103905961744,2.2588578275782667,13.835834831967638,67.29676595421054,0.6931932334842449,0.818976783549004,vehicle
0.3072803764854495,0.4243541109857837,1.869593739923639,13.416175978858924,0.7606840464042711,0.478473872017851,pedestrian
0.6804120766319599,0.6230737074991721,8.150405683952982,24.174207209494277,0.6767804292928714,0.4817056133271062,auto_rickshaw
0.3646331072542512,0.5985097905779915,6.511699077946568,16.484826448804256,0.8791525719657703,0.501518789456951,cyclist
0.2517600273163355,0.727919929962308,1.0061170954699195,31.556320407488226,0.7379301741518416,0.3096650207619284,pedestrian
0.6268616263415208,0.7268501796673574,13.777337615112142,10.386247075419966,0.5195761298219868,0.546901279910411,unknown
0.37532101832878895,0.4619106431617971,1.489241709598653,26.350900685922234,0.8109100662327007,0.31673318911924747,pedestrian
0.7257983563996899,0.9872665528794567,0.0,38.52064791534809,0.6826644891359731,0.6254993612444324,cow
0.3621440679820558,1.6401866177600595,12.141361102491933,27.05855065744029,0.5144947110792187,0.4817224035794579,unknown
1.5592786697565928,2.177150525047309,17.480580025960332,92.53021667422274,0.630750536665568,0.6906506703689489,vehicle
0.25804512316357303,0.1,0.0,62.14883808761966,0.8206685063924647,0.3644319660785148,pedestrian
0.18236897026681947,0.21981359729163913,1.2707311551356961,11.145738535377813,0.8022422649254847,0.5562067985973265,pedestrian
1.185165229320375,2.2127397941754348,12.248154208770417,16.555578394789883,0.8124627835758674,0.7709713002510868,vehicle
0.23955858149989723,0.11825942390539176,0.8968049962565046,17.20549566887146,0.923992642389322,0.2933464088901355,pedestrian
0.6957547887084538,1.840928824886133,0.0,67.59928259739765,0.6512647446128563,0.49466338151303046,cow
0.37279731476123384,0.45906681343938815,2.159546043575911,13.321396933048156,0.99,0.3644023945828687,pedestrian
0.25216230426975283,0.858846924409688,4.794814651371459,85.90533670229398,0.6484522978196392,0.3722728917808826,cyclist
0.270899005172601,0.9795967038706502,4.289973287343901,33.31103596937032,0.302381625092978,0.5607098925124521,unknown
0.6783214359569734,1.6437825723262278,6.482126817918588,42.481194709560185,0.7605411959040669,0.6329100192394418,auto_rickshaw
0.8284959995597252,0.782317295283957,1.5419188684570824,74.66964083384367,0.5789252673118434,0.48955657193634156,static_obstacle
1.2912400554825845,2.4101907717971267,7.3895366835286485,7.170112359304338,0.8940385364919243,0.9868503336563685,vehicle
1.4010615047212656,0.5531547192115112,0.332207916391716,62.70464352606594,0.7169593192676478,0.43457710661761206,static_obstacle
0.3844931869134805,0.24182310234149218,4.464356844402181,77.29816209864985,0.7222713038692373,0.44548580948064626,cyclist
1.079675379953146,1.525238759991985,13.061239295570482,20.040601693226062,0.8688804397689713,0.7693931806359036,vehicle
0.5413247082083379,0.4576623536936476,3.717590322428879,68.75123715484318,0.5982885320946453,0.22634620297962693,pedestrian
0.434989650870621,0.7586317868247316,4.5596937095570125,14.581742322890884,0.8447679531004174,0.3877261750117068,motorcycle
1.413897240721989,2.4010417041744403,10.523520733223016,61.93633884360247,0.7547198578459464,0.9074604107864771,vehicle
1.67938540782566,2.7354609916084613,13.891444818213564,25.06614869211893,0.8780913411464354,0.823647448469343,vehicle
0.18025620008740684,1.9744677718761794,17.764597975217548,91.57182299929416,0.5609703170702923,0.5894705558959936,vehicle
1.4584554895033104,2.7286510392528585,15.558133473534902,88.77891807762023,0.8134610474917977,0.615031795474543,vehicle
0.7212999438331926,1.2806285456784856,8.627756185141584,48.58477194395338,0.7887816091568224,0.5579784223311582,auto_rickshaw
0.5681300531568173,1.4622195328159804,0.0,65.37753095777818,0.7405214145577781,0.5119974426631361,cow
0.9840607484664923,1.722897678979198,0.0,71.05103742100398,0.6167584036777956,0.4355694286687526,cow
0.30811867436994506,0.2576260121316606,2.658387366466022,51.99344519720531,0.5974198474866879,0.3393635176032227,pedestrian
1.2595658667458887,2.521113572641038,11.55663901868824,18.097623417185304,0.900877381761417,0.9470088716803085,vehicle
0.9164911179209232,0.7202024994252495,6.485787674395524,88.8187279620442,0.6189027401503496,0.4735410941204948,cyclist
0.29572396736978135,1.2776079528802469,2.792626612506573,94.43571754486426,0.5121337229599426,0.08769669360482324,pedestrian
1.523733344555624,1.5278840999588932,12.61119069023045,28.11226793407273,0.8352680033379418,0.7940824710616279,vehicle
0.394975111413554,1.981756826593608,2.018965956573184,86.50713842927244,0.70239039935593,0.5272958598568374,cow
0.05,0.3097343837838366,2.014018426153064,54.58800948256373,0.7341568782645865,0.33274311181086813,pedestrian
0.4652819283823607,0.7171279735390932,0.3452936432983477,6.975273415348021,0.9070990749980041,0.5086826766455673,cyclist
1.1375648332297987,0.9117469712373858,14.283139317304338,69.59958210123261,0.6364696192757164,0.7633384162919931,vehicle
0.05,0.7337727916662868,0.0,66.39387259398482,0.6507622669470194,0.24614683721548752,pedestrian
1.3562757527013134,1.8963714285032827,14.270132055035404,63.82715237661515,0.7881599497059814,0.8128727671602036,vehicle
1.3262534472810312,1.492589162781844,9.659913641473596,71.08755257192095,0.31084163767659784,0.5632372547044062,unknown
1.036295712990345,1.2857997963100574,4.8775257557119955,91.31803595385976,0.6894254209828813,0.2835911636096211,auto_rickshaw
0.05,0.5707524519430774,16.622508289758297,65.70475071859515,0.766696181679729,0.5802469254741895,motorcycle
0.33033790410517905,0.41560561235834526,5.223221797694108,40.07726732062948,0.7561029421738065,0.44808190616157473,cyclist
0.14315081779529124,0.362013880499387,0.5389391362476947,8.388053700508673,0.8068957444077614,0.44012033108261606,pedestrian
0.05,0.1,5.502254158242515,57.968778718886654,0.6189774077853828,0.49350516499757974,cyclist
0.05,0.1,7.934374815727012,92.7407019880078,0.4099340650534232,0.2944865508042527,cyclist
0.5584179393466616,0.7793036362191064,6.583535968755815,20.100173549398075,0.7223860480114691,0.5429754325481518,auto_rickshaw
0.45397516458594234,0.4362665603841281,0.3991497714271812,34.40558215287556,0.6915951749185553,0.2305095797615885,pedestrian
0.19334270402283593,0.1,3.935165179687162,62.585578904879505,0.6422753264933295,0.2537588894511854,cyclist
1.2949956101921405,2.1878357673292506,15.179571542376507,13.239880453794381,0.8581880560257291,0.8066448272402598,vehicle
0.8403335848961594,2.3280735516378526,7.513378337030595,18.051095065665677,0.9534584202186782,0.932976042516732,vehicle
1.14505658491399,1.8407909987622906,0.3007254947120469,6.62218278479962,0.8108846536470242,0.5253140864042795,cow
0.22399375117670636,0.1,5.733440819631755,93.91740990992166,0.4808102673877115,0.31175423945954484,cyclist
1.2192291741912453,2.273181884151656,9.445679611957537,50.57386921267705,0.8419473988750834,0.8424147495253644,vehicle
1.1552941346940298,2.1019213996287154,11.429869246453004,6.4638566705698945,0.8819320264001118,0.826602101149152,vehicle
0.07920310955267468,0.8591298172495885,6.121307826599581,19.233451451256975,0.7164715761469956,0.460815623526721,cyclist
0.5626060698800379,1.0264182239927508,3.2584029067536355,25.014342216118354,0.7241689288747859,0.5994154079171239,auto_rickshaw
0.914757672715163,0.42790208994492324,6.997033482258077,67.04426015028503,0.6481381923701406,0.5876692078875235,motorcycle
0.6558401505227077,0.14873876685429238,10.62382866858947,51.1887610985034,0.5908577456113119,0.45790586041736897,motorcycle
0.9533851674273625,0.7825901095379524,4.758591307989651,18.502002486897744,0.8748140005499623,0.3852851928874488,auto_rickshaw
1.8724965680258134,0.6234848329320701,7.382225369932133,69.47598653270474,0.7283772159756363,0.8008104362718276,vehicle
1.0651237343798532,2.1776549098610856,0.0,80.73032230247541,0.7469503866177811,0.46767380150646476,cow
0.9186681083642998,2.172234674373157,10.60733217625761,22.68244857645787,0.7430650874154124,0.8365751333709714,vehicle
1.1650159852183881,2.0362055375755004,13.799360540307614,5.32097894116351,0.99,0.8636501957042908,vehicle
0.7121327489299314,1.2254750639869176,4.827099115232862,20.83306363972539,0.9639356392228444,0.4406457406773937,auto_rickshaw
0.05,0.6244840147782309,0.0,45.74899483502681,0.7249833651340593,0.31407956184095503,pedestrian
0.8605455243001275,1.0813390032400916,12.75487616888485,65.75098964774259,0.5665903055053773,0.40596078436850525,motorcycle
0.37937877029738976,0.4682230349027424,4.10979837064296,41.25196543511346,0.7315422933437759,0.43475802478735537,cyclist
0.7331754807292582,0.6638692188937877,0.1659246259232046,9.657797818152936,0.752084191458384,0.49661974709090173,static_obstacle
1.8594980917780206,1.5998064398877867,0.0,62.33307121064437,0.739751999033833,0.49019296481341523,cow
0.17530706733034238,1.1801847437552566,9.456893783796351,58.52059217509107,0.7678169900845018,0.6284252447883224,motorcycle
0.9172999844555109,0.44494927064527046,0.0,61.04044257157883,0.7874170779247888,0.36761318844374086,static_obstacle
1.6025528120235677,2.1416208257703158,1.407369684000987,63.242841139709824,0.616799372849379,0.3426299335202804,static_obstacle
0.2758781149230145,0.36356340105371543,1.2755433960544582,11.9941215803174,0.9427288893271066,0.29831263567001076,pedestrian
0.4269454462431557,0.5897065211269086,4.941768606883919,56.64822952164852,0.7194842940967956,0.6207035295043238,cyclist
1.4248728915565736,2.339028145201982,11.988072686540416,52.81097548906356,0.6607243409627639,0.99,vehicle
1.1997957619915351,1.6299750073804764,0.0,39.449448998962616,0.7756403261229196,0.47465423872431817,cow
1.6367772366979594,1.7194069110355987,7.365365534589234,80.61243479509544,0.5406778188546301,0.3880802613838465,cyclist
1.0734416343716666,1.446853403031355,0.2302462914708173,15.987170985358608,0.7671154776818317,0.49043922747325686,cow
0.7774709929713681,1.8051550456200989,0.0,93.7189463506461,0.43150373147769266,0.25665009712245607,pedestrian
0.14497928389415132,0.1,0.2238452353098327,49.962798780970296,0.6670852258166289,0.3215779836517824,pedestrian
0.7639846299077891,1.3640951998238753,0.7734552342291448,21.054023522927924,0.8346041433727714,0.5931669138166955,cow
0.05,1.028396271510903,3.191188407408502,68.50279220580634,0.6115270288462407,0.22554892411824937,pedestrian
0.05,0.4272900326486133,0.0,36.64404218820887,0.8629503289888282,0.35256940569729645,pedestrian
0.05,0.4022202557018258,1.1289035682188842,22.306340104455266,0.6810199777906546,0.35160225071007783,pedestrian
0.27897381108171004,0.5384499271630329,10.0962322350996,48.43185653489067,0.6003864890346284,0.5498444149086185,motorcycle
1.3771977130148358,1.7178119430088055,0.0,93.63196014524055,0.553152986877089,0.46018494686105094,cow
0.9299579123864505,2.3367942977349307,5.881356745107733,41.83806713766874,0.6724849835353843,0.7464836800974683,vehicle
1.7634800166053295,0.5472367988573199,9.714720197117076,90.1384040738571,0.5821240686312539,0.5759979611274426,vehicle
1.040256676440095,2.046333103509796,12.992764997352944,43.05241674414005,0.6865030558584541,0.6295633663368719,vehicle
0.3743853938713122,1.3187692466349756,6.85435445847947,35.95876753746227,0.7249021671548719,0.6789403496492887,auto_rickshaw
0.9883910635183569,1.4463846436924632,0.0,16.41713213398242,0.8001504512452697,0.5361927624353093,cow
1.7067083336009246,2.5529293267618507,10.268848571419081,11.147766876400375,0.95664386223205,0.8622154878912842,vehicle
1.619426136809693,2.6598541998862686,0.0,64.15392669181982,0.7464462638135916,0.7200900643967709,vehicle
0.5947352747940202,0.528566891342338,0.7063745745250409,28.923628119061522,0.7697612768252287,0.2845397655330595,pedestrian
0.9674416929854991,1.2882059799713483,0.5437605953294661,19.855545395917396,0.8995372438677599,0.36755786932810564,cow
0.9972253441292406,1.4061417502246207,0.0,24.644989366870046,0.8894638640066954,0.5670087033674668,cow
0.8281464112422019,2.2675129673953744,3.1273055733848403,76.09187754189722,0.5965628138101522,0.6088347599305182,vehicle
0.3288069369935438,0.1394985380603926,2.109604036670392,56.424298803738104,0.6793423692932665,0.16940585972702366,pedestrian
0.23133867258320479,0.46592304271839546,2.190981527880778,7.245427654046955,0.8525293939581937,0.47346946999823114,pedestrian
0.05,0.2928333914485658,8.128657187206263,78.73474784724722,0.6295590593575949,0.5473029442075263,motorcycle
2.0929315997994165,3.34032937983943,7.133617014600112,87.41774954134094,0.6271683280386462,0.8153930009045107,vehicle
1.0189680284641789,1.4526256019607486,0.0,11.124414950446756,0.8642754624501019,0.5516725513618671,cow
0.8039996187823452,2.0945711131175027,0.0,88.31676602990838,0.6559710054361751,0.6320462483837079,static_obstacle
0.9675434979138173,2.128554307814883,21.389173930965644,22.15348435153741,0.8461745956310466,0.945485456563543,vehicle
1.2481551989369981,1.8987928808322456,8.827845935862838,29.876149070260624,0.950962145346474,0.9346107836411686,vehicle
0.6181990905260389,0.2889678307193567,0.0,22.93046994110181,0.890235172957792,0.22396424792665545,pedestrian
0.6798300783062509,0.8562681214765766,0.0,8.559565640262973,0.8921037974267464,0.7202396796532163,static_obstacle
0.5247514948786074,1.1553253272389565,5.6332103021695445,18.49471900482511,0.8479478277699204,0.5589035089919823,auto_rickshaw
1.3835808803548821,0.6127432449686818,0.08669689934537249,5.195640540342875,0.8385111935568902,0.7063548378904513,static_obstacle
0.26530506714517843,0.9288079593525294,4.327210791503309,35.05994779550133,0.8043792093531397,0.5978690718796054,cyclist
1.0391043866655612,0.29401714554098746,1.7445988222023885,88.8758643518164,0.5322564273315776,0.32838270847165035,pedestrian
0.17894543222047804,0.8641065509323231,10.624091090782516,50.90271879229292,0.760798562194819,0.44842832313574643,motorcycle
0.4983653990679823,0.15503043097153613,8.76697680677925,50.87182102283881,0.731305099741848,0.63608257846351,auto_rickshaw
1.5299704723549623,2.178672963666892,8.685214597927574,19.644686808279943,0.8060954124349777,0.6900658707418289,vehicle
0.38751051114174623,1.5720760015324136,7.596125739155167,37.294323273098136,0.3028705716111336,0.4807524276395636,unknown
0.13265106438006824,0.8149605984428656,0.7335951452403057,46.76297971113653,0.6810709566528493,0.5840512627306345,static_obstacle
1.0324278485869982,1.531117973462884,0.0,42.43432499543108,0.7588655631612895,0.4354147993372145,static_obstacle
0.6647195244358166,2.222083264763244,0.16813768234842988,77.8294526840658,0.5988008048766335,0.648133218998693,cow
0.4427504701070585,0.402141327162873,0.5106185317690346,79.58828409342398,0.5972250020236883,0.3771390754197408,auto_rickshaw
1.0742253826263926,0.9367635871276452,0.0,23.914241060645935,0.8007434099256756,0.7090106884790441,cow
0.36062844223723894,0.3664890109915555,1.6084022353309684,27.458406767393473,0.7257405042806133,0.48356806460007384,pedestrian
0.7590947719462469,2.4648162303267096,13.657694843220133,46.77901563145131,0.648012921696329,0.8998914481425648,vehicle
0.05,1.4728075021054694,6.128608383296692,79.2004314322141,0.6906444677436012,0.514817866381954,motorcycle
1.4054507099477958,1.786259725230695,15.76403193256384,14.074833097604785,0.8185818087099305,0.8904190646890179,vehicle
1.6543325209927051,1.4201873383287802,18.92832806745999,73.81834167119236,0.649731357722643,0.889674900844264,vehicle
1.5342045135682616,1.9293500776697254,8.419713512252551,55.144077765821265,0.7321873442480055,0.6564877899238752,vehicle
1.3668211103245769,0.8138298886719989,15.617641986131385,49.342602335085466,0.8941559084301635,0.9421417028072964,vehicle
0.5653425370989771,1.2734317033040483,0.0,7.542158558906861,0.8113834555970437,0.45358497502031897,static_obstacle
0.05,0.1,13.544329063559006,56.56071755150731,0.684662034158194,0.28930742310834223,motorcycle
1.529557771051779,1.6873637280244855,17.99845000069263,39.545129365060085,0.8237241777395113,0.7199306066988422,vehicle
0.05,0.1,0.6633519846834564,65.0987260111652,0.6405153322520619,0.37903045605951086,pedestrian
1.4861223005300732,2.307782895894092,7.33454133323889,52.61975853699727,0.7644448774635525,0.6895204694617274,vehicle
0.05,0.23780464080675556,13.725507199636596,71.84092259733974,0.6922476360226221,0.1974822384501756,motorcycle
0.9718742894919863,1.074489783803791,0.0,10.859422325442193,0.8599494409212949,0.5577382223997951,static_obstacle
0.9420738661822428,1.5230236580756595,18.197163160925342,55.491300772693904,0.788280018949502,0.7789332637001547,vehicle
0.691459782209165,0.960566505498574,6.1206393431223205,21.42191073127384,0.8697043075370738,0.4713474736028944,auto_rickshaw
0.27991071112541255,0.5756922824211036,7.476652288776885,74.15312617316869,0.7332980949089052,0.3436684914958547,auto_rickshaw
0.6656767849027898,1.2797807944419202,2.491597122344814,66.5262220992035,0.5832501868905927,0.5107347702965286,auto_rickshaw
0.343094598995301,0.3758956034373682,10.983509822462409,7.2151705043083645,0.9012581045571658,0.4587140390472091,motorcycle
1.136458411481306,2.2573658773459204,5.035404319265543,34.948497605275605,0.8328545721084569,0.9269723915189526,vehicle
0.6383668167540864,1.419326334456555,0.3826877221084597,37.948256307077784,0.8276929174289253,0.4990789170870563,cow
0.31986193268855956,0.6662610777549488,6.450155166684571,28.936098127383264,0.8013835490395802,0.49111073021790025,cyclist
0.9397171283867857,0.7731102505535603,7.500050881303252,65.61212645481615,0.5459221954128445,0.46724770162735785,auto_rickshaw
0.7120902216446506,2.23848242389146,0.0,79.10355790027785,0.7475708531036378,0.43978393151787226,cow
0.7808083955584596,0.1,2.9126319091418296,85.53591839236877,0.46691445591867947,0.38839223359491337,auto_rickshaw
0.8051112187972145,1.3789813898234158,0.0,26.608581312311617,0.8820543769318312,0.273598722552153,cow
1.4043004449427228,1.9763590613236586,7.9182878745322025,93.95710122555752,0.5552048687434377,0.6518975265147239,vehicle
1.1276435006325807,0.5895621939026618,4.969705770280482,60.8842320553259,0.5861215725013708,0.552148867134189,cyclist
0.7304614443315811,1.4099166828466414,3.934088119949413,52.15059528531833,0.5720047517755736,0.45267117357979236,unknown
0.05,0.9420698715243256,13.423232129254357,88.4563249860861,0.6417963827621661,0.20959516095172662,motorcycle
0.5054459954547607,0.31461059946834935,1.0632997306056382,41.53862892442294,0.8365954036694523,0.37243123460854144,pedestrian
1.3800160265460566,1.53565238431604,7.595834954283593,52.273320237193246,0.7868093536253653,0.7939892241452816,vehicle
0.2772770351867918,0.590856012576383,2.6575476732632284,40.00126765023484,0.6066863981918049,0.3537734966930614,pedestrian
0.814058763117223,1.1572629673466888,1.3373891139680416,79.04591680923225,0.6442122203467812,0.3889451551113652,cow
0.47787938784577044,0.8967736853384244,9.760012043992703,29.110606421825892,0.8769642249752531,0.4653190001008068,auto_rickshaw
1.5287451544288968,2.656870597477237,17.107532675892266,72.83263033712788,0.7226261332836951,0.5984647587863534,vehicle
1.0495525798028054,0.4252152000341329,5.393746396782696,80.79576030900107,0.6010949051881401,0.6511089332712974,cyclist
1.3103378206044036,1.4858836196180163,9.940392474583089,94.79699789061655,0.5193049679626404,0.40044400924071943,auto_rickshaw
0.690767988400372,1.36611360269109,1.5446425261432584,55.75917050974518,0.7671839936167416,0.4807852053364661,cow
0.9758339601919748,0.2517143328185051,4.811933151974612,65.03674179397768,0.6647012896425907,0.528637956119143,cyclist
0.6917932742573845,1.191144450925764,1.4046958553549145,88.60556027741771,0.5768514061404313,0.5343013109946614,static_obstacle
0.4887921779132324,0.1,7.866085832119002,83.70518830544098,0.5244721242939788,0.5482314005388619,cyclist
0.7112663062688076,2.106847749396584,6.346222677574009,52.82218576353964,0.8541624518265417,0.8322881648759821,vehicle
0.6747187871973931,1.1220501785744224,0.2772329496427937,70.7295579553464,0.6318142922623247,0.47819207668942865,static_obstacle
1.373957442640766,1.3601202655236198,0.0,65.13353889045871,0.6352679256965457,0.5110678000741079,cow
0.2471433732720021,0.15903976906188066,10.89754855662712,36.817592619902356,0.7193452327865137,0.38537484168701763,motorcycle
1.189343626089884,1.1082171014500077,0.0,12.850858205500263,0.8427032215050934,0.5954175850422663,static_obstacle
0.8675642101391934,1.296894479928976,0.25318496514223987,11.352784050314499,0.8418757530093018,0.4802323106479785,cow
1.4426101999685745,1.5660861228503493,8.806164758088494,71.33104931860053,0.6129792242587256,0.5919869429723311,vehicle
0.2585063731648518,0.6313863541765937,5.215084400093713,6.575787894006584,0.8645127505549797,0.46811790980575096,cyclist
0.2704584460180517,0.1,1.6943039763285859,34.34791818020793,0.8513252878822872,0.4324080143206395,pedestrian
0.6313510516074955,1.5903616550434811,14.248160322247903,92.16994181766772,0.625730824830285,0.6106786112514744,vehicle
1.4913150019315315,1.5509607454198089,0.23503944723419917,40.452109227621754,0.7181239172388996,0.7593801472092168,cow
0.9740053275461414,1.3321376396772622,2.3427316122069675,46.32778236020197,0.22705320925493816,0.5095889926384366,unknown
0.32240505929337415,0.1,0.0,74.51212308816471,0.6183671869682739,0.22702165435624777,pedestrian
1.2764319002342563,2.3097927416478194,12.611157005741205,8.016287661082309,0.823804165682375,0.92143222393307,vehicle
0.6992630517313563,0.5225594819718269,5.642688036034689,64.60371617815848,0.6719468446568169,0.8646428653519413,auto_rickshaw
1.9185412851436752,1.9634004309580364,15.061010067343027,79.14077804134753,0.6003701315387167,0.6674178859302334,vehicle
0.9620156749587228,1.865722545818626,2.6288982185882777,88.72878351054756,0.5969266592751841,0.28924265936083454,static_obstacle
1.296471054378153,1.3954167044074728,0.0,51.079606313837004,0.7829191462462196,0.30140480124944213,cow
1.0603991394033314,0.5438007855561123,0.0,68.29233248599198,0.7319621662837926,0.5434920556903048,static_obstacle
1.1413153387731887,1.3771079331014084,14.941441375997716,66.6750339082754,0.7055676617175549,0.7788096973592761,vehicle
0.9478947591159448,1.9463250002025125,5.509754484032258,37.55325212523401,0.7655507747802044,0.8372493468255227,vehicle
1.0092832615514806,1.9861219106760126,7.268898289998383,77.00362910401157,0.5967868742052228,0.1314965094955392,auto_rickshaw
1.2621273085454954,1.185052083451049,0.0,94.1221700045128,0.5797248002163345,0.4734451878070854,static_obstacle
0.08634043665017876,0.4542886054374478,0.20795377596134468,32.87840450082543,0.7498724695589583,0.29320104066005914,pedestrian
0.8796263898168755,1.5525254292205108,1.7718045861688856,63.721758470717006,0.7623362990188974,0.48301757662446476,cow
0.28082795716119113,0.34248533833830686,0.1103328920790814,19.323882147215922,0.8543337229177886,0.27633034952222674,pedestrian
1.252658860839729,0.5306832148508063,1.5488988951799618,63.34926956235802,0.6825983649840113,0.46528956303904134,cow
1.4508447806420495,1.8982887830698953,17.89248718202223,12.980429362062853,0.8254647742633896,0.8247780194653014,vehicle
0.05,0.5632808918180277,9.746567093901808,44.91154729735497,0.7371466073073691,0.469928537122902,motorcycle
0.5741615477898551,2.007660263988013,17.39224469167017,77.7603128143207,0.6361532445392301,0.7526040819953388,vehicle
0.1615095743194086,2.0587517654755256,11.41546929051667,82.44699255424402,0.6476135116724839,0.7875873851924469,vehicle
0.7372378302810596,0.23267600041586103,0.6093636276195803,55.63371976207906,0.7770620340092135,0.42239196803029183,pedestrian
1.7079444910534822,1.7015639364965762,13.413276829992224,37.650742068829715,0.8481150110109174,0.8104496306896848,vehicle
0.6229442667691303,0.9013381464117619,8.82556250579108,86.3798229614351,0.46079536775750163,0.4062589405721967,motorcycle
0.4162701650126909,1.6422483729976785,4.186923472849435,42.07450524908747,0.5435570209194068,0.44952890373015175,unknown
0.9361785311605461,2.6270570917060043,15.019343707135736,6.966009912410982,0.8059329241132074,0.99,vehicle
1.7546126131772082,1.32302212718156,13.509433438311012,5.569353820053516,0.9253190982252926,0.9557499015297982,vehicle
1.049400538605022,1.186286138500588,0.0,25.764889500876652,0.8244650950516639,0.3552027476175118,cow
0.3289023229423824,0.5372365468256781,3.458952461087412,6.6679453606739925,0.7405253657140104,0.5301253883666402,motorcycle
0.7156884439439823,0.6861310954755071,0.9971340014245147,32.77872290614219,0.8024974069527968,0.4130361018804577,static_obstacle
1.3426387821738026,1.0111967955557142,8.447610077116785,79.6999454235342,0.6756500316539238,0.790017738095307,vehicle
1.1732113958457975,2.0255441598219868,5.351294973760671,11.264705035084333,0.861087029341521,0.9215624727106673,vehicle
0.2567079658240482,0.558629507632097,1.4633790916384941,62.910096887097026,0.6834761514996005,0.42899613340545384,cow
0.05,0.49242546034438645,1.7075297465787282,46.31149002031418,0.6945003511759945,0.5017818493395615,pedestrian
0.9161483195491823,1.4455915307863572,0.0,25.20453849679677,0.8156966478974236,0.49838797158047843,static_obstacle
1.0222008807030187,2.221541575253372,8.581050602239268,69.19570156121979,0.6091940654650553,0.8777869170131394,vehicle
0.05,1.294855058090038,1.6314278193752787,83.07946946241756,0.5970811531184697,0.49298432100727163,auto_rickshaw
0.2992831208598439,0.560279391403538,1.7415518069880673,23.828673417698848,0.8936523205924127,0.46881595737593384,pedestrian
1.157337176607268,1.212294334286789,0.7260210836751498,61.92568843967951,0.6661470869067498,0.5658087526059467,static_obstacle
0.2563258658193136,0.7301769556845108,7.6333671486305965,84.86851590482827,0.567674375153035,0.4979530919597792,cyclist
0.5776097805153054,1.4692385296466808,0.027175901245943615,9.318169509048959,0.85808409031875,0.6918191134810212,static_obstacle
0.05,0.3675997433426967,1.547590503576398,30.971916762742715,0.6856935730503182,0.36512065510051095,pedestrian
1.3235691204505702,1.2055488802458776,0.0,18.44179798017845,0.6729222288419832,0.6118100597796358,static_obstacle
0.7812375874597759,0.7545564643682422,0.026717399793854058,34.12739015052095,0.809768535277019,0.56066741379062,static_obstacle
1.679354438510327,1.003805639690541,1.288344161102558,47.52869486352061,0.7115143555007074,0.6645890627529774,static_obstacle
0.5044784521076249,0.9567071762913509,0.0,38.946216899678596,0.6621305858726814,0.5460365776786784,static_obstacle
0.8612148240703916,0.7319055503917274,0.0,53.8594189068137,0.7264908836523858,0.5327773819454892,cow
0.5529349086511047,0.9189324166592411,6.384513479385875,29.224073985028486,0.7498837698295445,0.6003084115734761,auto_rickshaw
1.501159639425972,1.837525878949737,9.476845983037585,83.96887540607875,0.6960125646905949,0.7319009819483917,vehicle
0.5472879338798577,1.7421993478142688,6.478904872245577,71.37081244563038,0.6107724899879489,0.2811864437838746,auto_rickshaw
0.3662139488579504,0.6740804395224906,9.838211128114432,91.48628165559283,0.5904865229016695,0.4757799656952137,cyclist
0.4442250219042918,0.29084963344623194,0.7014975816554258,42.098577522299834,0.8121409623749004,0.2583843381537628,pedestrian
0.790596242041635,0.32088352853308755,0.10904642829680533,77.966753353627,0.5969372809276497,0.26222650720567414,pedestrian
1.3019293683209596,2.1296810603541885,18.34492727913678,80.1041716283468,0.5122673463505549,0.8429715322032465,vehicle
0.6183467450395468,0.9568619660124975,6.169759511319941,6.8372105616616405,0.9299040782120672,0.682051886494593,auto_rickshaw
1.0670470414007882,1.6933318361699212,0.8310597424863964,15.544047480773294,0.8526467341055796,0.6311071292863464,cow
0.4055544902946684,0.954185947570513,1.4155721456499504,25.404561121986493,0.7665610443206095,0.4778659649476298,auto_rickshaw
0.33780004148984055,0.1229461614742633,5.2347550451610125,90.34178761227618,0.6540752182071023,0.24334616491040117,cyclist
0.8372777861409275,1.746684932766638,12.615543487276081,7.5355350174594165,0.9218046185262795,0.9031788610763511,vehicle
0.2288559808513479,0.2670463153714445,1.919762849706551,6.6656637365361195,0.8560155963142332,0.32985418200138633,pedestrian
0.9733659927247823,2.9111110526217634,16.02301647723542,81.4386858692042,0.580691591104674,0.6770789606148712,vehicle
0.6998918814912888,1.74818458571035,19.44595715528216,90.56912668523591,0.5297903281993773,0.7463100373923702,vehicle
0.20070152520259488,0.4213333884815431,1.2314422172246378,7.089107670541798,0.9196203564391185,0.4497238322058149,pedestrian
0.9210094188605161,2.0105998754328844,17.22924279304587,23.007392635827593,0.9245821167703678,0.7357282758754803,vehicle
0.940862862791849,0.6311419774880073,0.0,50.65702093078249,0.652159855827966,0.343574252278522,static_obstacle
0.7874551899703791,1.5756206140343423,0.0,20.379833218111237,0.879403505487795,0.6147222050476695,cow
0.06987078710089308,1.6256290230388764,4.245459515118239,21.518755138908453,0.3941478372251635,0.5233019327188727,unknown
0.05,0.4447764829336258,17.489076326817592,85.2866034561302,0.5574129946131933,0.38765820562127506,motorcycle
0.6107817617086078,1.6030073866811874,1.7163246862703503,83.18091551960573,0.6425728901334581,0.4012205930584259,static_obstacle
1.0477145256283864,1.4550598264828845,15.056730643086203,25.225040963012844,0.9367615465794642,0.7902774717027776,vehicle
0.6097073321517,0.6556216613742931,1.2109575840488038,33.01019596266655,0.7440267332514313,0.4710567468822071,static_obstacle
0.7037369966936456,1.299547804401032,4.231042588147885,14.302597282856262,0.8180760297540408,0.5135194228370882,auto_rickshaw
0.16461887645129192,0.32567880261323984,0.0,28.204362279037205,0.7505595847859814,0.26966142292076023,pedestrian
1.1535254560450579,1.6603900708965587,7.592404303752081,33.09208834634988,0.7832652701928198,0.7322547200883843,vehicle
0.891453219579085,1.2108034627081152,2.5198697126710963,24.920130435576045,0.7988954056663627,0.5364029182889473,auto_rickshaw
1.5783579612380192,1.8992863332112104,10.12497839524346,46.559555247726145,0.8406175186096595,0.902084153531284,vehicle
0.05,0.9874391161131455,0.2203577040392471,37.37407929320372,0.7054794838770749,0.6375041556689042,static_obstacle
1.8023586219233327,1.7286355973267953,0.0,49.43563821581983,0.7052682190346138,0.41586787339681786,static_obstacle
0.8612958302063918,2.334761710386194,7.2133106006674135,51.74402312429931,0.7079167987888348,0.858029643708016,vehicle
1.3979548998710263,2.0336056969604974,13.296153068211616,57.30961814976656,0.6961834917046243,0.8144375215679505,vehicle
1.4877279590095702,2.1699623609899206,11.843824543171035,21.76880091736575,0.7569238745281928,0.8491708122311551,vehicle
0.05,0.1,3.043662997695582,69.90148547048261,0.562529522631738,0.20930748504797309,pedestrian
0.1403940715837596,0.1,0.0,80.86351043468635,0.5486700934256732,0.23877162949798234,pedestrian
0.5057462065668158,1.3650335156336308,8.205498050448128,63.06815840284532,0.7000469015417038,0.3678460260743658,auto_rickshaw
0.903324557058683,2.308344472580919,5.1334911103087455,56.837795527220756,0.7947259795210936,0.8911654787889909,vehicle
0.15908130459762854,0.34004221691771463,5.883591364568846,31.984029049771497,0.8590072810478037,0.43643175467665973,cyclist
0.8917111755436009,2.061272344863766,9.290812297722558,39.73389390944866,0.7684388881654435,0.865926145674039,vehicle
0.05,0.1,6.917073171758118,73.14121153227212,0.6074914819735252,0.3188844264074019,motorcycle
0.8864506154614828,2.477874465431432,11.050693345287009,53.75573864005473,0.7378496177685894,0.8230287909092332,vehicle
0.7655076420437632,1.9559715512738685,13.956697141643534,44.142609211267505,0.7143982332295046,0.7415289425532398,vehicle
0.3894455108529898,0.588104046906563,12.975015804486816,36.0196947219521,0.8452557813058575,0.489665082070587,motorcycle
0.8893053853652199,0.8322461275335846,6.411174967150881,66.20254261453942,0.6384553441801178,0.6051308445830684,auto_rickshaw
1.1928105268161815,2.0380573429800073,17.08170551586843,21.82562094213799,0.8146658866957125,0.9358507430061795,vehicle
0.6935816916371184,1.0613003452965877,11.686162454969415,29.745975667867466,0.8426880874354908,0.5452403225640919,auto_rickshaw
0.3767680831988689,0.583141562783639,9.439267201521567,81.44139723990192,0.5798581996293745,0.5569417390618219,cyclist
0.6188710760445113,0.6240230297558442,6.930319270210137,14.140029735557652,0.8265538143800987,0.6441848635368255,cyclist
0.11255433148497357,0.19803033847333548,1.9795428069122116,37.15595629331392,0.7574012391254739,0.36213920096710556,pedestrian
0.18707710995888635,0.6540697212714253,0.9530963358628662,24.660308441918357,0.7984508854985665,0.4005890448450962,pedestrian
0.5062297704269625,1.7217507379588661,0.6004178108156285,51.18851360318374,0.6908344396222658,0.349474341824025,cow
0.20324576899375751,0.7850701144417478,3.9459601536543447,54.71311754566918,0.7103051699960463,0.38331864321568243,cyclist
1.1537820296332664,1.372437559325693,9.891911257346344,26.214177565437943,0.8498015727369772,0.9799921363167606,vehicle
1.079906796616364,1.51444956452153,0.08043625285600575,16.732772129657533,0.8760009243850273,0.5460589534083469,cow
1.055043063768913,1.8228141074747177,0.0,64.56243832760414,0.6404885229061972,0.32250983395280797,cow
0.8620998383463583,1.8690057221437695,5.870780231181763,41.63267268908364,0.8105946730326332,0.8601294937173103,vehicle
0.9174098033424134,0.9414492811960443,0.32595445221180425,19.279898912040334,0.8955555060220161,0.499451001310083,static_obstacle
0.19933004632492943,0.4799211299340511,1.3836310677241175,9.557947424815158,0.9238044995308202,0.4767723849284707,pedestrian
0.9455637341021886,1.5608984623910411,0.08893631999435503,8.948837829244857,0.855461556133018,0.6168053000914989,cow
0.7990251033364363,1.3041351801287462,0.4576764343191496,23.243485212969553,0.8568838397720387,0.5309218286863018,cow
0.14349592960143862,0.7448880166230689,6.647847759003121,43.63806183237028,0.7413886412663715,0.3903323558513881,motorcycle
0.6714547074544662,0.16687436327266578,2.388734894817633,71.27038750900853,0.7335939223535511,0.17020032348962963,pedestrian
0.13664481725358568,0.45658143988327976,1.7656949050888375,25.583462343511467,0.6805263956928246,0.31679891149728123,pedestrian
1.31787225737492,2.0655754181559893,8.988269500903403,14.39631131125391,0.9097424062942974,0.7722929041967934,vehicle
1.4258267473651158,1.4187591825125478,11.807984221255337,93.6270196548572,0.6516173600426143,0.7122160877482596,vehicle
1.2791810824245318,1.973637241971129,14.255661026526958,6.081853115952489,0.985943444038752,0.862204153718156,vehicle
0.12370724670671035,0.1,10.942723692209663,50.40375699486543,0.701708496698903,0.5183075609684042,motorcycle
1.2141894879517992,2.2694620701203747,16.501902736506484,5.993247128747856,0.9683536130232419,0.8948457741008584,vehicle
1.3250368730355035,1.9551636108069261,11.54443945544039,12.803722487278694,0.7934275885663936,0.6835703429412302,vehicle
1.048602587848225,1.135643964585913,0.0,23.26211097381794,0.8735423626446869,0.6747274488600424,cow
0.9404205476145399,2.323252998298924,12.372038571582623,16.041061071856852,0.8598226789463504,0.9028255470384081,vehicle
0.7108089983008894,0.7511255183583714,7.46417625254902,91.62724184641446,0.5485834585391263,0.23192024188619978,auto_rickshaw
0.05,0.1,0.0,81.53646359516081,0.5221637036576233,0.3866026690512476,pedestrian
0.05,0.836555900210415,8.198707112276649,62.2958373740268,0.7121082788988906,0.5709619278280864,cyclist
0.2679173966587302,0.6141722688966196,0.0,52.54350923554739,0.7574411889632425,0.4468634732276412,pedestrian
0.2770324017091111,0.38890292654078035,1.3167658220684075,5.9333150563074994,0.9400923614790321,0.2882888779558859,pedestrian
0.44428894739150404,0.5492565330384286,10.406796335817395,13.284365884730407,0.9493196365314622,0.7091496929279663,motorcycle
0.538960095974512,0.5378973177230506,2.1322421629890265,90.34054999603885,0.6524465400319134,0.24875220452157334,pedestrian
0.5578965283914374,0.455648071782991,3.54614829582121,12.776302442468852,0.6807262636517969,0.4015498350945835,cyclist
0.8844540633852951,0.7109397732401829,10.155417391711552,64.95769467564887,0.7299057874172594,0.8364649685193387,vehicle
0.7959271001717674,2.0780040649714064,7.335930428727652,87.73481819760812,0.6657608593657595,0.6938709111405585,vehicle
0.6324228837250442,0.2205167998745532,6.09824971889123,34.411637936753706,0.8209789378431331,0.4254603921665729,motorcycle
0.05,0.7582355556816678,0.004646101989261853,79.82804719687032,0.5274153945063139,0.1117764203263554,pedestrian
0.7617317153066757,1.0553061109694883,0.0,32.85197725038462,0.8329498308792735,0.4922269316492088,cow
0.13146009503551292,0.5129540367453338,8.730794293849128,8.767341386524528,0.9197614764218353,0.5875060751481589,motorcycle
0.05,0.23560989578520186,0.0,93.93934576242032,0.5861444222105491,0.2852013972013797,static_obstacle
0.43367608079966713,0.8981494158128351,7.944108490059374,32.42585786663691,0.7464141344675725,0.5866522412631597,motorcycle
0.05,0.1,0.7113126633648659,65.40664101804205,0.7293417621595722,0.2798232046770419,pedestrian
0.08002633972327255,1.633859473384626,11.444890563709494,71.2784988257173,0.7605852328673465,0.7732802621705177,vehicle
1.0514495767944638,1.3280875096583546,14.066918236131373,43.820222837676155,0.6842407474203619,0.9671910452964383,vehicle
1.249290667959092,1.8697150706571235,0.23270410325136207,25.23177438259471,0.7999522776747848,0.628088215769244,cow
1.121442043557075,1.9402603899044568,9.899710062526802,10.145043257921937,0.5804885040881507,0.6509417535446784,unknown
0.8055964761244947,1.7191779762365387,8.97404008523284,40.44042700427097,0.693602521552159,0.9209915531340156,vehicle
1.2824558600607685,1.5470432224453685,0.0,38.02261212503959,0.7609538076108696,0.41861139305406575,cow
0.9952440133743031,0.705916769744156,15.56978156452518,75.68314422008412,0.5799447508006792,0.7438860124205742,vehicle
0.804592028811137,0.5549453944627168,1.0174344418358583,69.65334332972023,0.7006286462616411,0.5178961375543544,static_obstacle
0.4599256226223881,0.5060283182209433,2.6849656300028206,11.280438622436517,0.7883975926714796,0.5527714084668708,cyclist
0.48544320993182877,0.688405118201008,11.386022851701998,11.923731519889264,0.3055519589221383,0.6281113169620433,unknown
0.05,0.7585014795864509,0.0,54.35798487546569,0.5928173892298025,0.5615589298714093,static_obstacle
1.3879332646316298,2.7044528705588124,9.843796101865712,20.10997902048804,0.8064018876199169,0.7130852692542209,vehicle
0.12291144433341147,0.22285785357255428,1.5636338778263752,64.7156282331927,0.691322493180247,0.19896954065158257,pedestrian
1.9952788289863008,2.2601288949164577,11.40521768315073,48.192577428496804,0.7073752659539556,0.5371609171363703,vehicle
1.492877770608436,2.2658422754816376,11.382945731391612,64.79964150463677,0.6625434667480443,0.732173763863687,vehicle
1.4035606002028531,2.2338413083890414,16.708009574991728,20.712028558444604,0.700264968883471,0.8452754716542524,vehicle
0.9234345016495051,0.9786130051941871,5.246623089370553,63.54696042093618,0.578064631512965,0.5552762149101717,auto_rickshaw
0.6777278569896625,1.5285925839275434,0.0,43.24276571974784,0.7684950653805981,0.6402962784118948,static_obstacle
0.4411888428776003,0.9473212295658244,2.389844395972967,79.39205308815903,0.510441457651696,0.2833291549475109,cyclist
0.3669612007247181,0.40269340795680775,0.18709186933139765,53.45120506286021,0.7250994155408127,0.3021828854061059,pedestrian
1.1561520245982857,0.9534643079542343,2.941691471446039,91.46929945010244,0.7196841192663103,0.35538308867770085,auto_rickshaw
0.8457172174734388,1.1875815020326645,0.0,28.88478551592613,0.99,0.6879644363514128,cow
0.21839611305377626,0.9698201769255221,2.6598675492345403,74.371814474663,0.7526819902859588,0.21753449680978204,pedestrian
1.1616129324380662,1.4424203426405104,1.459105891653205,68.33324773794223,0.6442462530310749,0.4256235143334006,cow
0.05,1.2087982421374446,5.567698778815747,60.31547601285482,0.5987689492773096,0.33596380065700626,cyclist
0.18211484245216517,0.6828722735545709,1.5457282767478677,43.018687934806735,0.8383180771222136,0.5250884025528787,pedestrian
0.7661950680492082,0.4276099917225134,3.5750755513821533,66.39171201366011,0.5852765166079623,0.2946054644493862,cyclist
0.05,0.1,2.943824708832187,58.27569645043847,0.6737858213702939,0.48241350936480604,cyclist
1.1476684833997417,2.0573493122014286,9.017727305461447,14.239410912459624,0.9233718768001326,0.7197857509892164,vehicle
0.800980854408406,0.5200281141306535,9.975979267636946,30.166371291457768,0.8985358680377625,0.5989696051383925,motorcycle
0.8059771914345394,1.1715528073445987,3.7856893581381095,30.119431598559963,0.7966694819138146,0.7579879177724294,auto_rickshaw
1.1054537535957651,1.302952918736601,0.0,46.21669844449494,0.808415130565867,0.45419512710654064,cow
0.3995785067895854,0.7104268273960247,6.107051881869828,10.115779008549664,0.7617046789865403,0.7013811667500608,cyclist
1.2738215863715783,2.7441003766087597,5.922608153988021,62.92294487076965,0.6471195156125176,0.7489121380844236,vehicle
0.91168187490286,1.5280287394631447,0.03056709974950869,45.81728078434705,0.7316402217361407,0.4925569756355147,cow
0.5679773990754624,0.8048774542897041,5.014364291197256,24.928436107415536,0.8356114776868274,0.4937121383711519,cyclist
0.05,0.43554822622162886,0.0,88.41117610898647,0.62498524092481,0.06503010497780892,pedestrian
0.6127763052712774,0.47548732461277476,8.372972649832477,65.48225199079087,0.6106863231772304,0.37213929048706335,cyclist
0.21492761700923557,1.4836258282926122,11.510357947208465,87.16015539339,0.5523093035933181,0.32340186511444474,auto_rickshaw
0.5366088916015291,0.5611284519686133,6.857230035694833,12.861083762293092,0.8622765331871655,0.7072033954334219,cyclist
0.05535397842387352,0.1,0.2767330171838589,92.10436113592223,0.5263151884177754,0.2279714099594925,pedestrian
0.7391696620362534,1.0878067920650285,9.73563499124712,5.681219071562776,0.9489374731015964,0.42707869201006665,auto_rickshaw
1.0211034822132632,2.167913579020818,9.906290950036585,55.03988523506638,0.7475170492342108,0.9399938677956614,vehicle
1.0307389340889332,1.5097894898652593,11.145437437715625,37.35761039397754,0.7687525191496944,0.8561438011070323,vehicle
1.6756649169751616,2.5110340161596345,16.25931520592218,38.05117652887552,0.8548436576503619,0.6769264104748735,vehicle
2.195262537066754,1.1768746214158323,18.223337339628234,86.96378597679373,0.6726031324192681,0.7306190806697319,vehicle
1.0980329592333733,1.8788575591252075,0.0,72.60580343354472,0.6940494787935925,0.37925431116018793,cow
0.887819521001505,0.5026537387147817,6.237570598792624,49.4493534841325,0.7632417080170046,0.3398830579658673,cyclist
1.2020880288922295,2.4256628631830366,20.174417456333906,50.77480528729995,0.7672440645728226,0.7472739937520352,vehicle
0.3737902140198544,0.5017236750219144,5.673165184542533,7.311223747313129,0.9660950395098438,0.4748143579909883,motorcycle
0.6456739248887011,0.4080339459316005,6.11001431029924,27.758207909551487,0.7677595546593642,0.5677856003644562,motorcycle
0.8627788066667571,0.1,10.747602701779341,63.704529895462166,0.663478959314432,0.4955289926585315,motorcycle
0.9923734796296526,1.6194989661038874,4.788319987930718,61.485142092675495,0.8316761956059157,0.7111682294140216,vehicle
0.4302893485313664,0.7167751984703576,6.96335048353725,20.07908016830292,0.7264834581015683,0.42949401182397007,cyclist
0.7006650354759228,1.8878518435285874,5.980622472025141,7.919240671047639,0.5479489921406695,0.5121457674856033,unknown
0.5566630721331511,0.9059256697830643,7.579924415059733,57.19907510635198,0.7756607633056589,0.45128156736120156,auto_rickshaw
0.3109510128946641,0.9010021506836213,1.791498437835298,22.58686945882489,0.6844482848561363,0.37845134749669174,pedestrian
0.10996132767268514,0.33081346244661325,0.8744676363723464,24.058048415021325,0.7649988749028074,0.31473063540396395,pedestrian
0.3132465296382986,1.0350729368653397,5.015810319316393,42.85422780187718,0.6809017710985628,0.5428733078311291,cyclist
0.30793179516371055,0.9722245830402951,9.791172821327148,74.34422585022442,0.6419711340009273,0.4546296524205908,motorcycle
0.1113799164538457,0.5239504985725862,1.724877858287605,71.96515133320864,0.5792548387546662,0.42497817539695715,cyclist
0.33005717876447344,0.8994669797858559,7.754959856947847,27.79189599120612,0.6322688443441882,0.5056644297267325,cyclist
0.05,0.1,0.0,77.00440251455815,0.7217704907140471,0.3809056423956455,pedestrian
0.9737516805272229,1.610697425438381,0.0,56.522946533742065,0.716363537009217,0.5383450134339388,cow
0.6776967709397834,1.2241607152737521,3.923514858395186,15.956589673429997,0.8556684091262808,0.5198855607900759,auto_rickshaw
1.8372579494002963,1.8274204339335125,16.55275448608557,46.386069109832825,0.76339830997024,0.9014547056477855,vehicle
0.810618368121984,1.2238287465227624,9.868444547784055,5.753252722364782,0.7786461485040159,0.26201034655325134,auto_rickshaw
0.07446187206023186,0.1,15.210471902067114,58.86042293119603,0.7234515696192988,0.5412236378826336,motorcycle
1.2195312319434475,2.291197247384041,5.7983806269354545,11.216690376887513,0.9445699193025117,0.9225529085648524,vehicle
0.05,0.36202442461423173,3.32591790273284,55.73039590025864,0.6834037702430126,0.5437885666915198,cyclist
0.5963222314054473,1.8947491549178503,13.409002939286413,18.468244299104818,0.8603266616503643,0.9472715080119711,vehicle
0.5017003395056023,0.9711203062160594,10.328966537788418,75.53078551285807,0.6170734656360986,0.5959352519569301,auto_rickshaw
0.9394939357103369,0.1,2.1823716891568643,93.6996222077933,0.6444929032507786,0.353989573533618,static_obstacle
0.9310020544724593,1.0597305248611657,0.0,90.16221777563274,0.6248510071379675,0.33545420672965653,static_obstacle
0.6523811324030974,0.8186569686784867,2.017161551731982,9.047171410214256,0.8074502244193288,0.5660529606753344,auto_rickshaw
1.1157008987360197,2.1342293225069677,4.4875218764138305,42.65457137100084,0.7588384817059557,0.8246186273596131,vehicle
0.3735123761571264,0.578421335391418,10.605694967234392,18.837124633930127,0.9201431667682407,0.6110245646158462,motorcycle
0.8487863377805096,0.1,7.841854515430102,46.77180690178904,0.7602448363292944,0.5316527466092285,cyclist
1.2279116101393017,2.1934318854762536,12.338379205455007,5.622133205270062,0.7811719798828153,0.796304446214563,vehicle
0.6060390101816676,1.2914389313495989,0.0,12.029466823197643,0.9609803590014553,0.6061449986625207,cow
0.05,0.9950433643439072,6.0149478779692505,78.72043986517676,0.6475703121872098,0.36736975727931415,auto_rickshaw
1.6586663853608914,2.5140189930569035,13.915904418093314,28.045649788368394,0.8698450936207011,0.7451319917458166,vehicle
0.5817493554390537,1.1937656664068994,6.541889786288649,6.692921884615519,0.9068142717128714,0.5690839745875743,auto_rickshaw
0.11620380444611714,0.44202692074976513,6.249997600520272,25.704124314715205,0.854646041959483,0.46269264807966887,motorcycle
1.0945949410352105,1.7883510755201053,23.19210259089708,89.38092056534836,0.6010834978685181,0.7032912821959594,vehicle
0.9644643265163388,1.123285093721674,4.5392228099260725,46.577244569012606,0.48081115080242665,0.3790105158822433,unknown
0.9016458151456005,0.1,1.492970139098866,55.425278460102014,0.6228865350022923,0.2876951928894891,pedestrian
1.2186012622941897,2.5174840313346722,19.05068040733168,85.63320286152582,0.603459514895354,0.8959533645585557,vehicle
0.18762921303190316,2.5895620865157603,7.849227841513265,56.41769607134613,0.6184975988889798,0.7029264868858902,vehicle
0.21789642284242994,0.5743507633114475,11.526517562578913,48.34883730466341,0.8569984214682764,0.654507186919604,motorcycle
1.6156111010089902,1.4073399513953577,2.41930940486597,75.32913772384616,0.6088801453640588,0.5144348868023026,cow
1.5364620311145403,2.308423162741837,15.007542436711653,6.68220694358002,0.9828649259697139,0.99,vehicle
1.4672821373558333,2.1775575046563462,5.42157899533794,34.58371387770687,0.8532773391800463,0.7957598593877997,vehicle
0.7665754180414315,1.1291959252680104,2.1985083298581016,62.8214301021465,0.6798663189039258,0.3367631074541788,static_obstacle
0.2834131488930966,0.11871950800785833,2.057741201370804,12.914998232488337,0.8033397612637815,0.3651158795601857,pedestrian
0.4561985229463029,0.5812633789575532,11.777802283740984,33.68526619444839,0.8621451269560595,0.5109181498737968,motorcycle
0.7874122239944568,0.9563064138582267,5.327781779068487,63.83321568227333,0.7376648788922125,0.11156702260053186,auto_rickshaw
0.8300253070272627,1.1362601608676668,4.169191569182347,90.95006817522973,0.5568960117066498,0.3479937086993571,cyclist
0.2606621568836174,0.7315262883677398,5.16019257739016,8.479368288962046,0.8475418327007053,0.555381455462333,motorcycle
1.145316628844496,1.2825172940841214,16.207300669181656,19.70436269897445,0.7500964700138375,0.99,vehicle
1.2134455689418189,0.5881643747710227,7.837071893983451,43.48030492375139,0.40745709596819857,0.46839391743720604,unknown
0.8275136520409127,0.9973822875487068,0.240585075715686,47.95656913683896,0.7060718465161862,0.5087754476281612,cow
0.6063643228231597,1.4153853600955908,0.7070901357800039,61.047195286570386,0.6107383200149233,0.36644126249154474,static_obstacle
1.3181911599307474,2.1219418608237928,5.8536139795373865,18.7128251577392,0.9278083738145154,0.8611545427080554,vehicle
0.05,0.7926687500854206,7.287289598594011,32.457456683968374,0.7361185417021362,0.7134121976586798,motorcycle
1.281980820782167,1.5792938493552653,11.507365153787639,26.03712575249889,0.8019083016396475,0.8644614429961908,vehicle
1.3948502791189072,2.161521240880023,15.561043436148196,58.22208192963045,0.6851347601664405,0.8405527373174775,vehicle
0.4252532442003613,0.40922379656504176,0.9307818604476237,83.73112298420264,0.6702466529548441,0.26682989886602854,pedestrian
0.3497158658696989,1.5166056795102847,0.0,80.06498396684304,0.47535816377820284,0.45221105373097836,static_obstacle
0.15973915955487927,0.6195848544222683,4.118965051689608,46.54336215129601,0.5869900785501442,0.5774944050990392,cyclist
1.609894432667342,0.4140794334772133,2.0460944732987687,89.33799383626913,0.684368457940963,0.23402010130560386,cow
0.4562387973547467,0.30251557756272845,12.109987754620434,69.81592346553346,0.6379533584003093,0.6510784944034217,motorcycle
0.540787084351486,0.1,2.215177557539203,68.2380248332179,0.6266408200588949,0.2351052126488472,pedestrian
0.7435347750502895,2.043577857599952,0.13304572615407256,70.3815414263258,0.6584736895372615,0.3291821842816469,cow
0.8460260962348007,2.4295204246526443,18.87623190627901,16.829407800738423,0.9278607173378943,0.85866701131725,vehicle
0.05,1.713386860035108,6.982265529771518,63.7759402587422,0.5981825021597083,0.36362330912890484,auto_rickshaw
0.05,1.1104206029068102,3.208324609428276,87.62077353385706,0.5824047639057178,0.38986724226932495,auto_rickshaw
0.4848059359572111,0.1,6.413408611561914,73.42925675244919,0.7187282740202582,0.48803998982450214,cyclist
0.7999128258358359,0.9157449062948855,0.0,65.13196448302578,0.7481262687439988,0.5687417821127243,cow
1.2801731893645458,2.069901555626749,8.587361615159095,61.919154637245946,0.7979233703928283,0.6193520189116245,vehicle
0.28308267313349095,0.8387341434420617,8.175445739448657,13.504358149924583,0.833509611658579,0.6263993247583826,cyclist
0.40301356885766654,1.171694057083013,1.8020961847460706,66.90038371152247,0.5929384520505162,0.38033250323208856,auto_rickshaw
1.1645446363790584,0.7124630262113427,4.203031219612523,57.897561242509575,0.701681068875412,0.5322817304981511,cyclist
1.2672750223050215,1.9266143278029024,7.650507658049029,7.555146640094879,0.8663829856541001,0.9799740666538339,vehicle
0.5368090680655081,0.706591376303657,4.557015703842478,19.55646767592909,0.7933681912354972,0.6478297024650984,cyclist
0.4302072660953966,1.6956100374083507,5.90695845298409,69.42446032873676,0.6390660921356288,0.27977299689068946,auto_rickshaw
0.2626372483279116,2.0951562599957887,15.424995965078638,55.978780922020434,0.7808546258936255,0.8122456446165792,vehicle
1.546554264335032,2.1400296754588735,12.735808381522627,21.266057340301664,0.8865856855008465,0.99,vehicle
1.028270617648458,1.4357999819281089,2.8083346793904815,82.38501327616167,0.6262678704190073,0.4754178721102732,cow
0.5868230897149318,0.7960095488634946,6.29985565104242,53.45214411206981,0.6756303269207136,0.6204762473039563,auto_rickshaw
0.21808673229793923,0.22952024007500754,1.3883697914072006,19.98404599615277,0.744925800578781,0.19643105009256834,pedestrian
0.612486221229181,1.050552047614601,9.96362180395602,87.49394500108501,0.6413526472652553,0.8012981584408827,vehicle
0.33155969540438945,0.425184845048922,1.2615469287691865,14.063064586293764,0.9095921437807815,0.11436998639062096,pedestrian
0.5505998632923834,2.1615826489176238,10.80704582487156,67.57603000435664,0.6877525724016793,0.6502172331918425,vehicle
1.3248536335262013,1.3175659475992196,9.785855824907333,85.37054574577128,0.5195128079004748,0.5323986887004448,cyclist
0.762246523965997,0.7766582368490623,2.7374969045379896,68.76161131094267,0.5485176239111806,0.5046591059955396,cow
0.6122326649512702,1.876006928735603,0.0,55.58016533764202,0.684736456770139,0.3078889467492767,cow
0.3149704027574156,1.611272032435958,1.4586400814958371,34.4477966770003,0.8584387370407585,0.5295004605055837,static_obstacle
1.1812757814235675,2.313910961514281,9.17115773990313,9.538167052524377,0.9178445347923612,0.99,vehicle
0.7376485767975627,1.2541385553733315,6.839894475008915,12.313257312365412,0.9316366713070401,0.7095040728594977,auto_rickshaw
0.7167606592396263,0.5310533862101003,4.484125585744327,17.762234106332162,0.7724815490888605,0.782566413724183,cyclist
0.6544022814079066,0.21131269674208952,14.976672438167551,45.10344690809772,0.32415031189067917,0.5195359858033557,unknown
0.2517074086827137,1.6867791565462513,0.0,23.21026262451198,0.8970948355266103,0.5552256369947807,static_obstacle
0.2589299058378933,0.5169956755187518,1.029653667558568,10.078112787568008,0.9607689152279895,0.3079432967023608,pedestrian
1.2801161548075208,1.7051648343908838,0.0,43.602135344664845,0.8148725022791015,0.49713587271898396,cow
1.0956243621532613,1.9834807504859227,11.909308170166128,35.902972929230486,0.7845757886792811,0.8451340622008939,vehicle
1.228089946901382,0.7592559214148009,0.4655511497714411,85.78838528242979,0.6833936235534248,0.3738664144057556,cow
0.3015792854350387,0.9376922984531093,2.718929112857966,72.56228527179503,0.6347630255458027,0.1143857597021957,pedestrian
1.4335856790224255,2.0584833180622466,9.813509092504749,74.38433337362106,0.6126343511691751,0.8098825551494403,vehicle
0.6403361321152045,0.6347005853680162,8.998857810131256,21.640027602965255,0.748839010318278,0.7143657450096329,auto_rickshaw
1.3108500043210305,2.528203141803699,7.638439438359662,10.709290368959758,0.8432177424273937,0.7848828319112322,vehicle
0.4795886711307712,1.4857463645011797,1.6830359973447524,90.40599249628151,0.4577966876511146,0.5279918985836083,auto_rickshaw
1.0224351910171392,1.5664663870456323,5.5413700814834534,33.073733163892285,0.7672762256567193,0.9294406612402869,vehicle
0.23138922914337706,1.7926017636977298,1.4387006985381703,59.605840310720275,0.6385459000801643,0.3694191678697323,static_obstacle
0.919861025126064,0.6923506892739032,0.0,93.38762660518202,0.5431729144698816,0.36045118970285084,cow
0.19389121304121637,0.20938148462675393,7.053319622840699,21.36824891794997,0.7672645041994082,0.7329564079840409,cyclist
1.5382715143424666,1.2649086747017433,11.310377199081872,78.92335423175295,0.7200297062950134,0.8619699583488021,vehicle
1.46220825214686,2.176437508794503,6.886930341669896,14.835327684215375,0.767986736321431,0.8708880067183041,vehicle
0.44819425117035905,0.4462960673637607,0.8393892567127507,41.750891915464265,0.6098908892864376,0.3429700029804183,pedestrian
1.125848702037583,1.533118843872182,15.319471849123545,66.0349063058686,0.8015610360960784,0.6466272044924581,vehicle
0.38777267132241655,1.6487018619190288,0.0,35.01356375925393,0.7550036221085098,0.6695590422267019,cow
0.2048999757250019,0.7874885847279528,11.197358133935845,29.647734767770043,0.6662788237240881,0.37483130378785834,motorcycle
0.5921276489781806,0.8381416166037683,12.69360185137644,26.645347848318515,0.7907956311144925,0.6066537567860525,motorcycle
1.0222627534687125,1.4541113824536342,0.0,54.048405276481134,0.7897544008254501,0.5303592995887123,cow
0.7010035288397233,1.3019115403714543,9.655554045068133,32.91272582131716,0.6555411689776101,0.518293635920465,auto_rickshaw
0.9774408129992569,1.5636257110501826,0.9182750437567507,31.792744829175156,0.7614304771098496,0.34914736573948213,cow
1.4142678758705955,1.4366490778112777,8.610778672659283,43.194297108038306,0.7793182555666711,0.9635131707131391,vehicle
0.3250369539060543,0.4861975165806432,7.516271309270979,24.566431976821658,0.9817918301036388,0.5062347568058974,motorcycle
1.0521203908539927,1.4695436380507492,0.0,75.96668013359285,0.6189951410724395,0.4607223117115727,cow
0.05,0.9680565149359337,0.0,86.59661884452886,0.5693153622427943,0.4427015727073408,static_obstacle
0.05,0.16680551498600482,3.1973590170106005,69.4092368467055,0.7632352800859674,0.06407987589295325,pedestrian
1.1818292796124346,2.0572494592995807,10.489851193406576,39.31473193576025,0.7337616316593171,0.9810110662599067,vehicle
0.5138477949830168,0.5078617940407324,3.3906541652326307,29.372792285733414,0.6900855434676363,0.7128987778665196,cyclist
0.6193698180920364,1.310465021586613,4.864896538000337,28.16148102486952,0.8332323370984452,0.5235593222099256,auto_rickshaw
0.05,1.524227552651399,8.82355149148312,88.43265716419502,0.6120819529317523,0.5021081280569588,cyclist
1.6680929205793102,2.1388820443342262,12.985372531170873,42.96779077275753,0.8688875217618057,0.8292036435342702,vehicle
0.9676684710794667,0.6016204395683749,2.2332111096818976,22.32553398317037,0.35429347721713544,0.6772893005004172,unknown
0.22268827381198494,0.21614829269536123,0.5082835834428212,87.99309899222186,0.4984539985223356,0.4140755215254899,pedestrian
0.5254187544256251,1.7266491893970466,9.551955158718734,91.69027576955398,0.5980059675031754,0.6404092113526763,vehicle
0.05,0.5413988527156033,2.291387666941825,52.42891134221095,0.659042238998739,0.06383414637228935,pedestrian
1.3426034345677667,0.9248427131267619,0.11293014342766759,75.8102046698986,0.5407197619904698,0.48217536857634835,cow
0.2872916016753202,0.5330938087624436,10.151815983431176,16.061352522485972,0.841102172503779,0.7430746340015206,motorcycle
1.3245690953356937,2.62444452812888,7.6569825583791005,46.46528200438324,0.6780944710897934,0.8161698755455087,vehicle
0.9042624472110421,1.8438301201378935,6.687070907666043,57.89917786713512,0.67373356247591,0.4721808289249001,auto_rickshaw
1.5048014938812222,2.276989882123768,10.058338458546295,86.90592609815621,0.627550825547191,0.619921138719999,vehicle
0.3360429000320901,0.24572685817159923,11.865318547769085,71.2142015434045,0.6602516106575768,0.45552001359982175,motorcycle
0.7242289990359991,1.4957164286875893,0.2504859358834317,7.310073446716934,0.895990582807381,0.5841512370229938,cow
0.5174024620732183,3.166625387383693,4.413109967000321,92.79620295662882,0.6298781962046927,0.36506764784558576,auto_rickshaw
0.09103003962787032,0.13428812114278052,1.3983137615595915,19.630169586108707,0.7079545659893062,0.31720926239407427,pedestrian
0.2787178744672675,0.547877087267152,12.547830703088785,34.02279527383055,0.8732873006486002,0.4833247484018841,motorcycle
1.3691456889632974,1.6227823213757728,1.5334685476238383,63.75758583023709,0.7546205164609315,0.4383744755478552,cow
1.049406853468148,3.0801155425629387,17.350278014119073,50.8306159431888,0.6633469392307438,0.7843014345524799,vehicle
0.7290680582352181,1.0106636658200117,5.59769313878715,12.727608938602803,0.9217532810277249,0.6753403723029952,auto_rickshaw
1.140341161520205,1.056910339376723,17.117931666353456,45.00840258432498,0.6562734910945401,0.8276337638377983,vehicle
0.5846734416080035,0.2513395618277091,15.586747774527812,54.658761668567536,0.7412495622382418,0.5124616631255666,motorcycle
0.05,0.17099592620686702,2.9015608228973955,45.94918810844612,0.8063714591612641,0.19173451977994005,pedestrian
0.7236694757469799,1.6641577114136061,0.0,50.54173119829451,0.8002440004156508,0.637804548291413,cow
0.8631488481853471,0.5533430548674677,8.103559950899852,37.08789130572655,0.6265867533385531,0.7655807917118654,cyclist
0.34209998111351714,0.41119581532301236,2.1539020879827904,34.13317021757972,0.754729586470509,0.46959155128405977,pedestrian
0.9937536909422149,2.4486901804085432,6.864710206111975,48.261125172695046,0.7954590490990806,0.7273022623910903,vehicle
0.23165709316540906,0.3600641745003761,0.880346632019586,6.950067546575118,0.9123261971650011,0.2759139981037578,pedestrian
0.3228472720288593,0.6044087427719066,5.014173664544341,12.719102421510453,0.7772629825095334,0.5223538825973988,cyclist
0.9229800764520234,2.1961601457194666,9.711629518833464,71.88473048850315,0.8809315737773515,0.7222049003405969,vehicle
0.9454490177276156,1.394594029920998,0.08132536626317602,31.594581017448995,0.7690053964543805,0.5017506515786073,static_obstacle
1.2067294362826408,1.5452124205432731,13.352275364443008,19.60545825804051,0.910977085637533,0.7967951265975914,vehicle
0.5090774371920587,1.9073396956878133,6.738373034337041,60.577395171993196,0.6847520422987983,0.8071284064126012,vehicle
0.9165139176235969,2.824166120073973,1.0017969332559455,75.6605440393878,0.5449658409774725,0.3486061568310924,cow
0.4428439035100159,0.1,3.1945478118157564,76.68455654519988,0.666944716846743,0.2785834370648868,pedestrian
0.05,1.390876346856259,8.916887676168209,94.68862449010712,0.6274953944545715,0.4267271350961522,motorcycle
0.581536690456588,1.0924606109821169,5.840420334042688,10.960788961897759,0.9519874659844269,0.5075414615816919,auto_rickshaw
0.3948572580346146,1.0713601884487336,0.5724945030899732,82.96641976277613,0.6257588837237277,0.5157797744305889,cow
0.8454428772422075,1.26486820425815,0.0,6.280643387565277,0.8518734503692916,0.675542188588748,static_obstacle
0.29771923450412036,0.6772257504863998,11.654885071934652,11.513115117956929,0.8987023781117442,0.6424634190523126,motorcycle
1.4880302833090893,1.3342645971011984,13.602479869243439,74.79877495714503,0.6955890799592424,0.7731343198922781,vehicle
0.14430187023019914,0.14491768247255568,2.8570009770961944,27.11027981550029,0.7695198722061922,0.16405362438486565,pedestrian
1.1354592064141835,1.7280964083437678,19.952166574291102,34.545948148850215,0.7856758340992281,0.9022693776467016,vehicle
0.27829682634796127,0.1,0.9605219214516867,51.715797568807496,0.671464097327958,0.4072339951880076,auto_rickshaw
0.2711482069615728,0.1,0.0,90.8876668226873,0.5629716227569123,0.14424251957068518,pedestrian
1.3668973279002188,0.7369126563681516,0.0,10.192313776274775,0.9692968178188152,0.6415443817197438,static_obstacle
1.3893114960396775,1.6236573989971657,14.848214882700287,71.97173927317799,0.38739751021623503,0.6978844833698985,unknown
0.1253633867175465,0.4558099321412057,5.457972936879006,85.7766385170149,0.5153190235956813,0.5983222394577419,auto_rickshaw
0.539974631816253,0.9133108166978777,4.806704533753093,26.479533046343782,0.7354078907538333,0.5636738170218357,cyclist
0.10633473217955525,0.48762051402257445,1.6559703836595887,34.90476198146235,0.6792700335488533,0.23575613685562002,pedestrian
0.9197116997811965,1.5645719025122562,6.2205263551700245,89.01544685992788,0.5519565671949661,0.3240262998517615,auto_rickshaw
0.14292411090119303,0.6004602012221176,0.0,35.54273023518188,0.7590483385974549,0.39643057608874305,static_obstacle
0.22012659440955112,0.41256348971119755,1.2714382175871872,9.088575463222027,0.9349671762300737,0.4215458100391177,pedestrian
0.05,0.10775507835570364,0.8661966559363623,73.75728170900524,0.552657650929884,0.20402432071268356,pedestrian
0.3577926320538188,0.36864656027301507,16.187429566949277,28.7900768278386,0.8828991463140117,0.551414233669207,motorcycle
0.8248157731220818,1.3557454847511217,0.1385690843069507,5.2788232920364875,0.99,0.5903343406006532,cow
0.5209043865496386,0.9711056594066347,4.343803050015661,13.29508961677018,0.8562495500042097,0.598069778957386,auto_rickshaw
0.3396258674404562,1.0619015185120528,11.873460034575066,31.21820520396212,0.8572026221265496,0.5742978439598422,motorcycle
1.2927834223478785,1.1227760585407285,2.405861887371095,84.61160495976273,0.602504637622856,0.47893466919023614,static_obstacle
0.4616293599118455,0.44248851056523425,6.721873108719823,24.057181722844557,0.8613245864815118,0.5977816637894514,cyclist
1.0036711853118558,1.9504601490549884,21.150665079373066,5.0997221066916705,0.8967226846348023,0.9422361322934734,vehicle
1.5883373522995625,2.84669117220205,5.106963551914124,50.92601294052729,0.6278780687617945,0.6205882485525888,vehicle
0.9330891218788882,2.344791687131639,16.35913651740544,31.871547203723093,0.7701780136574897,0.8312448288537201,vehicle
0.46271568210707104,1.525198440914437,2.335477309395598,83.50062527607314,0.6713876777575493,0.4508807163557378,auto_rickshaw
0.45301041498335853,0.7278364397060538,0.7776457155473696,22.589745860663882,0.9146921098446106,0.2957730118913488,static_obstacle
1.333926602315318,0.1,3.3351769515898466,67.29520377581953,0.68294561316669,0.6088541094118098,motorcycle
1.1190035819804942,1.3596996212764594,15.800807923511911,12.727453156364035,0.8385371694337992,0.8600849398750537,vehicle
0.44148095393400216,1.6505134490685975,0.0,65.3646923162951,0.5945399560167324,0.5854623824886991,static_obstacle
0.6027226674815132,0.1,0.0,83.34899518111962,0.6943289816801872,0.27500620191628544,static_obstacle
0.681624992711078,0.4381269010837801,0.0,20.183941108125374,0.7493178540224149,0.5178107665632392,static_obstacle
0.6929460288480347,1.2301140346471078,0.3255860460203394,46.72189645148048,0.7641032187184517,0.6595656534643539,cow
1.1192713720680503,2.644466198642029,22.25202999757262,80.39268424116668,0.5644101687297834,0.690306282138112,vehicle
0.07875699077470161,0.7940789428411892,8.195276217773129,55.658486794460636,0.6921197422735288,0.4677731187211537,cyclist
0.22845483192977856,0.1,2.7770574169936757,89.76759746825498,0.4529259628336212,0.27667886736056835,pedestrian
1.1553535500156542,1.5947637176443208,5.041413419120073,44.62553422759841,0.6806881531493093,0.6966122342166167,vehicle
0.46239320289166996,0.8791681581911565,2.364604261152527,23.906677557810323,0.8678776099158169,0.4073783240699803,cyclist
1.225274192254885,0.9897480851109661,0.0,62.181467576236216,0.645123872702215,0.4241817064820689,cow
0.7809996085111989,0.1,5.252574938266132,63.631387226292624,0.6099975986867732,0.4670797679044549,motorcycle
0.3642199390129725,0.8346642336005217,0.0,37.75041098018213,0.810175047447103,0.7496514171735494,static_obstacle
0.8926517560711604,1.3267365714238277,0.6761887274632069,29.698678128364794,0.811677123558298,0.6485794176278614,cow
0.32536399034499236,0.5527256158877386,5.680312384166343,14.380167756979127,0.7955495135724112,0.6600878460535802,cyclist
0.628897133696809,1.451391004926591,0.33799531798433335,11.571647395741648,0.8456571910878303,0.5885781114530727,static_obstacle
0.456327739695191,0.449789052556427,0.5431475833042791,57.67668319614326,0.6587396335073629,0.3568910222685317,pedestrian
1.1428443092144007,1.240592865506689,14.043563273007472,67.89111901562995,0.6977729543678064,0.8682240645634975,vehicle
0.2532526818331574,0.16800707034981888,13.620428223518564,92.62957403892644,0.6026074627965572,0.5275253082347552,vehicle
0.44890104737547165,0.8177147285712906,5.37529024384637,20.57066331956246,0.780847846312099,0.4751327997008175,cyclist
0.0963992816123303,1.1553245289271563,2.385881850001642,88.40829062307067,0.6543541588661986,0.3180695071007482,pedestrian
0.3998933232769445,0.1,1.8212510008435885,43.48708541477555,0.7192995457540863,0.4343153200051211,pedestrian
1.2572417114297967,2.9322766605544595,11.905428188225107,21.103097244293295,0.7310843239226985,0.9591061232980643,vehicle
1.8850680052809254,0.1,1.4816406839847311,41.24103936956903,0.3098430594838924,0.4571611952812332,unknown
0.9392177335103833,1.571751574277297,9.680609389881667,26.91563143561697,0.9618823383770454,0.7622029993056099,vehicle
0.5394220596107114,1.2048694051954247,5.359109535154766,82.95754742859357,0.5288490936806851,0.2327918128558535,cyclist
0.962948280215318,1.7061425046176457,4.946993876322999,26.732070850405247,0.7482164976413873,0.6933146381995542,vehicle
1.6157474741956934,0.841071615260838,3.353296857877352,54.43137282219804,0.5838569412863926,0.405078002166327,static_obstacle
1.4782447685530091,2.8932804848476885,14.646901372216325,48.46191965152667,0.8582443044501459,0.8567862007069584,vehicle
1.218098507597258,1.8996268893915917,13.507599713982906,5.711963679947063,0.9721197533245258,0.8483800269080588,vehicle
0.6419647197483316,1.0244378299953127,6.7608702724405365,39.58431321292405,0.563033776763194,0.6519124908233824,cyclist
0.2703324081393201,0.16276154070907398,1.4358023449756374,21.835374850652446,0.8437292194751395,0.4380144125556667,pedestrian
0.2792080980552213,0.1,2.616077392493067,62.94149296959447,0.7868033740842331,0.519292202576911,pedestrian
1.0367560819149513,4.153553061922715,12.343542271380938,94.71195690072601,0.5587383815039069,0.7486497510756037,vehicle
0.4590988906519697,0.9317563209536013,0.8694835197511753,31.99792634595029,0.8103512989377237,0.460238852357305,pedestrian
0.05,0.48869733222558287,5.222052756016406,77.95852432371419,0.6121995405959143,0.4249644882004059,pedestrian
0.8354118578096195,2.2199243307790137,10.026165656156543,55.02323988035502,0.8694728590750348,0.6340423915279588,vehicle
0.7216296292619772,1.767230600898137,6.565080389638302,39.54234424505531,0.8199198573720363,0.43707704103262435,auto_rickshaw
0.8891910597032139,0.7639929567349879,0.17683825897164607,8.69191849772238,0.8306653579280199,0.6542295443006478,static_obstacle
0.05,0.41258874823976116,6.697753733809826,25.781167757603487,0.8610651767696151,0.5093655872412389,cyclist
0.28655283410174914,1.4278974273692102,16.925373808995843,72.45825668168497,0.650907380246718,0.760580216811453,vehicle
0.3363039263799359,0.6846713804550045,15.820506590568163,20.80362925620879,0.8304794757329481,0.6344497871902373,motorcycle
1.0070393509135807,1.7483293263463933,11.095272089701712,42.89941337694518,0.8769322525756298,0.9092327390279741,vehicle
0.05,0.1,3.184475229431202,50.510044694676296,0.7894586262942638,0.3534055956148216,pedestrian
0.9840451118291725,0.8108691636269824,0.0,45.32580357435624,0.7706009039563397,0.43509518347097575,static_obstacle
0.29203070718465696,0.2911503683339895,2.09968176844113,23.335210412702004,0.7106171512953877,0.1987992250777852,pedestrian
1.3252816470674946,2.3149538629929425,12.571658866362576,54.147094908317996,0.6530885185576449,0.8709723168673725,vehicle
0.5145826804845812,0.1,5.221039792599099,75.7249722546272,0.5345444075352909,0.498413988042415,cyclist
0.5007781562094202,0.5576030792160912,12.050355028001732,28.394536112085497,0.7727585995380066,0.6022040792029623,motorcycle
0.5893657537865825,0.604773404994086,5.048187986958102,64.03256091419205,0.6146045190059612,0.3453615542229215,cyclist
0.7491982501825344,0.926990960716847,0.0,43.58814133323295,0.7288799689831355,0.45479502071763117,cow
0.7426040354714666,1.5836055257775783,4.9258444625994,37.45095470718222,0.3908657600501275,0.5311232597902973,unknown
0.357225552645118,0.1,2.914431864757614,90.03866569349182,0.5969139371069274,0.19710701461899555,pedestrian
0.8261998128336167,1.4723680286961929,9.956530054292084,72.19464639914956,0.4779745653859201,0.7695813928287023,vehicle
0.9300937301177952,2.7273891763737437,14.529956457621068,47.78814683693192,0.7380786393826126,0.8975496408021503,vehicle
0.7746327909082382,1.911766074451102,5.198465218974,58.6523009847816,0.6829112089688391,0.82252157191,vehicle
1.0607256617934537,1.7604568031728995,17.68463966328447,63.916872372844985,0.6746071153125224,0.959587848324545,vehicle
0.2844577438786165,0.12881619942047756,7.541184647640561,46.64091114615377,0.7654000001590059,0.5948845425485971,motorcycle
0.8906283212252193,1.1138223861682013,0.41319418684816833,16.653757601035597,0.8670727317405021,0.5256562528230937,cow
0.5951660502273941,0.9898072997217101,0.0,7.774949550596939,0.8816757250736829,0.5692202135691614,static_obstacle
1.5300413902189314,2.05050774035634,16.15881187092813,14.102804079070243,0.8522546550852859,0.7766352322765379,vehicle
1.1363157377659503,1.4091471795946071,1.624356362265039,66.79839632603304,0.7126682551469793,0.3239958430812253,auto_rickshaw
0.44790613978543686,0.5517360473812559,10.796769574492144,36.39609760515366,0.7330801772434254,0.693542611684244,motorcycle
0.4762060399318712,0.7470970985232972,5.71701354201977,51.68406588915927,0.6591443018315195,0.5154163794829452,auto_rickshaw
0.9704475872640839,0.27130003032829786,2.383208180545159,49.57421702059603,0.7157629882804695,0.43847057192830974,pedestrian
0.5587537864305971,1.387011663894157,0.8904075708703143,12.780675671284321,0.9750621596902248,0.5765410734826576,static_obstacle
0.11036650735680907,0.6972666087240926,1.4949408501630974,94.38044719202874,0.7399757176852289,0.4389163892158485,pedestrian
1.3660212408299062,2.1652546556922267,16.440059905166375,32.9304933037591,0.8590898376474044,0.6651736301289025,vehicle
0.13776543188041598,0.3740422300016426,0.9703525303529961,14.06847027780723,0.7336356168044312,0.2699537636442496,pedestrian
0.2086705715092932,1.480459181961172,0.7725906689750839,13.276231495210062,0.8460284600039938,0.5542398517996596,static_obstacle
0.6151001532537956,1.6902884745362672,0.0,92.62411611317843,0.6078513521547277,0.5936440504127005,cow
0.09112730738315308,0.1,1.076139243341338,44.57055846903046,0.7701726291882511,0.10951938530806726,pedestrian
0.8977966934247984,1.5014511295546975,6.885059835413849,18.08066605652815,0.8311852625849057,0.7967524025582154,vehicle
0.9421330713126765,0.7786626970666191,3.249091882735513,51.293860756911734,0.7222432543384367,0.4216855011271023,cyclist
1.1827266862920003,1.9293641465564741,6.929676995535344,35.68806926593703,0.6971641313973421,0.99,vehicle
0.35219074432828246,0.44614159182901586,0.3765018597629325,30.929288879405547,0.6865539007180373,0.5525101075832494,pedestrian
1.5774223257861217,2.5025636318042594,10.84883991110878,59.022499177908074,0.7541091585164781,0.8399561619713876,vehicle
0.893723060943251,1.300378414201378,0.40548520087061546,25.940888211140837,0.9261809974873216,0.6150543848942877,cow
0.05,0.1,1.2243098497961222,47.33936732139178,0.8465494693248423,0.3316043338905338,pedestrian
0.9004333831224782,0.747368001141696,0.0,57.28144485203683,0.6745993756540799,0.11468413045256731,pedestrian
1.4537509106517128,2.095809744091592,13.121122126396365,25.2428967412678,0.8045940296074461,0.99,vehicle
0.37258740019009906,0.5778672528741067,13.107274514564534,15.684413429107538,0.9265925992738744,0.4494463961199065,motorcycle
0.8755742920573651,1.3682759299684577,0.0,88.58838762563943,0.5971395936633368,0.4524826791161308,cow
1.2324264509959528,0.6855446384365403,0.5072468434923069,57.67556411147804,0.7756581484785979,0.6048051337923771,cow
1.1740960315963767,2.2070958717937583,11.605591866431682,15.370060668437555,0.8601311878395276,0.7545200670802902,vehicle
0.05,1.0651901407824664,0.0,59.214126528065975,0.6315105217432894,0.5740107515654247,static_obstacle
0.2631250331754879,0.35785701439408035,0.9187820647287193,13.769164679139319,0.7341490794430786,0.28113589312329057,pedestrian
1.5283035550463762,1.1013101810530608,0.0,53.19075943526464,0.6842967342573344,0.44380239285189005,static_obstacle
1.0294529604983909,2.1613066591502985,13.049022616133376,87.23534080790185,0.49022454312947955,0.5484382619712312,motorcycle
0.6230230368015842,1.6598507084447869,0.0,18.210138893485844,0.7776577800254287,0.5834192883811654,static_obstacle
0.5818022504555878,1.123076598170987,9.161915318597199,94.18132932378757,0.4871825422523613,0.16119068044441992,motorcycle
0.6572211974501333,1.5320827763537357,0.0,24.091225669337327,0.866406776863517,0.6452149808631875,cow
0.5508659097240981,0.4494919854335059,0.8379678291717801,71.00059779074144,0.5858313485481004,0.11898926309356944,pedestrian
0.53058297839883,0.1,8.145890888191522,81.27120364016717,0.6621602282374193,0.5671713180408134,motorcycle
0.19430283346269558,1.190477781183887,0.0,75.24002944237296,0.6175065651199523,0.07680103080777603,pedestrian
0.5350131076895438,0.6865128107244919,4.857889490270375,8.772223132198858,0.9218627294634155,0.5839386542204449,cyclist
0.36013049618602533,0.408350021512068,1.035300871233242,23.793340789335925,0.821977509314551,0.3704666335024884,pedestrian
0.05,0.1,2.9842186481679516,90.87315778729081,0.6172131707071122,0.21512793773380245,pedestrian
1.5449656422686835,1.2676115937919776,13.775045363757012,67.23075986019172,0.6824355423514694,0.8871168740654528,vehicle
0.9824330394272908,1.9988247164611628,8.707404816377082,38.92510908159938,0.8961551438232748,0.808371083969518,vehicle
0.8227518335005101,0.7149081807051612,5.652363532761279,35.43275382427119,0.6645177088297689,0.6459490690163978,cyclist
0.8462879275921452,0.7802957251645587,0.0,75.33136814947346,0.7064722775167906,0.5837629074326165,static_obstacle
0.5043276947681309,0.22814622996297304,0.0,51.36034431907022,0.7964589425143129,0.2506220030949367,pedestrian
0.2838202242805916,0.1,1.064669313432061,45.48769120549686,0.7467837514952628,0.2711397415748999,pedestrian
0.8827290257214694,0.7489822902119804,0.0,58.554193250957,0.6719431781460594,0.4002414154445274,static_obstacle
1.3055285384067727,2.0670665393690255,11.143912858657036,25.979416675031676,0.8132635408978471,0.9091302083657506,vehicle
0.8126869343013322,1.2640786643071422,0.0,43.30898916865418,0.8755370039993631,0.6144628642395755,cow
1.0465870963607609,1.5950015835737583,0.003940118350249024,7.90646323286471,0.8702749147434892,0.4562016488177838,cow
0.37300325484606345,0.5651061376803108,5.247811193320468,71.30155899746407,0.6825033833992796,0.4831885510519445,auto_rickshaw
1.048004261768078,0.8750869355712243,0.0,9.975624578462167,0.8568747479736344,0.6180769313233261,cow
1.386807418760183,2.428248447020301,15.949228026052376,24.009261215171005,0.8167137302707492,0.8308245175570736,vehicle
1.101842665887186,1.7354199481354826,0.19603542282409073,9.63576918161452,0.7153590735256083,0.6524467881406721,cow
1.1767525830061545,2.106756680600426,12.528686034299753,36.653728736652596,0.7972291365322535,0.8936152655076666,vehicle
1.4421002989656246,1.8984833048937422,7.682459246409422,15.79751755083285,0.8642075500006808,0.712654685571837,vehicle
0.602761604679233,1.0858419487683246,6.926449033555485,11.716779491230875,0.7866238348187252,0.4761614157553073,auto_rickshaw
1.3677055106506784,1.6844519397380233,11.083977468293856,45.33012016076426,0.8083452568620865,0.8093439612688967,vehicle
0.5845732080864203,0.8794337131578345,8.390148194238039,32.708323567934734,0.7856472635019891,0.5963545320143206,auto_rickshaw
0.9666801720816028,1.251239846072718,3.1090356331630558,43.18496697193808,0.7395265521184243,0.5371000809390156,auto_rickshaw
0.8568613474119661,0.1,6.555391759283376,54.007036783545104,0.6339029732774301,0.5301369029430675,auto_rickshaw
0.3937526567161115,0.1596615921987558,12.184747298275507,42.69846553012066,0.6963499692432313,0.6012295907718654,motorcycle
1.2861779817150878,1.5691810690004306,13.018199175313246,20.166602525428505,0.7385616359470942,0.6650959635181253,vehicle
1.1256999281911908,2.478618125559433,11.47600092336141,37.10676101413189,0.7454070900354879,0.6983306540911692,vehicle
0.48231913457913567,1.0694544911549222,0.03937196704276724,32.77530424152901,0.7545624164336598,0.5011805735525368,static_obstacle
1.4260386088076051,2.2346531471927693,15.720884256012642,36.14170994968852,0.6742410262959574,0.8585161878637078,vehicle
0.9170468286190561,1.3687385673787538,0.0,85.01507752593866,0.6310090204116496,0.3999746319331729,static_obstacle
0.8286411066069839,1.5566069827200388,1.023261985074682,19.503427485952685,0.8280544029029157,0.5271440775506102,cow
1.0258707177892945,1.6332878616644386,0.0,43.05243939269179,0.7776345619781588,0.8064231587294657,cow
1.1613062931495202,2.178052963851701,7.966666531674768,8.256751742827865,0.8563465814289709,0.9277144301150825,vehicle
1.2614444064656403,1.703445891298431,16.409200861124447,89.09606282127154,0.563844537535825,0.745473330912748,vehicle
0.6476521472264953,1.636963345434612,9.754822262599498,70.29949461868169,0.6146478585251925,0.7155211877217212,vehicle
0.07909320083707477,0.1972172544727128,2.2707188329971935,45.11027338158631,0.6925694028930546,0.2563026622193474,pedestrian
0.4701912241138378,0.6678525179829619,4.479507768871089,15.680403877316774,0.9354063935579092,0.5990692185446449,motorcycle
1.316899775730498,1.838536305506909,10.172148484249922,58.525779403683124,0.7595864480904304,0.9101789948052963,vehicle
1.3595571678951088,2.004577519104961,11.262750133046008,8.74530684629251,0.9352524819658199,0.99,vehicle
0.05,0.19380337215147447,2.361432837153202,30.756917394523963,0.7447829669583075,0.4919586807342148,pedestrian
1.5884004306794393,0.613221286584323,0.0,68.72823864369053,0.6584557655901948,0.47767418968509523,static_obstacle
1.1066681421114553,1.3263391850754738,0.0,36.74175780767953,0.7647916733060919,0.6869981229336285,static_obstacle
1.13013348413462,2.088741394426606,15.06607217585075,8.458972377756407,0.8177142232797605,0.8931556027089687,vehicle
0.05,0.1,0.0,77.9158720232963,0.5659837135678223,0.17290207093700005,pedestrian
1.3040525365886273,1.1165415773346437,5.676272901672165,15.980984772830752,0.815839547261136,0.8095875003167665,vehicle
1.11110397839054,1.5902092151002762,11.58860751185532,18.566893364495556,0.7790383627953212,0.9340138221027688,vehicle
0.4549399036732051,1.374149852243029,0.0,18.699802605564635,0.8545776200380665,0.6881175806559197,cow
1.9871501498404385,1.1570437843941008,1.1866020992969446,57.682763877994795,0.7704326668300947,0.49373129646657216,static_obstacle
1.094539264310764,1.8428091177108161,13.088958288627815,46.785079088507594,0.6020666995760172,0.8151582501411847,vehicle
0.715297251973761,2.278334555341227,13.0124543268093,62.894829412430205,0.6647441310102908,0.6636842878608702,vehicle
0.2617216400797815,0.8340928161212645,11.363216054016522,32.98702782048289,0.6045026322364505,0.4951936709104298,unknown
0.46077644799482154,0.5037708026867308,4.5106301446726,72.5283980896998,0.5294669614126135,0.4028125722832322,cyclist
0.6685338419742767,1.4094864371614098,0.37647259116612447,23.39511475095879,0.8580115879529016,0.5840211693223872,cow
0.18024158404468701,0.23788149847933077,0.8791916185798706,14.844244267590197,0.9185538411183826,0.2866332057938994,pedestrian
0.1656003944584733,0.7545860772375536,5.954935860770665,77.12314851566566,0.4890134682783305,0.22617502605787523,cyclist
0.8506915350230069,0.2860547130456429,2.017216629650334,56.61646949991607,0.7211437601191117,0.1033596709135414,pedestrian
0.6131403695097586,0.26008139364358107,6.80073174515111,50.82552086082395,0.6811876823683235,0.5615814407309495,cyclist
0.22125420635450194,0.567890183157382,11.733890328795285,8.958038814577362,0.883827288724887,0.8108653645224428,motorcycle
1.1988060170945112,1.949469604502664,9.239265095114005,39.12877052633832,0.8214930505318159,0.9616901922625543,vehicle
0.05,1.0197259718215257,0.5436220939153726,72.32347605870758,0.7402286784448856,0.1888312599335692,pedestrian
0.05,0.1,1.9007324283028086,65.84306659846125,0.5790954322198482,0.2923847026739382,pedestrian
1.231850944909008,2.6862228663714403,19.837449534940248,73.77110131686199,0.7535688736691546,0.8022040283229216,vehicle
1.0639333778282183,2.855296753999119,13.80046657494581,82.6595660156459,0.6342471801320793,0.8067508271920973,vehicle
0.5701438507538579,0.1339100518860878,0.6455900469686627,32.68054325125576,0.7308001725936747,0.41474914046057026,pedestrian
1.0918302443823906,1.7897037786241023,0.5270569419663362,45.04512039513317,0.7850679452147834,0.5559502812890184,cow
0.3253048240383479,0.6647981364706297,5.045324119340613,11.177984275253301,0.7731172231981381,0.6647464795031417,cyclist
1.3185778820180376,2.5269314640838867,14.466706248114333,37.29503856510186,0.9115228422161759,0.7656534284576646,vehicle
0.5562554407267282,0.3753194214064497,12.139946446508086,60.26435966943794,0.7327524929531468,0.3299957505905262,motorcycle
0.14302035054020137,0.1,4.151405213351218,89.54730160197383,0.7114018316915676,0.32422217066351183,pedestrian
0.4206084455336354,0.40476305798122547,10.988677235716468,10.499100435621333,0.9085578182760247,0.5178637970313877,motorcycle
0.460569954277668,1.0129121022732024,5.904135643825897,91.2990487206612,0.6060881659742212,0.8346882548595491,vehicle
0.5162546199940625,0.25576890519360823,10.840192728018755,42.24597816176557,0.7382320773836817,0.4808135364032405,motorcycle
0.9134796988464527,1.69575900507379,0.0,16.97608880342023,0.8449400767450838,0.35548356982765594,static_obstacle
1.3592782363510374,0.4164244410389988,3.5026789135487872,80.21748974127107,0.5603485930676514,0.4751387155684652,auto_rickshaw
0.8068963921051534,1.6371346715059314,3.1484875232751817,19.09037973812033,0.3353471326932965,0.5161798323032207,unknown
1.2044007270641097,1.432944480809079,15.367637513630818,87.55700538087117,0.6388109133482901,0.5724928640593948,vehicle
0.2078234651418845,0.48716032127537157,5.636089730264501,22.669980908870354,0.6775268016965066,0.4246921829492227,motorcycle
0.7565850157347074,0.5596570455960239,17.604301724794137,89.28639043376033,0.6730897115088866,0.7531189178313191,vehicle
0.7982823585403843,2.11622696659626,10.658821690980126,82.10512145039199,0.5282649381712979,0.7657854039748019,vehicle
1.1667706795583421,1.9064457597894973,12.945473234072878,64.83744418220418,0.6149395910675384,0.8600998163980538,vehicle
0.5251164848887298,0.15865048620055372,7.802411846367338,86.79728162581998,0.6367591376640327,0.3582403576914319,cyclist
1.35080336527284,3.219261264507761,14.174428193401635,74.31302246641593,0.6763117475048586,0.6403285019672217,vehicle
0.9703889124629896,1.5346309385318837,0.0,71.22377921417835,0.6671599784746326,0.5189060592999657,static_obstacle
0.9463606848886167,0.56074977389532,1.6594945166818773,88.42298041174944,0.6458386376625873,0.4412166161170091,cyclist
0.7770096456709399,2.320925147850501,0.5867425356704817,81.12694301225274,0.5745377047324213,0.4231989540211226,cow
0.05,2.0576400775887356,6.469996914682833,67.22221136275996,0.7113318149948202,0.6473661980636791,auto_rickshaw
1.1783185786479158,2.47657711805379,13.613901456456746,31.37286466330672,0.8376513300727663,0.8588798542407462,vehicle
0.9638051643763388,1.289451059818052,11.70551212969594,35.79698446193993,0.7526510444339216,0.8004144268160438,vehicle
1.4714299204414876,2.102862557094964,5.754219788800068,86.95485946786147,0.672005922469483,0.794128118762799,vehicle
0.5436664556052444,2.1692711860181717,10.175019660159787,30.30523533068425,0.8089109551929093,0.8053075701327806,vehicle
0.18309046564476797,0.46210922385297515,2.1864563611215555,17.761193728614508,0.8499964082603878,0.3877764792909134,pedestrian
1.5734018143270478,1.6526142381515265,17.22186028265299,73.22254405658768,0.6619738551567591,0.6533122437297277,vehicle
1.5725930844719982,1.9328107426581218,13.546717719975504,8.835962875967024,0.99,0.99,vehicle
1.049389697661902,1.214617288501672,11.72200658539017,64.18935597639938,0.6740318197833188,0.5955338340505687,motorcycle
1.1899755697456904,0.7177942417474936,0.0,28.581322285398496,0.724838985027083,0.541990006820123,static_obstacle
1.01452760032969,1.717016987788646,11.25832959905747,27.231227596018467,0.8915450355795392,0.8020437125184325,vehicle
0.605929668352405,1.2479991751653088,3.110159243158865,73.52592055865956,0.7077910887119891,0.32563011867992964,static_obstacle
0.27572656049125166,0.42649161909938776,1.0512756289117555,27.332857036629925,0.7285582908840094,0.489767419450385,pedestrian
1.444458242752539,2.5693052056105823,12.958951696428558,55.53943399743003,0.696807824183493,0.7958316998754409,vehicle
0.9868017526992693,1.1122709312381982,0.4670884084454092,51.94517189368023,0.6954163338471202,0.5911114749853872,static_obstacle
0.49954621771111785,0.378580154644532,5.282518271818202,38.054500614635934,0.7310108102684773,0.4576443014280399,cyclist
1.1267851959322228,1.5974477486430834,10.250549425930002,75.67196472190574,0.6772273667607349,0.9528349462911808,vehicle
0.6449964794834897,2.5923190092447332,2.8343293369350655,91.32114704575278,0.3238830358256031,0.42969101058400794,unknown
0.6767022611442972,0.11054602373044525,9.312088240578998,94.68964258269257,0.5638743050098668,0.40424714277794965,motorcycle
0.7046350165535701,0.6822884638946359,0.0,21.242754707459977,0.7505741179280749,0.5192098228153293,static_obstacle
0.45139183028024943,0.7122281909902711,0.21816662379848348,25.817006577019725,0.8359599435715754,0.41845708335341353,static_obstacle
0.9056358403347167,0.3588057828447542,0.0,29.548909328902614,0.8160636746633768,0.6851678582273727,static_obstacle
2.11637050604406,1.4084012733496885,13.445219704222206,94.22433273655308,0.5330880433026556,0.777505187086036,vehicle
1.204561854856833,2.87447888877311,10.419019200034919,63.459996891909384,0.7226226321566666,0.8398295560875169,vehicle
0.05078124348609164,0.7876623034569394,2.1995020889176344,78.16841842074692,0.7087252342829843,0.4153750785579619,pedestrian
0.3494332172139599,0.8087853458954355,5.751431552492307,63.58678898633559,0.6409686450282724,0.32572569747356783,cyclist
0.465306814723598,0.4518498987470117,4.603435766884229,7.118034312064307,0.7831328729060457,0.6198771535019821,cyclist
1.7614499053306936,2.010438399841968,9.158763225416365,46.187801497078866,0.8003786788141135,0.8563016261580585,vehicle
0.3116859666472648,0.16536224726392423,12.244363922498797,45.96316168878804,0.6878051882126023,0.6113030326966187,motorcycle
0.1462396249015219,0.556298097319163,10.943357804223949,63.34781029428861,0.6027813047847264,0.36878709874466314,motorcycle
1.6765969323959915,0.9210736576599412,0.0,87.50047182234619,0.6361753390643169,0.38254971992340236,cow
0.5535197426024291,0.15137523480734622,5.9438226599740585,27.986579630062174,0.7799380874151742,0.44763790023451894,cyclist
0.44551747298618793,1.032074320113821,9.10361378087619,5.576127967156728,0.8216400028443128,0.5854101173143916,auto_rickshaw
0.7774037293073024,0.44458617055193367,1.7832812355104044,46.57692699053773,0.6064565929296242,0.36760861810296236,pedestrian
0.6290055963004371,1.108679985275768,5.479027232959768,21.722215388580977,0.8078143743429032,0.47783711612071067,auto_rickshaw
0.30779198179647244,0.7866354413199206,0.9983628391070628,30.65579925830908,0.8032358845225238,0.22427271556904935,pedestrian
0.5455826333028525,1.223488350525359,10.35500786618454,12.519470947176924,0.8532190969849441,0.5618003223735226,auto_rickshaw
1.2604944205382742,1.6499113198985893,8.788373493454072,40.882713716132514,0.7713420147785679,0.787487389569162,vehicle
0.2690731661694523,0.844480621987528,9.020584763668046,26.419143238161904,0.6983332630915264,0.5073099206876022,motorcycle
0.19359417782435318,0.52066479857318,12.949094058616225,38.67806680224304,0.9612121299641011,0.5738714005532868,motorcycle
0.4381390165543203,0.40202395789628914,1.5753344494303483,40.836000618236206,0.7325717565474452,0.4044022412872216,pedestrian
0.4480688952175987,0.7787149266766125,5.729234409330661,76.82313297180578,0.5505570954305099,0.509178340821814,cyclist
0.8099304301896775,0.7079826802682759,0.0962879594798185,37.99428504012995,0.3007659437004655,0.5343050399973057,unknown
0.5451625563750658,0.701803793335848,4.224860390164992,13.143399938413955,0.99,0.5751014669053515,cyclist
1.1930508285505805,1.308882073772522,5.343232330996673,91.39692323408578,0.5814660064327287,0.6319354339306252,auto_rickshaw
1.1483142058769107,0.6514847237337626,0.0,47.03789689963942,0.6400018127657731,0.35343485220858584,static_obstacle
1.398539347211485,1.9882421696247785,9.812606647723493,15.570264343449502,0.8793044901943631,0.7531758882074939,vehicle
1.4171024333849207,2.4011368497231564,10.547606294768407,24.70576109109444,0.8998735430459772,0.6955144900968331,vehicle
1.3217637584467814,2.2699317411977513,6.758051899829718,10.217700145212172,0.7820160099854223,0.8829397150553796,vehicle
0.9557382429383923,0.9730850959763985,0.48526917427867744,46.36341704666641,0.7353554136454332,0.36314464353438464,cow
0.14138854683714608,1.0017893949887595,10.742306094980927,82.14812121856173,0.7755025371038209,0.7017890939697878,vehicle
0.7368229610809343,0.6532926505358206,9.531453858269852,90.55188076089699,0.5618007161924643,0.26609524533055784,cyclist
0.5987186912270949,0.46763456784884644,6.793174391616104,11.209418230977748,0.7399947897263249,0.6191260660124371,cyclist
0.8511615238147812,1.3536000966994963,0.16323120853344047,30.570963149748085,0.8731611569346137,0.42088475021615646,static_obstacle
1.0037065034695907,1.02037581872162,5.896772759706107,18.10746966560926,0.9218334013766076,0.6202408705564488,auto_rickshaw
0.0810332529085474,0.700684664196866,4.203911947635309,29.20202160782538,0.48880931415849693,0.596983546877672,unknown
1.4444394014155832,1.539410677006821,15.940763169078458,35.378415106823645,0.7190178351324076,0.8119535262722719,vehicle
1.1643514534030208,1.20485846492389,8.90570144664828,76.79772050863104,0.6016134424445663,0.351830746945516,auto_rickshaw
1.1407779334960018,1.585084642401232,0.0,74.74134445289646,0.6322321878649273,0.443262649566856,cow
1.2640865606202387,1.0389838404766563,0.0,40.44390526378393,0.7560598964333248,0.49103660867062476,static_obstacle
0.3841900307031365,0.5343211447617148,10.755007851513424,14.457150100094347,0.917708551649506,0.6407269397709228,motorcycle
1.4488051049169035,1.4150674629215036,6.38708507696947,37.083721494127204,0.7419602451555205,0.7899826043286062,vehicle
0.9981906397279126,0.6481270760816096,0.0,88.04109952716607,0.5443595863108639,0.28978245191019625,pedestrian
1.016002144078834,1.5299450439723037,6.63378704739607,25.305344405805542,0.7891009206370742,0.6057112381558218,auto_rickshaw
0.9711719816780624,1.6020078818124037,7.551390620112148,59.841960769902954,0.7733301290732445,0.8853507444551811,vehicle
0.8167037345976809,1.1608022447171211,4.832836853577624,38.628463106283974,0.7765543939636512,0.6995738836728926,auto_rickshaw
0.3440852338734113,0.4225411059208531,12.454433054269247,46.15878028581775,0.6306735001985171,0.5074252391634851,motorcycle
0.5215175152572105,0.1,2.2925402307014906,42.29715477097875,0.7067953061609857,0.3527791679116155,pedestrian
0.05,0.1,15.980648187504318,79.91481501947337,0.6112358542489252,0.5101796469091966,motorcycle
1.348565028460762,2.8665482167036576,4.149604562712339,86.02874161861641,0.6213696544465445,0.797286134022075,vehicle
0.9765900029238614,0.33732306746663143,9.4440729347266,88.67009067377988,0.5668822167595272,0.3637642709077531,cyclist
0.871617064580411,2.1043349248111007,0.5266905595477999,42.11557216823939,0.8398932633584254,0.5991320850001983,static_obstacle
0.38064055860371615,0.4334812123869551,10.71591819698216,21.095422180860766,0.7197179376195266,0.5768986653999012,motorcycle
0.07233825195861673,0.1,0.9259285065406038,55.95025572602281,0.7575167653310623,0.23975000079085174,pedestrian
0.41171221720033785,0.4224205667142886,5.190803327848215,21.048957163152284,0.8483134268718845,0.7303299105906219,cyclist
0.7066081769937383,1.5738882476547058,0.9975606795473603,70.07660361453276,0.6445859156605421,0.575767111917925,cow
0.7927816178200128,1.5096525903776132,0.13904001864980797,7.633891502217241,0.99,0.5517530988710185,cow
1.1195918223113355,1.6861927053947872,0.0,6.24952937221887,0.9364422181693944,0.5352859550442235,cow
0.3952104254408568,0.43749553255288853,2.3562783228847124,17.926378959390007,0.7585106768074308,0.43944399330166906,pedestrian
1.0200908141599616,2.432247038597777,12.900863996165242,29.346826251888793,0.8616926537137587,0.6604032442279544,vehicle
1.4071848517809304,1.8196939457677728,18.070299737610636,68.36368886947886,0.726911514100292,0.99,vehicle
0.42852465912515664,0.46227873542925724,8.231857843509129,91.55157328183813,0.634673915267643,0.3573282308253455,auto_rickshaw
0.8777427525995061,2.3892422334399432,14.184709604187317,73.29479621318927,0.6772653676511486,0.6607610232860193,vehicle
0.9253460932047588,2.505481341963481,15.09063051814851,68.3864103823454,0.8215370780003344,0.7737124482794198,vehicle
0.2691644784870301,0.7863526493855831,6.7105029282529935,59.740453061176936,0.657703273110927,0.5235583833040237,motorcycle
0.11039416822869212,0.36799631153309836,1.275178614951935,17.606033799008554,0.8423874326031426,0.28232325149820536,pedestrian
1.4890651685243705,2.218296030575278,4.330528507778675,79.62490079019253,0.17721094870587875,0.42847872564525713,unknown
0.8033913410191977,1.9764396976411676,0.08960111027382578,44.66271306753689,0.7375454593192668,0.4517954355283603,cow
0.6514018587107488,1.1307081791975448,4.912080521501371,25.74101902498824,0.8494562289430991,0.572100605518492,auto_rickshaw
1.7426103699250572,2.295878196628318,0.0,23.94800698178867,0.8826483822145891,0.8501647785822365,vehicle
0.2890994762076262,0.3494673801811072,0.9111731525349301,7.071306511176089,0.8138151341539329,0.43934187580502987,pedestrian
0.05,1.4853905012372786,0.0,91.21152784950573,0.6660488531453724,0.34362961373278045,cow
0.4602865539847034,0.8148425912517812,4.564129198874665,44.42090551149118,0.6939240666501917,0.2206728496608788,auto_rickshaw
0.8107902105934846,0.1,1.1293482723679593,80.29829238475224,0.6675387190483828,0.4532684548353505,cow
0.16532379877714534,0.1,3.794906498890663,56.58244484168478,0.7261246495600256,0.33639937781932916,pedestrian
1.0654900081729104,1.4583816552848206,0.03504100119077211,20.04176402396397,0.9407212466635093,0.4818947955507339,cow
1.8093819738264072,1.229051922283883,0.9510809996143517,79.74218548927922,0.5284210469402624,0.41625125400130886,cow
0.05,1.3981785181360809,0.9390373228749309,93.17614496132491,0.6337907999627624,0.41831716191608265,cow
0.8753486775580333,1.239037879138756,0.0,67.87246981631635,0.7236432738539903,0.26796294695187484,cow
0.6587569883923412,1.1609590910178134,7.004752629057835,11.672166025999074,0.906839246211318,0.6349080174408283,auto_rickshaw
0.05,0.7376925802925972,0.0,59.71081599945919,0.6689993206689175,0.39246437653608873,static_obstacle
0.05,0.16135935985994385,0.12093970898705275,38.92031757312909,0.7413722406484133,0.316582100650082,pedestrian
0.7487081443891936,0.4631881799874134,8.280899753563821,39.27432171654767,0.6870814702932257,0.40704836420895985,cyclist
1.0196257869874341,0.4603111798317593,3.0341451177800414,79.683263317961,0.5776970735935969,0.3427981916605543,pedestrian
1.2492654251739903,2.055840517048221,14.997453897956253,7.870737943875193,0.9570254623695963,0.8305944656698072,vehicle
0.3747570989103156,2.070675765123408,9.057431116480267,31.22747345717326,0.745375740626077,0.6669496142345166,vehicle
0.05,0.14600987446320157,1.252722935595315,64.3647190034821,0.6185568543763506,0.05,pedestrian
1.630479080297424,1.3083926305030333,14.830338776098447,69.86019848786357,0.6430604310267634,0.7035052678287641,vehicle
0.05,0.1,0.8739295308529796,52.52422342525401,0.804650305071373,0.29295769136458005,pedestrian
0.5403534219908575,1.9383328597989238,1.8010250708721078,78.8451627690761,0.6581604460953784,0.4523884735136258,auto_rickshaw
0.05,0.5253043226473941,11.498283336831394,67.7065958604,0.6759916130259315,0.4710231909659078,motorcycle
0.1098878620247924,0.1,0.0,75.9100163698106,0.614586459538275,0.17827450471164574,pedestrian
0.40790061100602254,0.35961266470953934,6.501696439146926,35.70194773961452,0.8331169023186202,0.6200352726324599,motorcycle
0.9955224543241623,1.1099814723645247,6.809825210919184,81.97100034574306,0.4869719651324239,0.370101903501579,cyclist
1.5363189178858478,1.7124787493321663,12.022902501401115,16.320695916024317,0.7631746794350562,0.9034394353885068,vehicle
0.20699110468739093,0.40231736971150944,1.865698125747109,13.510996380767597,0.8112194936698215,0.43775752087950115,pedestrian
0.21922402743206126,0.488429707996752,6.681149751400767,88.93528075999386,0.5362903945788919,0.2963308294179481,cyclist
0.5009289769702413,1.2614860949338527,3.1227359834466886,63.31591282083536,0.716668787132124,0.5043935357510377,auto_rickshaw
0.7937277867914257,1.229611017143362,0.0,10.419367068132658,0.9239861333820435,0.5852309255509232,cow
0.2640240032389597,0.6751543595309284,3.4503096308827597,87.69628582743664,0.6873503253058627,0.12950301832670238,pedestrian
0.05,1.614545436679351,4.8149979631908675,91.0370098650137,0.6244841771790313,0.168410697817436,pedestrian
1.377728217311896,1.8573071841417672,23.733025281035356,6.318313430386576,0.8145436974761096,0.926107321365156,vehicle
1.2912422854514787,1.7750051007406562,9.919517160910603,75.85518512931269,0.536678726238064,0.6329309993577659,vehicle
1.1061165456396698,1.0539136260776272,11.400687398590021,60.743653577365784,0.7067558924631199,0.6810374034508697,vehicle
1.3348866745902153,2.319881895304891,14.532164626399004,78.42986233510882,0.6861337066392721,0.7679497282950567,vehicle
0.5928450448428482,1.4362765301470182,3.9851560580959973,23.864646246409517,0.7957311000079413,0.5603391436786537,auto_rickshaw
0.398317184525855,0.4359921820929328,8.761187605449638,10.544622283891576,0.9304957659099103,0.512061907443776,motorcycle
1.0095551562207288,1.6530391013198193,14.253926125839271,15.489197048350228,0.9147805302098845,0.8826832495796287,vehicle
0.35380533755975596,0.5987052742194142,12.313446090990402,13.47219478293237,0.9252065514825389,0.6972964183415696,motorcycle
1.1537990145112313,1.796185730045247,17.20219812169776,18.50118214282635,0.8529294468559337,0.7769585805367833,vehicle
0.5983836811270027,0.5371802261977068,5.8089114234351475,30.811804455535174,0.7163359609415856,0.42136834853082145,cyclist
1.1661874186401806,1.6913143241047517,11.253667156894581,30.912608744152845,0.7021679263353435,0.7475222622402493,vehicle
0.459436921258526,0.6741780046206671,0.0,26.807683128908977,0.8188828130736634,0.4361081854418033,static_obstacle
1.3080315785767567,0.4390830997471941,11.300153200285557,12.25295431118745,0.487864273000405,0.5615972262299247,unknown
1.3032642615667587,1.6446428777632591,0.0,60.90628191654442,0.6859149748092039,0.5402247551484072,static_obstacle
0.6785200907778177,3.360297180109927,12.48479156967351,94.94856651492194,0.6356890758685483,0.6079921103872454,vehicle
0.9772239255184284,1.2249185405297809,0.3529862362504859,10.65182366778202,0.861719606514154,0.6028313141889753,static_obstacle
0.6548507255848646,0.1,1.3536278617912654,50.075937713724414,0.8377472365724156,0.32326174960220905,pedestrian
0.8300814498101726,0.1,10.078761925988317,93.5646870891434,0.6481173818866566,0.24689810382449312,motorcycle
0.47947495021460307,1.2239668606996639,8.054219707659158,48.356017510297924,0.6148142429055122,0.520330256167635,cyclist
1.1254094828585801,1.8540217700252675,14.389952134068709,50.100489412812095,0.7673158733491097,0.7474682645119702,vehicle
1.2990155571454185,0.6662020937197519,1.095359288819981,87.93216308535402,0.6480439021468126,0.3719657970798242,static_obstacle
0.6613046123423791,0.6613682990997561,1.6028514965543739,31.40690966497906,0.7415750797315408,0.5749186548250166,static_obstacle
0.22982220728148361,0.4090033077535752,1.3209565536476642,36.902163982483586,0.7419306900194105,0.17886404843268136,pedestrian
0.513059411616757,1.468374105773104,0.0,41.64186423762592,0.7800626861532397,0.6948672162342043,cow
1.3205597350944815,2.2110002803693436,14.20314160162051,61.764230310900174,0.7423774737617054,0.7239357838753309,vehicle
0.8437550483982968,2.0112654417849165,0.0,70.08225998292609,0.6292459498189095,0.4854336377173476,cow
0.658053725521567,0.17653383351724194,8.260973724340502,52.7375472450004,0.6460631843365519,0.41718556142380475,auto_rickshaw
0.05,0.4601139388265142,4.324920224953608,58.17032065724955,0.6922689932589511,0.653001240653379,auto_rickshaw
0.2200971752481552,0.1,0.0,60.46972753254833,0.7518586212167735,0.5701494230578621,static_obstacle
0.7529913083407723,0.8910584220055857,5.104429069881148,46.77583818127631,0.7240128130355504,0.34157785157701825,cyclist
0.05,0.13904640804630064,1.422889039778319,89.3672969006726,0.5644252146173926,0.31862856918249394,pedestrian
0.6196529403281893,0.38889363527471044,5.482575152742538,31.583468863309527,0.7624989261997767,0.5437134189290815,auto_rickshaw
1.1486126974744348,1.530722953041876,9.993792063152846,6.2120815179304625,0.9426257480042274,0.9449051425806606,vehicle
0.5494269911496092,0.8782957562327507,7.288339074962766,45.386176492658805,0.6596549501399288,0.45193859476015086,cyclist
1.4493585010223962,2.2417439588362815,12.265263040193169,28.759884966849995,0.7579016578562311,0.99,vehicle
0.05,0.27529248807942464,1.3709412779605974,56.444346551991195,0.7585674576287961,0.33555809178248436,pedestrian
0.7289692786855673,1.1323009553864265,1.7918904373911873,59.48857932944596,0.7706610502355377,0.39753528070826777,static_obstacle
0.05,1.4207989320496015,1.4874632270974928,81.718729941975,0.5097734621249566,0.1206811379746188,pedestrian
0.48649703054714305,1.678369529937489,1.0522980941911433,84.96477936945905,0.6568860274133743,0.4674244514991847,cow
1.311916472612843,1.3560941034719334,7.858184080644311,15.577799855447394,0.9261979764691337,0.8522321728626342,vehicle
0.284640100868966,0.3143442943549635,1.0202177666521126,6.274963486592142,0.850220349054478,0.42527041222319667,pedestrian
0.1506544774330908,0.434524902304752,7.93993692641644,69.70248740585352,0.6476260326972277,0.4440194547248104,cyclist
0.19908247203111312,0.5462705673042597,0.5981744317006846,22.761175681051284,0.7763161057618575,0.36070208537366527,pedestrian
0.773057668152478,2.4755841691155336,13.031020683318426,69.35928607013827,0.7586878086486815,0.7917681883408161,vehicle
0.8383722275469382,0.9706161644610789,0.0,81.15008458883788,0.759692444176733,0.7562092790383087,cow
0.605515037931796,0.4839298103393711,2.9982891460735446,70.2164382641394,0.7238852689204157,0.13750498034752454,pedestrian
0.6481764857899359,0.9691473485569818,6.169756048785609,26.024857366150467,0.851233726066742,0.47984633809613997,auto_rickshaw
0.05,0.1,0.0,71.07402872692148,0.6070265920895843,0.4527045467907384,pedestrian
0.8330402223021842,1.7939752710491383,9.876067852334625,58.48917010575946,0.6686030886317028,0.839989117710339,vehicle
0.5164741642305061,1.1029321215705323,0.0,87.52661156565405,0.6296892384875454,0.6346582410512953,cow
0.421318184642836,1.9422451653892694,14.621930337964212,76.18498134519515,0.6782688038893917,0.5353402103598107,vehicle
0.32540251205212367,0.5150606406474804,1.25241507311516,57.02655091752364,0.6999049006647967,0.3613142654958045,pedestrian
1.2023868300743346,2.2637193154736543,11.179606972281595,18.72160467837988,0.7308421142531429,0.8901568628829145,vehicle
1.5711915041887738,2.280560965702497,11.790821372854179,37.59792267827879,0.7015571604873813,0.7994798152986639,vehicle
0.966552036696874,1.7969293209575672,3.5065893019252172,37.77373440630208,0.7612843081731279,0.515852475558316,auto_rickshaw
0.1468456556467096,3.426772012107234,17.114244334899965,92.22640735439654,0.523002202976542,0.7384109122927657,vehicle
0.6382443732107604,1.212722532862756,4.215130620642316,28.15124078824864,0.7387508362379547,0.6201503118162832,auto_rickshaw
0.48488800663400433,0.9406097818116834,9.287294205129545,68.41079564779305,0.6284854765391923,0.5373081131113674,motorcycle
0.8249863651554767,2.198470556360633,16.42393895860858,52.66958081430798,0.7717172856489328,0.76957411695567,vehicle
0.35110367522395985,0.6513072943718065,14.855836399370302,20.888905012845353,0.8991151756391607,0.7163168331697263,motorcycle
0.9482109716962254,0.49462270237942474,10.456430898110597,93.69374518514333,0.6074903570702757,0.7370333691184219,vehicle
0.5376865184901545,0.5343501686842862,9.203927564965255,23.16135160470924,0.8328872876117654,0.6440888304024756,motorcycle
0.16852962159305374,1.4365472658417575,0.0,66.27415772888874,0.5881077322628316,0.2787655899231437,pedestrian
1.127970466285035,1.327036809060957,0.0,64.29478482356181,0.6091771880298675,0.36480920709362685,cow
1.021043195871385,0.4699304663352115,2.442214189731896,74.7214311081081,0.645168701731519,0.5626842968020747,cyclist
1.3047797011627373,2.5357705059623106,17.174658449539166,13.7725888136136,0.9117463794921495,0.749418155172358,vehicle
0.7206777207380349,0.6364161600435149,1.9978312568781071,78.59938270729914,0.5310587920808734,0.4267185145931111,static_obstacle
0.8159998321418458,1.0633944910899948,0.19069113196216772,19.2125233424091,0.921007689003341,0.6204376448787263,cow
0.24810377266442551,0.726428756213744,0.4438978345833001,50.81745055174266,0.6796113206926699,0.38804256693683337,pedestrian
1.378478718288247,1.7198190559959903,14.11135632910906,28.112882049779,0.7571203979669907,0.9073825106081204,vehicle
0.37599656854457636,0.7302300728162139,0.4437625471976808,75.11153183262086,0.6496444454349192,0.3872027850309077,cow
1.1995386542035114,0.6001994485801452,0.20530962715364526,72.95554204675108,0.7305724911236255,0.5388948296864035,cow
0.3957031201280815,0.9850185716306468,17.987657336298984,30.416438957380503,0.7877980733423221,0.5303376038117799,motorcycle
0.5619420882068596,1.282190027031242,0.0,72.86305182117444,0.5914334798119822,0.5197579215970665,cow
0.05,0.9918483532284129,12.02927662865152,32.799128731372036,0.8380164969475874,0.4436181700149378,motorcycle
0.8024202149774982,1.636586880530572,0.0,75.23477438028587,0.6838173542718564,0.4030923711722384,cow
2.440808556263151,2.0148168525575803,6.160212899993911,78.70148148526054,0.6621128756922737,0.6745706888794365,vehicle
0.5123970280931306,0.8575905048570209,0.5946510117472278,53.75246837314754,0.672571305113924,0.0755410401728463,pedestrian
0.4802362348138193,1.3452836827384083,4.889460553397199,54.51749472656194,0.7085435065796073,0.5284281135770762,auto_rickshaw
0.6824120611586637,0.5042775851179838,0.0,40.749808835100325,0.6823547548819663,0.5897288421437297,static_obstacle
0.05,0.4752664459915138,1.0417676032710017,39.95328017804983,0.6518056794010056,0.23620653859589275,pedestrian
0.8147486319540888,2.0273152698578447,10.882019084708153,26.841331712578974,0.8581260424821787,0.8431538636009751,vehicle
0.4758617691262427,0.5125854505605505,9.304878368456777,9.719730265980367,0.7641482377369463,0.508365767833567,motorcycle
0.4218628714126638,0.5963452638954352,3.49399663909921,86.7228787080189,0.6132861655879959,0.44504990457507865,cyclist
0.7701501764893626,2.8657211142881915,14.297510399027363,91.79330237166009,0.4759038230661693,0.8003562871764491,vehicle
0.6536615170859313,0.6976123937266528,3.785453312361341,47.14312526673139,0.8253288813967096,0.551566316066162,cyclist
0.8769149708529554,1.8425172204689164,9.049059465614263,20.414385522835456,0.8723827485724273,0.912692257468696,vehicle
0.8763141108380451,1.8277328561645763,9.185192872677968,42.330421517471,0.8153526369409574,0.9626583082626339,vehicle
0.10577671591856963,3.507487149945686,13.663914772458456,90.00046121861782,0.6382985340729666,0.9555619744716117,vehicle
0.23942726031213218,0.2901763567992201,1.6758542397728358,12.309429559954289,0.8944307554555905,0.3890352360391631,pedestrian
0.6260062303335596,1.7630071881453735,1.1124838720107566,38.659676560492564,0.6557983911829085,0.5843961017207899,cow
1.431075944243096,2.0291035238911412,7.199805824604606,60.40426442456357,0.7978048568004863,0.5762566581443125,vehicle
0.8016300082929152,1.2953331802125805,5.5220996508894356,60.33334573900725,0.6188523039302214,0.492007795137067,auto_rickshaw
0.6503676441440409,1.2524798076822357,8.06725639073955,13.228529035989183,0.8460927502020746,0.5820999160036429,auto_rickshaw
1.2167740360865271,2.538543437970417,24.409922601215012,56.06910242818377,0.76918772480445,0.8920911425138875,vehicle
0.9524456189716113,1.4734843622460518,0.0,28.159141889295594,0.8811838614410442,0.2519454300911023,cow
0.05,2.1030047933394953,3.476257070215188,90.39271784019145,0.607426690814248,0.5318947567485846,cyclist
0.05,0.1,12.808252678997096,77.92603072258495,0.6798845208705466,0.3820438450316884,motorcycle
0.797892168186836,2.123679001300474,12.153079536742137,84.72218169394516,0.6875631247667716,0.6314087878212223,vehicle
1.1497148859592818,1.524383485547842,0.10348774397988161,77.65573461461341,0.6178393747991717,0.25335338543608754,cow
0.7379120234814508,0.7483989645993943,1.8307764987115336,71.70057347740807,0.6727590882337648,0.5684871601987893,static_obstacle
1.5466189930445595,2.8670089472523648,13.111291152626695,63.40826544783672,0.6776017044955764,0.839987257495461,vehicle
0.19096824303454063,0.1,1.679941294968541,67.37350521650073,0.6764089931623207,0.33982086091718516,pedestrian
1.0337179789775193,1.8453860151299895,0.0,72.73507931994394,0.6444062117430792,0.5055640792124226,cow
0.887573167985197,1.6449594306495863,0.0,27.87846940274885,0.8318976266871165,0.42195286622593986,cow
0.8665253719415932,2.2603699359542104,11.26705004671526,19.95035987397447,0.8740304369861578,0.99,vehicle
1.1428211875277354,0.47733039258186183,0.08683549417038375,10.371384291406061,0.9170051549321268,0.7838363417077525,static_obstacle
0.8422427777718771,1.940148958111775,3.856875760960153,20.492522464461736,0.7449468822995696,0.9614002234147933,vehicle
0.842803975529637,0.7732627715384074,0.5366400468386373,40.49896854003707,0.7670513711013954,0.3819709879181284,cow
0.3239121001014509,1.9306352014679324,14.942273259302873,90.99706818299438,0.650521184871936,0.6885659374321194,vehicle
0.7961642326490503,0.46702682948772134,8.633797584823213,66.6054858964926,0.5858732731815817,0.2523920975426871,motorcycle
1.447651787277675,2.9552856953057693,16.66056619054234,73.09567563690254,0.7073849483123474,0.7230058126996924,vehicle
0.727552416672406,2.15210512987524,11.578054690319384,94.33743582627112,0.49509692922208315,0.7285666672100615,vehicle
0.05,0.15483930776477103,0.5662808830663665,46.01481683458095,0.553748178648522,0.22604182072603607,pedestrian
0.277892227225337,0.12408477403506393,0.0,41.91239185421154,0.7946733630825046,0.30190764349676347,pedestrian
0.4875460890960868,0.5558017997649599,5.351342833891632,57.498081266119115,0.711769233408224,0.41888498772155786,cyclist
1.3978467622280424,1.98806059805013,10.57590632543878,8.413468237286102,0.8863140307181565,0.9047806861478984,vehicle
0.46679900060584684,1.4201077784598164,7.559819006429686,26.476155456971433,0.6954210865474149,0.5018149257884705,auto_rickshaw
0.24589989096095588,0.1,0.0,54.07628877557142,0.6599426258256698,0.283556007000668,pedestrian
1.3590049276254972,1.3931329562632127,7.862228454657085,25.25871685211225,0.8310833979696749,0.8186623028202841,vehicle
0.8185928056901566,1.5552840242254233,9.442001142619342,84.83231371056371,0.6836448782012221,0.5919337540719567,vehicle
0.44825747732770627,0.49627891175449157,1.4366127767612031,81.25707777164791,0.6664540538323388,0.5304641960482467,pedestrian
0.2642739695658222,0.2743716490327697,0.67690339382003,15.552448120260673,0.7690929743507336,0.3464405136415463,pedestrian
1.3142042641805696,2.272738141687593,10.012514894803658,52.14517163475989,0.7519726038198444,0.8743839642123448,vehicle
0.7456517863476969,0.1,3.707900009297233,79.42434365437401,0.5756069483075928,0.4423616887883763,cyclist
1.4202527500761692,2.440333798308769,7.639447872625013,83.59837059824305,0.6177461210283679,0.7417722517747127,vehicle
0.2904964550402819,0.3559319734691396,3.7440218030431245,88.38053731823351,0.5422381099096035,0.3814777307279304,cyclist
0.9082407096329003,0.40921241914867057,0.29940870129695757,27.598384135762693,0.7370720917919641,0.8857766354834804,static_obstacle
0.1279763398133351,0.1,2.3814128391257707,51.71899411845936,0.6995605136083665,0.23117047017213183,pedestrian
0.519075704276673,0.4816446207575118,5.619019796534952,12.36556880101094,0.791990216995251,0.8104616966975938,cyclist
0.29709798949437216,0.1,9.591682139404393,85.66638928992737,0.6011251588607424,0.499128675360034,motorcycle
0.40637920517506876,0.1,3.9776915304545266,74.59271910178741,0.7401772290938843,0.26032679057118985,cyclist
1.2227789905086306,1.69478624488123,0.9205543270296418,36.65510987548759,0.8609036884226042,0.5846467724403384,cow
0.8419794854044739,2.058729656303624,10.275872366127727,90.71098896475871,0.4902781130074483,0.8155514041651643,vehicle
1.3548319873494212,0.44436548231253503,4.788604480208306,81.55445782229476,0.6044227933336301,0.41558693559356313,auto_rickshaw
0.40124575849605537,1.1439442573496619,7.747786958946325,17.95320372548204,0.7457136123622956,0.6087654905587869,auto_rickshaw
0.3944827421337338,0.18718075688501057,6.046808496366619,60.416427473724,0.7155994625041705,0.4494705469110179,cyclist
0.6422106863479307,0.7795950788521246,3.876716919164941,67.93021170777568,0.4750052551950596,0.5080165836881569,unknown
0.48881134054947095,1.031295649802514,0.8336840577914255,56.02581414746926,0.6585100986853403,0.18388648148002104,pedestrian
0.05,0.5689186032004707,1.1945906878857637,47.642302108351856,0.8256289529994839,0.3089459843141758,pedestrian
1.402952016912017,1.2042103458311626,5.893288944686725,63.20622503646395,0.6932147344637714,0.4734690485414406,auto_rickshaw
0.7077638614112415,1.122338590169793,6.385330829795876,10.313915108162222,0.7983457800322797,0.6450193047284308,auto_rickshaw
0.05,0.10265039802835463,2.765858295642732,91.00099176527907,0.44759196483082303,0.16507745209160143,pedestrian
0.9248152704494632,1.4739990449426188,9.033886408915588,59.64074717015112,0.6412074827905749,0.6826664734147951,vehicle
0.05,0.5894382488950163,0.0,89.87550907921327,0.5735337197080883,0.38947016523150557,pedestrian
1.5947724163810948,2.186018724769581,10.874004530770947,57.35141970732736,0.6323651402750979,0.65724639134584,vehicle
0.7404167474882526,0.1,5.260209003681622,81.34642851234115,0.5709782642882877,0.557585782546186,auto_rickshaw
0.4771928750737726,0.364130581505934,3.2950090728842127,26.241826385524927,0.7427821764932586,0.6250297668139889,cyclist
0.9596810526793057,2.18054860574678,11.333839544879266,41.72321110905642,0.7534157870013589,0.7564314267018766,vehicle
1.6844052152346625,2.0663230049764745,11.605723260279293,45.38386671708625,0.804298832694542,0.892407532605354,vehicle
0.16979260389657033,0.4281718702225037,0.46038828892256833,38.732397289222845,0.8408672883837806,0.4937290491305469,pedestrian
1.3210744434517763,2.5478540008834463,12.798361316131714,41.93622947171951,0.7366315900504313,0.8796623351332759,vehicle
0.756175915270897,1.4377555149460859,0.0,6.19128764442146,0.9654924727974843,0.5570721157190526,static_obstacle
1.1907406617827296,1.1550902658581055,14.61430752475506,14.005946294915118,0.629457893071267,0.4267747451839492,unknown
0.9616730113448355,1.2764466424690817,4.511346422294644,71.99978415895077,0.6954903084337487,0.34601766951575497,auto_rickshaw
0.2368075839498316,0.5080171374226661,0.771322469577009,24.12852195559383,0.8164579399967278,0.3521236234785444,pedestrian
0.4191145408470814,0.19780578667974985,9.06131479544152,35.04489247730822,0.7845522743826422,0.3897117882170943,motorcycle
0.5385598849297129,1.5619393540021782,9.448305340565444,58.29574904081713,0.6531380477977881,0.4289391831862099,auto_rickshaw
0.6726894862699409,1.292968515619273,7.045404768006808,26.571441327353213,0.8956467457557726,0.6227912003699639,auto_rickshaw
0.7465323183690541,1.0253413217836203,9.258198370387406,50.174511839524484,0.6137466913175423,0.5142935489930314,cyclist
1.1989771403072127,1.4469703742954922,7.354141959615859,76.96507215414647,0.5830129100786221,0.9433080273060566,vehicle
1.247972184250294,2.016018613549089,4.593420599223958,19.071317277550058,0.9746960431316323,0.9335633806704396,vehicle
0.16700591607946572,0.3942559551192413,0.5159300089068197,17.467880473456404,0.8470672449386109,0.30891481323017234,pedestrian
1.4833634354046457,1.586273180924422,6.7598912849755965,85.09691159749096,0.6983499444399112,0.6178300859635142,vehicle
1.053896492958487,1.985073642075743,16.40201747230674,40.8696901848279,0.7671675745143024,0.9762324976390448,vehicle
0.5123032285806223,0.4145999232733538,5.625705727511967,23.57442181594779,0.788122219971856,0.4057267867776825,cyclist
0.9904043939634679,1.6254123136339527,0.9153873534104208,94.44953251194086,0.6278365873443059,0.314082171320118,cow
0.05,0.7794026149537321,5.067272721710245,65.05581686574534,0.5593094104440575,0.3287816055017496,cyclist
0.34698711137618926,0.8122660967867263,2.6542926981785415,88.84841998803151,0.4934174689033303,0.3129338337901014,pedestrian
0.4359699354153999,0.6172995105576916,8.529697854571907,33.83402397474542,0.835500618184374,0.5265622367190447,motorcycle
0.05,0.6182726930086911,5.784310698715313,90.10288896060264,0.6163835893631188,0.5606713629288204,motorcycle
0.5529108555592501,1.1415734533898578,0.0,61.898036819104554,0.712678388892738,0.3850688379359073,auto_rickshaw
1.0303876529413034,0.6450264198201986,7.028320673405403,58.78781934493881,0.5201974446792172,0.3273028000220196,unknown
0.48081488716639015,0.8274666980363291,5.597342200173408,26.171377472700083,0.7433575854969294,0.4603037038162648,cyclist
0.1369373455379749,0.7846332861836561,8.65424024730726,26.52943869580204,0.8060654502032137,0.580628206606347,motorcycle
1.0005738422086754,0.1,0.0,73.18491049035921,0.5656352673897905,0.09429169414301813,pedestrian
0.47628941756071635,3.078255890317919,10.311828015419565,68.96524640056862,0.7148891381364069,0.8635320236175809,vehicle
1.0097144416005155,2.2221063973833823,10.18619037758457,21.563726093770754,0.8073614757446919,0.9558727317979713,vehicle
1.3088120666529226,1.751194659453428,13.447262450061631,23.609000525836354,0.7395841155104128,0.8595789050381892,vehicle
0.5392088325007425,0.5010031009791567,1.1766427774475634,49.131210050675776,0.6584582317795031,0.5177812000789892,pedestrian
0.5596092065786511,1.6412142168311004,0.8700422811251056,81.88030726378135,0.5410159348172197,0.3965429950056354,static_obstacle
0.7630473380229779,1.6650286841244846,6.335013244352566,93.35858623025955,0.45195221168615857,0.429597796376844,auto_rickshaw
0.9312488490323163,0.7238710789921221,2.4669610902001424,84.33490081132321,0.5886968880529593,0.4764949395848864,static_obstacle
0.05,0.1,1.5123885324847661,94.26573783991752,0.5265941627825357,0.051878517106015154,pedestrian
1.1144903165103264,1.9682600654064761,1.5319238636574903,86.76273794573682,0.630889364525355,0.42932654605399184,auto_rickshaw
0.05,1.953214566276014,1.7787788959182451,70.02141357446324,0.6271227303209778,0.4621321244052797,static_obstacle
1.6331637537185182,2.277958915084359,11.387859245394216,69.84235790480741,0.6315994503261213,0.6151153618671049,vehicle
1.0829916744553878,0.8106324850963292,0.0,77.79735711839551,0.6441551047457198,0.3664881368753883,cow
0.7397362214556533,1.4298196736113564,3.3775862676361355,26.95665375738181,0.9128463202817529,0.646383621106964,vehicle
1.0529305500318853,2.382257013692946,11.196595880730813,50.496050188565576,0.6023847577683301,0.8897158383776478,vehicle
0.1211652689536507,0.6247829096888511,10.52518041862211,22.81941565601206,0.793505422665312,0.5926235810908819,motorcycle
1.3958111343873243,2.382942540354082,11.523146841466888,42.16411037002678,0.7315103122042093,0.9074749641327025,vehicle
0.05,0.8562577003568401,4.013823296003258,53.592397345641004,0.6955687636156964,0.5953239361660843,cyclist
0.19079235474565168,0.1,6.68805810988608,41.91402264544377,0.7320296233218268,0.6495032958992617,motorcycle
1.028908148329526,1.076660576786168,0.19551867672688347,22.21991006299246,0.8188504020957708,0.5695987912847655,cow
0.23624600491507325,0.967842007078489,0.0,92.41321033623804,0.5669472174746889,0.25187486400735876,pedestrian
0.17760144572247696,0.3534623246136519,0.38008315345780874,16.51444927880217,0.8441136528808506,0.40731549429964353,pedestrian
0.6782791678513702,0.43177315119540893,1.0823905528728899,77.84742506241655,0.6423248464483534,0.18005881399603835,pedestrian
1.1090295196067248,0.9636404316932016,1.7525326007034623,51.19460686863083,0.6581184080854023,0.4415002888711492,static_obstacle
1.2503236903416572,2.265915288035935,13.860325210277367,15.720215258628597,0.9239880150951937,0.8002072905070228,vehicle
0.12065644235383566,0.2829745668252956,1.0110443414101808,10.850213191853946,0.7934663324550679,0.5264912618730445,pedestrian
0.6281868086400535,0.5907877439716376,11.850804691841326,67.58417413116071,0.6607713415050094,0.4849596807144697,motorcycle
0.12720135603214144,0.5338784060510933,6.347261562560828,29.193825360799817,0.7664145787086145,0.6953769526474501,cyclist
1.2099306336995541,2.131825501794691,3.7388986972977407,19.699959966362933,0.9838925219296231,0.813769965801537,vehicle
1.6384985461104922,0.27281895617726765,5.510478851803845,88.76357686980013,0.5081038857428861,0.5211197056594999,cyclist
0.7535786705524147,1.380075987246317,0.0,10.25678642815108,0.9059455628130216,0.6540115380081183,cow
0.2938171838842854,0.5861734103508893,1.3786806496925748,60.72673457928957,0.6062908159341573,0.11608322382942979,pedestrian
1.1185808982118266,1.9350946764546768,13.140759225319988,8.458982914113413,0.9462141735756538,0.9113008252218643,vehicle
0.6433279484856891,1.4945280803688072,2.1602799640219015,72.27571749731392,0.7235239107785286,0.4712669150900928,auto_rickshaw
0.4526633656472347,0.6430098817734566,6.729497171889561,56.23483884641574,0.8030470959416747,0.4263526962737516,cyclist
0.43892453554695815,0.6501235280573551,6.066900005315874,9.282619907405522,0.7249593780547006,0.6012572795143851,cyclist
1.4186317525426169,1.7985248537777543,12.15126163559412,9.070276376992027,0.9847365037603223,0.9469530149846669,vehicle
0.20222102210835358,0.4583322144835217,1.978947344656926,17.95910143229305,0.9252443368633037,0.34897101991942553,pedestrian
1.183345418741373,1.954011995624014,1.7082130066183754,80.415641593917,0.5514601657330385,0.6757158084623475,vehicle
0.8194831563236848,2.0538734520241615,13.861903691739146,87.7647359258395,0.5370226295762536,0.759888263537942,vehicle
1.3462087435731562,1.6599541894432712,13.911997393078934,5.165988522641745,0.8456236459481652,0.8716553839570662,vehicle
0.7586904771189882,0.1,3.4951266098776506,78.83160090519439,0.7104568541381877,0.3966116769631868,pedestrian
0.9107744314449575,0.8322866721975771,5.072247389155582,63.51003773961452,0.7275262350914491,0.39609903795859513,auto_rickshaw
0.8976703771428337,1.6200928257707248,8.10331894373087,78.31210023580124,0.3231548862047748,0.360678266142033,unknown
1.0470896245295767,1.2563681168920793,4.534754049700396,92.77607931941964,0.528787623501375,0.4830156778631478,auto_rickshaw
0.8466317712298841,1.2455016146328257,12.894894054917177,85.01601467505469,0.5926968842487361,0.49308909296688264,auto_rickshaw
1.2935563806690875,1.5719806663269518,4.512614091127424,85.67719131013604,0.6629442585196746,0.8242001723715103,vehicle
0.29037366974718004,0.8689057382523836,7.954162200920502,32.95204809120918,0.817032512216135,0.3327480516287793,motorcycle
0.9908606581227583,2.299144840134588,13.384548535698263,67.94521106184258,0.6740648892537742,0.7387041847386233,vehicle
0.19965750129261362,1.0863439683389955,9.261184327720882,74.27055546596955,0.6544927256209256,0.37569540185902967,motorcycle
0.06507723750242192,0.1,8.927096714494466,40.75899300156322,0.5548212647035974,0.4568937556697513,unknown
1.3543990860355886,1.2105730364142864,0.0,64.2566326441006,0.639719987013226,0.5476262004682824,cow
1.0443141188335636,0.2339510049053825,3.511769906424006,29.42744381203141,0.41093375591756903,0.5693782788550189,unknown
0.9400393433017085,1.2120382682805484,0.5064916535939732,40.99611414874997,0.8451352058738408,0.2908463933046338,static_obstacle
1.3242249178316081,1.670548469898909,6.475038937002802,5.960066962574389,0.8717222627983188,0.8081847450595452,vehicle
1.1670328386403797,1.4326914389705554,11.996278878242421,65.45837105639782,0.6640124098603747,0.7355155840968292,vehicle
0.2978284649688891,0.28204077809777667,0.0,66.33653705248244,0.7209937277420853,0.4516270218332322,static_obstacle
0.5611391508211271,0.995138268321597,0.074545100591493,53.475385443005926,0.7247027790190841,0.15803960089052627,pedestrian
0.8822224772544832,0.8121079543144153,0.0,73.57574819305636,0.576786887306952,0.27660123653802127,static_obstacle
1.430494059664678,1.4131563124648001,3.846730180630572,66.83043632798147,0.21906142777814824,0.5643038137735826,unknown
1.2075310712888836,2.8961568791602152,10.132930999930972,80.0479078347689,0.6772266075659956,0.7005383769906406,vehicle
0.26003547221559586,0.9132826504890834,7.399717610051531,54.557241201265576,0.726882318600654,0.6442916385845103,auto_rickshaw
0.572907473698117,1.1645358652937539,8.880455917762689,90.59567267506083,0.7136404216798362,0.4908629188102963,motorcycle
0.5166192998911532,0.5146175562474431,9.397559033256078,24.58796018364971,0.8631118070184135,0.6398710885561942,motorcycle
0.3307854697442878,0.1,11.82108061795192,24.144098435064656,0.7956864026749036,0.6479669442533179,motorcycle
0.6298250776527833,1.3760367565448166,3.9793730064127826,63.351389955901396,0.7419263130304202,0.4275951866049187,cyclist
0.7470286093333609,1.0584370894065642,4.305444910519247,47.16089087483329,0.2556409774829318,0.679871182040891,unknown
0.05,2.6467266505047156,1.12860730445089,75.00039086881617,0.6067579647911867,0.4505471444350187,cow
1.5557140684973192,1.5503636312236604,10.237858031202519,50.06555166283746,0.7310519142519181,0.7122111742246808,vehicle
0.5728555361341812,0.8700990406308432,7.305612264830836,59.94739939225263,0.6839956531280956,0.7026535460706742,cyclist
0.7246077803357058,0.9994205658528436,0.0,32.97039181479846,0.7925543900841878,0.39397178032445745,cow
1.070310765865064,2.003401936207756,11.185767581478709,17.157560897507448,0.8798693807735152,0.99,vehicle
0.3938276574855424,0.1,1.0082559330368102,87.16706619421201,0.590201163659407,0.46586444782240344,static_obstacle
0.5183515371973461,1.1682402717364906,0.2749452925247724,32.88771347957523,0.7611156786110125,0.413573489200687,cow
0.6057517118306389,3.3778434135139417,0.39180767977553244,57.27367199590108,0.8354206386053752,0.7334169875632633,vehicle
0.9417407255475269,0.6895663642598703,0.0,30.744510198252463,0.6373987348068163,0.5135387645687203,static_obstacle
0.29105580103219286,1.6835208217573494,6.328785938902127,61.901407733892576,0.7361976755892697,0.5942840904831744,auto_rickshaw
0.5138167847063508,0.5763340408736327,5.829630405659987,29.439709942119496,0.7647072468259092,0.6371969115648582,cyclist
0.22998136307934455,0.1,1.493046470306608,92.5929669182595,0.6388307125923885,0.25602598179378233,pedestrian
0.1364618285788735,0.30388296898915007,0.6368512094817917,17.41464829619122,0.8404542525127894,0.48399847478162444,pedestrian
0.8284715261336066,1.7557046088658677,11.253615108601839,77.9143219276451,0.644574074084719,0.6261653808071714,vehicle
0.3533016407216719,0.1,8.068828994564926,89.98846181783973,0.6011368185084964,0.33679152940964646,motorcycle
1.2509064694154284,2.593805151321817,13.947958395504878,92.01417065030981,0.5999883226264506,0.8092400196615805,vehicle
1.261124130968414,0.7186492004011216,0.18428984266083367,14.819438729123238,0.7161374925088441,0.6497704207641577,static_obstacle
0.7545811699847392,1.6343214025124517,11.852295732414735,47.34816742106485,0.7144033389637688,0.83455241311637,vehicle
0.8852121580877464,2.2262190206071066,12.606749784113008,43.13071182946587,0.7794765564161416,0.7239760787598978,vehicle
0.7567849198303884,0.9077458474930018,10.34730656908248,40.73743470503022,0.7662819148390493,0.35457634309757535,auto_rickshaw
0.8797493047861182,1.1679805865108084,0.862549546058783,31.365761642435942,0.7610857531010273,0.5764842572733827,cow
0.05,0.5723934353807121,2.0661937049662806,60.15655431389616,0.7258973126937376,0.2891619241066038,pedestrian
0.5796057060269911,1.4539941952985673,14.48975891730089,92.04604456857574,0.611588081389015,0.9237357085032855,vehicle
0.569659690725105,0.3519587971674861,0.23227548580105817,93.60751553096081,0.6623604950982829,0.12021179655172945,pedestrian
0.5655563049858121,0.7028344156292667,6.562448427129699,51.514269802161756,0.6252285668214387,0.5083581497686556,cyclist
0.7584112996583118,1.6865525446723053,0.0,64.32337718860654,0.8045139965838475,0.3116207115705135,cow
0.7962872787678307,0.848653434883627,2.920833479651641,69.98414658634715,0.5779289254565713,0.4261064086431754,pedestrian
1.3104710472235281,1.2349260136494213,14.320795220476452,58.97840251233561,0.7980421432400086,0.7470650617845964,vehicle
1.5958622908233113,1.3611708500813589,8.938308287872307,82.01609637619912,0.6903498688572949,0.8188463467978304,vehicle
0.35816448675586393,0.1,11.318630175057633,35.335076183280506,0.7220092685889883,0.5787528417363963,motorcycle
2.197454934540297,1.7130208791390045,0.0,90.54216945589681,0.1768308820891346,0.3921707987564632,unknown
0.21491118936826484,0.9198032691979032,0.5041393355965939,92.64684606341595,0.6769191155871702,0.20236026402349228,pedestrian
0.7301716862110099,2.2231895700622015,0.0,68.53552194253825,0.6697112537017925,0.5209871092271293,cow
0.448755640561167,2.4945993127027895,13.55690514681477,85.76394328593734,0.5285358826473399,0.7654921414269378,vehicle
1.4329913530855196,2.535468124604724,6.302639515203681,62.12215153811853,0.7153178177753199,0.7954696808856686,vehicle
1.3845159689298132,1.6768620949312623,0.7492555945699874,39.749635322952344,0.836606415610108,0.5935725725472895,cow
0.05,0.8666852933763066,7.3809430829435225,62.714304679254205,0.8185003339971296,0.5688934287890548,motorcycle
0.05,0.6104344192887825,14.610971868398302,64.06493668603368,0.6820123925914093,0.5306447793266954,motorcycle
0.4656207841021437,0.5487598941944279,0.0,12.729206900694551,0.836647260677286,0.4828533147683427,static_obstacle
0.912230725138581,2.10527021454977,9.524425187996034,93.71843082070919,0.6111621605839053,0.47886814900760843,vehicle
1.187796558694733,1.5873061519850775,5.126701659457192,56.58868625854059,0.694325528079649,0.5886879184251078,auto_rickshaw
1.3872563552807016,0.8989794038753546,18.30273874547149,81.81742521101582,0.6780356575456978,0.7806507940089273,vehicle
1.916724664666737,1.311550400974923,0.0,77.46709797241971,0.5396548791600967,0.49192189403688596,static_obstacle
1.0567115064053227,2.2396097596696363,5.819112113540074,23.8187956672318,0.8457626293881035,0.7874913477285572,vehicle
1.5878243815000412,1.9290049173776889,0.0,56.61713994907215,0.6657053387855868,0.6071886206515924,cow
2.0364935349147593,1.9727913168949323,14.214635154285729,88.38155025997995,0.49265786225816127,0.6360672064353088,vehicle
1.2450760670591194,1.415496917691493,6.646519685945795,25.00742486109513,0.7361505511649792,0.9494453638744434,vehicle
0.617428951585303,0.3253329112452874,11.157681667258888,67.46693769255637,0.6875111106468529,0.31217383979072894,motorcycle
0.05,0.819941280019249,2.1165430090776165,36.91856079784415,0.6912073865233669,0.2063186318095276,pedestrian
0.17538040731196264,0.22116278299956715,4.2818294218761865,46.25087157430516,0.676682077805483,0.623228082831941,cyclist
0.9188091549197444,2.1524976309399744,18.469053124618995,25.287841017032196,0.7793271914121538,0.7485841106389973,vehicle
0.3774636289949812,0.1,1.316929559887093,28.25891012593401,0.6971501667965907,0.26148028336958157,pedestrian
0.38574847564155623,0.2723153100376647,1.731770405625633,11.987696979141981,0.945458911347903,0.5574385840786565,pedestrian
1.4897782914003723,1.9810564995266076,11.340782797285796,73.91663817840782,0.7313355727302281,0.6996990437146732,vehicle
0.579959600884054,1.326446088963788,6.699643892590556,22.11568033957495,0.7965586192929848,0.5772616406015468,auto_rickshaw
0.9290490731301979,1.9359639474475745,6.340317513461649,59.619746767254384,0.5946564883829345,0.6916419304665226,vehicle
0.5196618219658309,0.5708238114541042,13.778070173215935,55.85565386723858,0.632327174602553,0.5338611890229555,motorcycle
1.6308405641337256,0.6812334517068026,3.3174588646368064,94.09619263675373,0.4816327821336513,0.35437716384815987,static_obstacle
0.7208809327735191,1.9955057392052695,14.031304850759026,61.63865695912752,0.7490488142751643,0.7326534069180439,vehicle
0.34098477244182257,1.149091967403038,0.8325650740350404,45.37521665825947,0.705848207910191,0.48121749344743914,static_obstacle
0.05,1.0943344275495026,5.317447651148658,71.83837921956491,0.6662354101905207,0.5735574660151287,cyclist
0.05,2.202629820560279,1.4098497111188377,81.55687393120033,0.61205843742893,0.4778715995968385,cow
1.0214987831002384,2.4827457088713447,11.744298983252712,12.482584513022289,0.928809062606396,0.8318307505228578,vehicle
1.1299442993425153,1.4383147670679681,14.719849954374636,31.378525396635393,0.6694845387890902,0.960252154659605,vehicle
0.32451090880500555,0.5059533524431756,11.18516897204132,11.311299056961163,0.9197662854813241,0.5927204405375428,motorcycle
0.5151635245655749,0.8212323903503116,9.14214876137872,21.203460111997565,0.9109162416814588,0.5961808506504266,motorcycle
0.05,0.7728311208103693,12.409952714616836,65.2108701870218,0.6093481233302959,0.5034598769753972,motorcycle
0.9912286013483137,0.8500278512190769,4.019844971071386,53.01561551330709,0.699980257721996,0.8046302018258565,vehicle
0.8272080413631174,0.7214369389797877,6.065221948358731,85.71979765588635,0.6654799299293485,0.33358318887946914,auto_rickshaw
0.24204111565304143,0.5820346473494539,5.031803934549826,35.417566977914376,0.6655437116821202,0.6261126966203557,cyclist
0.1782067320661961,1.164727621982871,5.571046149099162,63.70154005012804,0.6850287944867315,0.4899942142527601,cyclist
1.4491010804914093,1.735470461482201,13.892161066712756,92.93717970893272,0.5785715742261704,0.8157745893838317,vehicle
0.2041937809336546,0.9814330090731447,0.14431521062771524,42.946367186752845,0.6933397142915366,0.6388538705613693,static_obstacle
1.1072649301851072,2.4274330344869672,17.73508247192378,34.66695449885706,0.7977644755501146,0.8925925441054703,vehicle
1.3355280781626333,2.355984931521775,15.927639151803326,8.191356410991732,0.8266055719487184,0.7612611010533643,vehicle
0.05,0.9317648147835359,2.9898838645134616,52.09634800489115,0.7566185522087154,0.5098564468961239,auto_rickshaw
1.0961768655281636,1.7539885853685995,10.888340350030767,55.7748484140759,0.7982831839147301,0.8181364045278399,vehicle
0.05984716321635006,0.38695388779746126,1.2246635260640817,71.04847288966371,0.6758403352372828,0.2597395854375892,pedestrian
0.1646594901963238,0.6187707479206318,0.29519696248868876,57.33292645959771,0.6841544220436182,0.0901792730709382,pedestrian
0.8373338243860138,0.683574471467423,8.42703821746144,85.26657914769802,0.6492539404512413,0.42192091907531587,motorcycle
0.23829164192608096,1.1374401417952182,7.527398019155565,62.984520044024194,0.587371394151124,0.5972640952890972,cyclist
0.418699569257492,2.201257785374977,12.036896130022294,44.213546654563565,0.7432814761319421,0.9208886301212709,vehicle
0.45548505765363334,0.8081405711233687,7.5073850358990395,48.19498294584338,0.6086121138162988,0.5341902863070255,auto_rickshaw
0.3494822092827561,1.18357326196047,6.514591883858591,58.49079486047528,0.6993007482228986,0.4686187440531656,auto_rickshaw
1.6104836281244415,2.4804407176217502,9.34139241278298,13.508559915239305,0.8132259656575483,0.8064149649680415,vehicle
0.8316322884367733,1.1034667716861302,0.0,50.617682980947386,0.709782030651391,0.46951584026287957,cow
0.3927525498868168,1.163226813156562,6.406097755311273,36.25437024484601,0.7866950555331814,0.5383745731358884,auto_rickshaw
1.3657387953418456,0.7815136067954039,0.0,56.600309489185925,0.8229112182490796,0.5087188195330464,cow
1.5740328830024086,1.583502101527246,16.38107419982473,52.93534312224255,0.8406067160183831,0.99,vehicle
0.09744376442212255,0.6466055848595188,10.922156388943097,92.81656864382599,0.6040663768087936,0.32319918752267307,motorcycle
0.7560703968002318,0.5490288058035164,5.399981082249068,73.74942077013841,0.5106399458438269,0.44358055193907014,cyclist
2.40299630224656,0.319911722864737,6.771200246620453,94.54053168508935,0.5372003828925108,0.7363891969944313,vehicle
1.2960054235039384,2.583809754398348,9.826211782837493,86.41651332201475,0.6556113023497415,0.8455473950137388,vehicle
0.2267255083811393,0.3673097123486706,1.8885945736423835,13.129430700530968,0.7516326367148396,0.3543972505533517,pedestrian
0.48390864381298704,0.26149744978909717,1.4194546692256997,27.349929569963223,0.8082256861902337,0.30386533878634353,pedestrian
0.6101775610375222,2.029117005637891,0.8022595744700624,39.34118239610314,0.7959602530441885,0.47771235462059247,cow
0.05,0.1,2.15135992665979,91.19699384234539,0.42696149648499543,0.24854704438690303,pedestrian
0.824945298347647,1.7226789355194347,10.227104577860901,82.87219606468788,0.6170183996819257,0.6731974481560782,vehicle
0.20554944435087796,0.1,4.94424748197979,73.58193161588456,0.5495655601770785,0.5834448237930623,cyclist
0.383182142320817,0.1,4.13941008645119,72.44118627296129,0.6894790075295284,0.2577386566059425,pedestrian
0.7422097181585525,0.4742636677668171,4.213238925992767,66.71647714517863,0.15,0.2504370645215821,unknown
0.5475709103469882,2.266499672637158,13.365734014341655,73.87068481038533,0.5491840293717578,0.8168363560322411,vehicle
0.7723885438818722,2.2183745333173035,14.699916710449658,16.653276018036898,0.865442193729486,0.8493077561152719,vehicle
1.4847398504434044,2.7064438953206293,7.938286488708149,78.3655073317978,0.5917109305360265,0.8067921632442835,vehicle
1.165921143884439,2.136969726515611,8.480410298605188,86.40443261755892,0.6340102806942196,0.7878466080677049,vehicle
0.9276944528231165,0.37725742191766304,0.5414905422241034,62.17351742095049,0.6293953330850038,0.19227820843482002,pedestrian
1.0702503184891579,1.2709693370492314,0.0,13.792790384389022,0.9471565675045033,0.49774070160953404,cow
0.514987427614088,0.1,10.305137335463273,77.0715313117348,0.517888456456628,0.414591118387399,motorcycle
1.2251961730544279,2.335174536366069,17.82749071670389,39.12538449702929,0.6225870955084007,0.9633719625511916,vehicle
0.6242558857538238,1.4182097539868346,0.0,57.32143548317695,0.6834372774670312,0.4121594107301339,cow
1.7850226526626596,1.8008235286244674,0.0,55.68534077701404,0.7261513630162295,0.5689901025537176,cow
0.43823228867441527,1.7690497874842601,7.093933037746027,78.95154302257286,0.730797448434464,0.47311045966422705,auto_rickshaw
1.8779420478486366,2.331734502820405,13.005892771399093,86.71277827762421,0.6129162024827621,0.7483143419202305,vehicle
1.2127218099476098,1.4848212655992417,14.108474089291049,43.4417022586022,0.8170325624688605,0.957577585060183,vehicle
2.3880073425421338,1.3193013217662537,11.787949367755363,64.75382508638006,0.7725406547474871,0.6822811601318396,vehicle
1.0027451163402534,2.0527976297763098,0.0,68.42873152962969,0.7739308872526054,0.5982738740929912,cow
0.6022728139775368,1.2575910262858812,3.9797673997863554,25.84068788984941,0.9017159264045935,0.6698911870147719,auto_rickshaw
1.187348626205245,2.553679320810322,13.250219311737867,51.29057439705236,0.7578621259662285,0.8926041170179969,vehicle
1.1520093829692306,2.3823899148056147,14.911012035180002,71.73583339233681,0.7721999993508796,0.7921227916027966,vehicle
0.4788539064697703,0.14423424822469777,14.454596128196034,61.11015145409192,0.8348698319206042,0.3669983494968588,motorcycle
0.4260019900470372,0.9329663479789148,9.828366025905897,33.51156534794364,0.7620014618923004,0.4551955904880323,auto_rickshaw
1.2106886015015759,1.9195850332585953,8.454224600497442,28.496960254152174,0.6272552823564981,0.4988704833974675,unknown
0.7794594761131777,1.1757139429457235,0.018072892362759885,17.783131330692783,0.7204503020257879,0.5877476442361653,cow
0.05,1.6276163534030101,11.539614201707366,78.84948456431026,0.7069921551920406,0.7690756666772705,vehicle
1.1123813225595474,1.2350737436427917,0.6474433629836348,60.58271101184317,0.7299356438440141,0.633781074255835,static_obstacle
0.7368689841651337,1.3420630542859415,0.0,52.85247112034632,0.7678562789433825,0.5366256600910377,cow
0.05,0.16992091608075804,0.7307726610869285,73.49259410067351,0.5111963467185707,0.5093923490317357,pedestrian
0.27145286160447135,1.0587398995138553,8.270217843546694,37.62217124186455,0.7347110299474923,0.5670841512467295,cyclist
0.6015546453225692,2.139658395775388,0.0,83.06650576331842,0.5694755817999608,0.3838303300362244,cow
1.2293952703267117,1.9122246956089648,11.909438402556557,24.515502388758634,0.8668806771694787,0.7440637019649694,vehicle
0.050266555634159826,0.6839148025159177,7.885571503758117,93.81394552995019,0.5036772747524491,0.36649557991054094,auto_rickshaw
0.5734600874728466,0.9525207801036414,0.0,28.50055198894468,0.7040749565750676,0.4888659087919945,static_obstacle
0.1496260488654826,0.6362474728395978,7.409856998679895,30.653727588034943,0.8585857607793844,0.6104277777671319,motorcycle
0.05,0.8002125404831923,1.9635785790220193,67.66866072195465,0.6919412695855283,0.24383276455264036,pedestrian
1.1207841246982946,1.9851143464337462,10.445994930024618,27.52849139065282,0.9351376704357316,0.7100924304549566,vehicle
0.7158183720303923,0.9622305838917002,0.0,24.502533488473553,0.9312072744105367,0.4757125869977937,static_obstacle
1.9639858807587203,2.2196204910348327,12.872285857868581,71.02123845807189,0.7577897429493355,0.7928753059235402,vehicle
1.0247907183311018,1.214981404542155,0.0,34.09962785686073,0.8399368823829668,0.5419042803513844,cow
0.7483727109489167,1.3550821138805058,1.0423562574939627,57.60678074433471,0.7422819800087199,0.5915375891005619,cow
0.25297377965485884,0.1,1.6154389534259872,29.474047392116475,0.8229012057019787,0.36136488508407866,pedestrian
0.91601755843462,0.1,0.6304692581811522,93.87049805995201,0.5455072732083184,0.485104058429807,cyclist
1.2239505052314636,0.427625967557993,1.9513156924978081,74.87124891234193,0.516219029045528,0.5615031982415709,cyclist
1.1181842398949104,1.8033670599030918,9.136618998584208,11.792937099632933,0.879960601809128,0.9842903776005497,vehicle
0.2169622193684432,0.443238107964842,11.351042927519458,28.58927859158458,0.7995544689314595,0.5327815658220466,motorcycle
0.8529094911321414,1.3958844436100024,7.103112814295331,54.77655913610192,0.7521083014198755,0.4383399940036952,auto_rickshaw
0.8805090776731855,1.59298266665969,0.0,17.67784430818662,0.8816159282105984,0.4501201437397698,cow
0.5999060775081382,1.9277091261537391,0.0,87.80884945828178,0.6911002919676461,0.4805511803200409,cow
0.6993309905102799,0.3543362156731554,4.290462159795634,24.11737707624409,0.8539886452859938,0.3136460922700661,cyclist
0.26444194024363,0.7730527381586458,9.411153076376504,7.720206085892425,0.8457092086598575,0.6073486707469097,motorcycle
0.7860799605958191,0.6286499189272581,0.0,75.54533823871728,0.6109566764648661,0.6076761517232554,cow
0.9431795693605691,1.3230365658334722,0.0,5.36215527411379,0.8830511073567312,0.5600997509762766,cow
0.20922268979741715,0.38160171543949595,4.493061170162547,79.37656563022091,0.6902234885398144,0.6302420652418563,auto_rickshaw
1.203292193337551,2.108126216589897,9.378128657539738,55.098002965885414,0.846837066236855,0.9497660726361697,vehicle
0.3496602082369756,0.8160696445658451,6.578655863155769,38.94454447581407,0.7484111219492716,0.3678190253704546,auto_rickshaw
1.7133779782947096,2.106122199057438,11.960525648177105,55.90890300228995,0.7044658915940621,0.6124422551375301,vehicle
1.1836745787606853,1.9414573744475419,15.484389240891597,40.654403430166,0.5618853932617907,0.7685583113625749,vehicle
1.1415115233730497,2.048788642193129,14.485354665445518,32.87094621225112,0.8797791505164608,0.8911780729934956,vehicle
0.3106616574611779,1.105705007517969,1.8406709652585245,43.31240677044225,0.6128095090572009,0.529310579060929,unknown
0.5580875451193165,1.1975573783275484,7.470302683631838,75.33940000459332,0.658900278305977,0.49561705875834605,auto_rickshaw
1.934943908141649,1.4658263434447083,0.0,55.51185236188289,0.8662042795379118,0.557025643748248,cow
0.37549033451037606,1.2000667864756742,0.0,46.03029470027019,0.6729996368287517,0.4730728398061552,cow
0.7350913960943847,0.8154703659257894,0.9831643705712143,50.40379154050942,0.7340464344406721,0.5745149837316679,static_obstacle
0.25509093328572147,0.6471259519936066,15.73631671940067,21.03014466229969,0.7556685168973492,0.4938747112305013,motorcycle
0.15529460935903522,0.6906826250479893,5.709854342845225,50.81128623023651,0.7313810729603704,0.5300733416414034,cyclist
0.8899389436813248,1.326132110169405,12.257913069203244,61.31723581068272,0.7943503477739196,0.8481724069098175,vehicle
1.339640218483258,2.372396301479511,17.550785008911117,29.882146655607045,0.7676162278627986,0.8186814745968947,vehicle
0.29051479501934535,1.4837092262815312,6.138214264796433,84.46286950278449,0.6900748827255289,0.5596027822322689,auto_rickshaw
0.8554044647326156,1.0793862809781507,0.0,27.938467517687027,0.8249621826666104,0.5644356977296814,cow
0.7580466147902054,1.9030108808398936,17.265318454957196,35.45816148100354,0.8474627951403854,0.7185862754682759,vehicle
0.19554429881433463,0.1,2.2421317576362703,91.52008036948556,0.6119799390759737,0.3409432751904378,pedestrian
0.66433260086056,1.1538222996726484,3.268273512728153,24.41224421540817,0.7760488166740039,0.5242251309052376,auto_rickshaw
0.05,0.1,0.4267852698259217,83.72344199914282,0.6167051025844261,0.29768976944099695,pedestrian
1.2803459777739477,1.4452611108497202,0.0,90.6561323367067,0.5689083989883295,0.484520933258933,cow
1.4651962513054375,0.1,4.5648679285766125,64.77719727936268,0.25478133441996,0.3966300178563636,unknown
1.8529290938005931,1.5759704437286652,8.674268520114767,42.79287576027575,0.7805054000390477,0.8736782967013309,vehicle
1.3930868100358955,2.3290474827408816,13.664678156859777,54.49086013767688,0.6318839343213799,0.874787587753294,vehicle
1.2717794298766072,0.6864178767342125,0.22847011897445849,69.32782136354398,0.6947816220032366,0.5100104036042745,cow
0.6580549094006789,1.4261953184013691,5.174103075932104,53.15523543646269,0.6737653407364709,0.46898200550282293,auto_rickshaw
0.3734820848900966,0.1,2.7022840455350963,33.17810654392501,0.7152869845608237,0.5765226336807048,cyclist
0.8060383803851389,2.328507642839617,8.036333049488455,89.55506748312617,0.6128282718589698,0.4889782235215201,motorcycle
0.29689022874737003,0.22717287463913377,1.0516452944324552,14.158555690726057,0.9227409528286141,0.3867686717470833,pedestrian
0.5085331527703008,0.7575400295297893,5.880108456471296,5.6471416938631345,0.801635882144875,0.5024553786881852,cyclist
0.9089198469697994,1.4422714407384354,0.7018359552550821,88.1927970416087,0.5271546339374258,0.4907747282410262,cow
0.6820771353913927,1.2231169208712027,4.613066228738708,81.70109902289373,0.6541860536672334,0.35645963346737713,auto_rickshaw
0.9074462346022225,1.7633148019721756,8.438656272800884,27.00433679289689,0.758832228597006,0.9462304630213698,vehicle
0.8930106279781462,1.2445732913864578,10.100150570206326,33.37871856068589,0.7910655138771792,0.46331520338240734,auto_rickshaw
1.1912109156174655,1.6613606755372152,1.4977370343006706,80.09152910261768,0.6251524192183099,0.48825092071784837,static_obstacle
1.4505966186679493,2.0205670601881685,11.591243233539975,44.69681141651752,0.8293162548396649,0.857085159626119,vehicle
0.05,1.1067270693568672,0.0,93.37399976917493,0.5052626694623304,0.27831114222185693,pedestrian
0.4300556216079662,0.7163702264061405,9.758038438915076,51.80808609689912,0.7287891903132165,0.5164295509380985,auto_rickshaw
1.167463027738403,2.1062937158139663,13.504356870489836,33.493117542462535,0.8546581878612733,0.7749216511701492,vehicle
1.3748628121220734,1.5790128654968028,7.6176093769267705,74.11918786750584,0.5918037930190883,0.7891070546678265,vehicle
0.7481061046646273,2.8849089216265815,10.527713018927498,74.7587802009995,0.7117244274532499,0.6974490415731748,vehicle
0.6212533129839277,0.5165715287810889,4.115690640963501,28.49726089666356,0.8896976986789344,0.3592790874698455,motorcycle
0.33217753389964044,1.3130272275828476,1.0961242225038619,46.141938042136935,0.7684035489629105,0.505914789928003,cow
0.2792060323864324,0.8549957082201346,5.335363943312991,28.35266232695103,0.7179313372652402,0.6453402826878579,auto_rickshaw
1.3020033058775655,1.58660288494336,11.342643962072161,68.5889268316469,0.6986506490040844,0.6879823189420081,vehicle
1.0052606820509,1.33245372077486,0.0,68.27601895410331,0.7046034232801623,0.5706578718895674,static_obstacle
0.05,1.4323593886973995,0.8281674429506305,82.08455973111771,0.49208519871479117,0.5358354948509333,static_obstacle
0.3665951239040676,0.9870469413269236,3.1631301847911986,90.89775692269876,0.5743104757933681,0.38815644500884866,auto_rickshaw
0.05,0.4253781234094941,9.020933953482093,23.46817523528295,0.8023514330844208,0.5231914282549921,motorcycle
0.24894531676749554,0.45721047070703974,0.9833457911278842,8.59400525068666,0.9528080275926195,0.2028248388354841,pedestrian
0.7281443720758961,2.11109177365853,0.0,28.83678392386916,0.8322521980522949,0.4720784405244905,cow
0.12728632740823087,0.1,2.1620563832951767,86.92708181967181,0.4613732551172016,0.1668101310139743,pedestrian
0.5849602421792149,0.8193930185132804,4.502297897365526,5.398199464451236,0.8303133313546444,0.5265749312894389,cyclist
0.05,3.870498353446923,11.504922486082654,75.40895465040207,0.7255156593068408,0.7742497615702605,vehicle
1.1673074223593787,2.3098952478372303,6.5549649720962435,28.24498757475742,0.8138862032283394,0.7951864863798284,vehicle
0.5417786114113176,1.363256864218977,11.91774628655944,60.02742237925037,0.7403218167383829,0.8694578956401784,vehicle
1.2142466479507334,1.4228313897679745,0.0,46.08602221915218,0.810600835665358,0.5185588065082986,static_obstacle
1.486258297813238,1.7200525526934638,14.276876275375555,24.00411932531227,0.7895970838349498,0.879341121459454,vehicle
0.859746756347845,1.5493155694279948,3.29052940827673,72.79954270244397,0.7834102976865222,0.4063005164418428,cow
1.4888308217817767,1.6108490274427072,15.070598293537088,61.742229586686626,0.6632796740850788,0.8350692576807172,vehicle
0.6773814558584876,0.8874406638442456,1.0772607539274008,63.57425163655275,0.7359198947951218,0.12648071790263665,pedestrian
1.176162782944226,1.3373819000561775,3.579242312905784,66.69097270488167,0.7487543829061908,0.4423504353235175,auto_rickshaw
1.3496019869675187,2.4712872853825902,12.13099538758069,83.2686182741803,0.5397652002605564,0.7326908835051593,vehicle
1.859735178523854,2.937116191776984,11.68521048428486,92.62985540512344,0.5935480133624483,0.6719473999408194,vehicle
1.21824639546658,1.9508833619488015,0.5449004219261186,45.64188082255101,0.7069252002453733,0.5431382447822198,cow
1.0582993653293784,1.9784652652987211,17.184331163116468,20.463373393318108,0.8936312409335618,0.8113098879741781,vehicle
0.3728952289512539,0.19599640718109668,1.0339421079205686,31.632883634434094,0.9009309500631416,0.3450043905658896,pedestrian
0.9661602070375368,1.8775052511661536,12.93503437463766,21.394031380037184,0.9016776557179325,0.8946903487856603,vehicle
0.2432453236328288,0.16959275853905292,8.263989398680664,36.61404844271103,0.8318417844458481,0.436101345755099,motorcycle
0.41818327778285375,2.897792906278923,0.7389008561644506,94.24481155002962,0.5349186869105855,0.4445050451488069,static_obstacle
0.9686673437774692,1.5945413971260372,0.36543796895534775,16.29186812351759,0.7300798081329065,0.6390075101779944,cow
0.9497012014814147,0.5953295700101912,0.2075766999946873,90.47150845740083,0.6544196191409986,0.4307127474325588,static_obstacle
0.6816105434342159,1.3591427143622774,16.58069885436037,68.62468946535395,0.634800809801996,0.8558124355656488,vehicle
1.193027967239487,1.7142284035384319,13.538853622558735,32.37050365482907,0.7759016429433876,0.8546430612618613,vehicle
1.1082308958078657,1.2486587966923328,0.3086516755512903,16.963586298466133,0.8279945264245839,0.5956760199232277,cow
0.05,0.5997336148377761,0.45902877791979313,72.75515757285,0.8178357136750305,0.35381879901034946,pedestrian
0.961666561177112,1.6742780103776613,17.226640652395275,93.51874206693542,0.5459875292824165,0.5806933873022796,vehicle
0.6450771730436133,2.5012537910532293,9.92477502707698,56.00291534072265,0.6948917229739989,0.8323685506873166,vehicle
0.9106871670575494,2.089445800479586,17.657748403347995,20.655602561977975,0.8505990759433795,0.8542203439330137,vehicle
1.7859795336825801,0.6508015254375296,4.755343117576392,67.03166497711621,0.27906787455369486,0.49993211532002135,unknown
0.2612201345872615,0.1,0.8318766519785653,34.15251726434229,0.7488833364938858,0.5193414266017886,pedestrian
0.05,0.1,9.123547370080704,76.18889473237364,0.6408524631014203,0.38608593865864266,cyclist
1.2298196868987739,2.288098332934421,10.918644804434095,13.71660420948468,0.9311643946026664,0.6057909481533204,vehicle
1.4104467293288705,0.2661807841354335,2.044479578266622,9.788378167192953,0.5998539089257131,0.8141392394087397,unknown
0.2950971677227805,0.30554495166550455,1.5413868880456756,25.786528812458943,0.905301023240173,0.25094666401714366,pedestrian
1.3505157454491854,1.9979392844406938,15.61917312166587,6.992911864946592,0.8528115983336756,0.803392402266351,vehicle
1.1495401257262836,1.8848579117394246,0.36201143063590746,31.93047051255469,0.8719790080265228,0.6280001851499275,cow
1.3216732440371084,0.8504105119358315,0.47895802293256157,43.285986840318934,0.802538780846687,0.5218331610906899,cow
1.519899088118605,2.2849962072801566,13.590577891189815,72.24841066646948,0.6701453385739837,0.6758901030007372,vehicle
1.6835290561670848,2.62236327795289,10.682316991125003,62.95516148305828,0.6660626758918873,0.8738984416378706,vehicle
1.303645716979281,1.8867480378855452,8.40101277571885,29.888926510637667,0.7989804650554956,0.8975341370936256,vehicle
1.3391522343587707,1.5324544785085852,11.02270543526411,16.765011872207502,0.8739627597439166,0.7980163619910358,vehicle
1.2848143090831001,2.0189981201427183,9.372780166803983,37.60225073931648,0.9014204653699689,0.99,vehicle
0.3899464947152037,0.7122605217636676,4.817258806795283,14.810718758063885,0.8938053167104635,0.5932545132233062,cyclist
1.2017924598596201,2.1403757312107827,13.169948308134247,40.452971782520464,0.7363860755956351,0.7195442642230537,vehicle
1.3256995084380063,2.1176030013291243,17.202656879237605,70.80510751575238,0.6221667505792632,0.727556312015773,vehicle
1.192624845316002,1.0680759830256044,1.208345128536563,75.44673546989428,0.6197553638274284,0.5223461416157199,cow
0.564540297035453,0.5037435026508552,11.808854010656859,27.454584130277475,0.781334938039773,0.5376154128992314,motorcycle
0.6192679237887124,1.822676702192096,0.16192209075521863,38.98350353182029,0.8286800004561357,0.5215555313007285,static_obstacle
0.6956860264785755,0.4538922518822014,2.7729542923645556,57.90175662013922,0.7176265167403826,0.44424464901852234,pedestrian
0.05,1.4378954464421698,1.1719268729090495,86.83352552012903,0.5812901863630278,0.1383865661046163,pedestrian
0.05,0.7789149657377588,11.102684000810568,72.00222933856496,0.6136074767145696,0.4172180029677307,motorcycle
0.6991149469042673,0.9528885408743306,6.544620244684729,62.46989158717785,0.7415498021698502,0.7135208539686159,vehicle
0.4212201594264976,0.6862931961651964,1.2343590691966733,60.801350065480406,0.5816353800267325,0.24519332483202996,pedestrian
0.8356277259867296,1.0401184784578283,0.0,11.15442283206504,0.8649965426269915,0.5959076959717892,static_obstacle
0.38567765950280375,1.2739777916115695,0.0,32.828343743703556,0.7900564349245165,0.6315107946643821,static_obstacle
0.9822986552698891,0.5845346789719987,0.0,74.59710879352735,0.719244225053767,0.32794024993698123,static_obstacle
1.0065048405517842,1.5412988474162748,11.831725747507605,36.174108857041254,0.7618571330411998,0.949180799549673,vehicle
0.4381933017034364,0.7953750833416899,0.0,56.13822204893049,0.5901093601266254,0.10187545120606797,pedestrian
0.24655974691179094,0.7268352374219713,9.293487305816546,23.80007536398096,0.8599644025170081,0.6338588080373189,motorcycle
1.1450428675950748,2.1621500445408546,7.132345575191429,18.682884015829124,0.9206689600136365,0.9307688156285613,vehicle
0.9342833052367392,1.5259804456236767,0.0,62.748763734046186,0.7406915385292491,0.3881349153673278,cow
1.3888112338242586,2.2630782166350296,0.0,71.2121352903475,0.6699636378979243,0.5467512735960036,cow
0.7335511464178583,1.1310548138869871,0.06863710835036058,6.479397894805281,0.8051520454946033,0.6394045312458774,static_obstacle
1.0414386936800881,1.0597317139589308,7.803201120022023,71.57394229524458,0.6725753616903867,0.5811185621622212,vehicle
1.2150789573880616,1.7176708660471787,7.148795966335777,8.614710141882792,0.9734814518360537,0.7842970804686161,vehicle
0.7381251013982201,0.9904375198675203,0.0,13.855873303813311,0.9084672589419549,0.7231807589536234,static_obstacle
0.4011101261533599,0.6337972453874798,5.168527456790485,52.6520780901229,0.660740983805181,0.43979340785175913,auto_rickshaw
0.7463158656869824,1.241837140053569,11.040456408610797,69.87605570212428,0.5766939541586645,0.5550942823080646,motorcycle
0.2354825075340783,0.29403851254862773,1.9151799032982288,5.4050706934954125,0.878809287786444,0.31149453510793745,pedestrian
1.71371048824863,1.7193140668473068,19.537296466253643,54.775604992509734,0.6680331248653666,0.7372694056751135,vehicle
0.384341594523987,0.7517838135524076,8.545903130241134,14.200912167187132,0.7705970667616631,0.34895557506800234,motorcycle
0.6779816676766439,1.6506181788455108,0.0,65.97406178534831,0.5981422205435061,0.40570374107004786,cow
0.5593578199304526,0.6161185996497707,8.017248058750956,52.26130896018451,0.8121637702771768,0.5656079107003108,motorcycle
1.0814864562865831,2.0646466992185966,14.123660207691739,60.54143395630377,0.6664531758502813,0.5842572643222695,vehicle
0.6649914538311278,0.6512150232561561,0.8574733555812801,22.740594998883473,0.785947305731398,0.5207684802409224,static_obstacle
1.1050722796141068,1.300717023134849,0.0,55.724556752242634,0.7661741386913059,0.30696628861352543,cow
0.6851830059172204,0.9806310372561191,1.3022418904893873,50.758916233535324,0.6416976977756863,0.4360583051695539,cow
1.5418788206656209,2.0535976127719566,18.619889559045376,58.04012741881672,0.6585541884603663,0.6973181396121595,vehicle
0.7365054270363564,1.321884042630309,0.6368943698030981,60.24893179964268,0.6415495830743126,0.19537434014505,pedestrian
0.8241386855881406,1.0315932937739025,0.0,5.217237896087882,0.9008961101472682,0.5528026831125101,static_obstacle
0.05,1.3814913380808038,12.475818852289793,56.10822180798176,0.6845698529172326,0.7735404227046256,vehicle
0.2891291326024892,0.7969552135801359,5.902772850756645,33.921525254534174,0.6892733598968908,0.5654616291068728,cyclist
0.05619993870126183,0.5391182901842969,9.51907889526563,49.3075613660475,0.6320942991956597,0.45678648276571304,motorcycle
1.6852407200404764,2.778725152651105,8.110903199518791,69.71927036497782,0.6484271918081688,0.6708745505629038,vehicle
0.9052137828251267,1.464915068765364,5.446864425794876,45.00351360179746,0.7384795566850051,0.6561952520050076,auto_rickshaw
1.230646423140263,1.984754553663588,10.816201126487675,74.72102930804698,0.6580597302676894,0.7407366666296374,vehicle
1.2301586641813214,1.7048187893650684,0.0,91.5314373719044,0.7072847941453387,0.2717219679425188,cow
0.8216621805610629,0.2682679819774638,14.69738152468102,35.12993370048001,0.47721705861933916,0.5213273307515759,unknown
0.10441151904287935,0.41780882347357956,2.9504756403115167,51.46893927873012,0.7277387481398424,0.30041205486974687,pedestrian
0.57005073106893,1.7208863151332947,6.619685810343339,90.7120744162194,0.5547543960211277,0.19205451453635308,pedestrian
0.9489203155891924,1.6070688823170358,9.05070952362586,47.03082868681892,0.8065439941538313,0.8949495370587952,vehicle
0.15781258113420982,1.013795801265378,1.9747175311880327,35.63305382212537,0.7540498900197853,0.37973701340551175,pedestrian
0.6057013229787536,1.221854374349991,0.23183108280742132,13.172935824381106,0.8945082001380429,0.6028560908990774,cow
0.20381558552261736,0.7857076392493506,12.884226794380206,25.44337438413021,0.7160801574954002,0.417600277081111,motorcycle
0.8777403567575837,1.9457598505124847,16.40693518408084,76.31012271343674,0.5796442595248532,0.7244785473113297,vehicle
1.1298131718451194,2.5769962970715934,16.841882618242394,54.36194585811809,0.7309333175418795,0.6872715701405185,vehicle
1.1344066466501193,2.147548819283845,7.946341300240266,7.3780137584578345,0.8196074361959246,0.7664420891381327,vehicle
0.7741748978745562,2.6669002730314215,0.0,77.29771975365898,0.6523665836593098,0.41371386079742656,cow
0.1778911470767988,0.5926174267208115,0.16872403365518351,61.81632198681908,0.7081743269765505,0.5228375544585784,pedestrian
0.31301871850234086,0.7748530724699386,0.4625072384934968,35.70167530871524,0.7910755584298101,0.5539065690025268,static_obstacle
1.1552682913738752,1.6848200864774963,0.30088601188559605,17.868328107583352,0.8959660134720263,0.42720804850876315,static_obstacle
1.3006255113191303,1.7321086155526024,0.1838370200969552,62.25362671481116,0.6659104215176173,0.5387026543405917,static_obstacle
1.2956496233248274,2.199742365866716,13.799517109722395,92.37226895766872,0.5396462138343954,0.5152622715569165,vehicle
0.4567947227925551,1.480297568814192,3.046300120810059,83.26620402301904,0.6575327794549743,0.4169348200210045,cow
0.08546836784001433,0.4110133448299959,0.7145458261630999,15.866701222578026,0.8067618866489638,0.39647925015030483,pedestrian
1.8411775544789601,2.4363445890229154,7.473731081407974,90.81354990901265,0.5490636527148276,0.8415454175530244,vehicle
0.9542005173727335,0.1,4.514546503589161,91.1403478702032,0.6359541010047148,0.33522897175225336,motorcycle
0.5918629842848278,1.3068011156966224,0.0,28.342754473755623,0.9503890483729164,0.45351866902171445,cow
0.05,0.6450752254584997,2.4002333694331237,47.76652925612508,0.6759278343714681,0.31104675019924294,pedestrian
1.3289230711114635,1.9770126636782221,10.90715348298031,16.608398511541363,0.735927267338256,0.6589595409964112,vehicle
1.9068142276067697,2.6614679956424827,19.002680831720753,74.68007518992758,0.7067449869555377,0.6862022098090317,vehicle
1.4491836903440558,1.9778532163845242,15.092051937698198,20.99395227525492,0.8754563181501388,0.7335427241419227,vehicle
1.063370212757216,2.1187343863119765,13.562227793876085,54.05882261546186,0.7180883841094654,0.9197094511403616,vehicle
0.42208191069963114,0.1,0.0,54.046743324496305,0.6453310261291313,0.17600981274698557,pedestrian
0.19257636173161038,0.5428383038435551,6.119041615276329,28.92607550973899,0.7664491082119359,0.7154325924460047,cyclist
1.2858423236904688,2.2370822910508696,0.0,91.11735365475384,0.6012090118805937,0.4748526307919791,cow
1.2460797480666015,1.5463130034922743,0.0,54.41061872208927,0.7356067915971359,0.48538368546586463,static_obstacle
0.4797777088377558,0.9042534909414827,1.286657689761667,93.31744439490475,0.5966137349844606,0.2677080278047921,cow
0.09594464106773734,0.5554651382446834,4.483976161551858,46.478144437892496,0.7211711416532658,0.3802234219374969,pedestrian
0.28742126377458044,0.6246109439904508,7.231529760550034,15.897262424875166,0.6750533229972837,0.4901467593398632,motorcycle
0.6954071263790792,1.1873691130178974,4.917611206605729,34.84400277158878,0.7752180363550542,0.6245313767485172,auto_rickshaw
0.05033501429838527,1.0076826366200677,0.0,63.894585573259384,0.7706874603427231,0.3226128998060246,auto_rickshaw
1.2625010452402774,0.31746413754786607,6.24431116041828,69.80301190175501,0.7083795818418726,0.6177667248448404,auto_rickshaw
0.05,0.6639250740179035,11.788982806719446,52.93729145886669,0.632676965552572,0.5811901671957463,motorcycle
0.7019192416703066,0.6427483454104185,3.7704367356905673,88.22923441866533,0.5989939876443672,0.5510344923536861,cyclist
1.1537864676912102,1.5856030843573983,5.197068299765031,29.200563293087182,0.7737039312355202,0.9086705942617885,vehicle
1.1420295981720945,1.278935927184397,2.05234865450219,64.37294884422373,0.626806929046913,0.47565423076097363,static_obstacle
1.1002661827286517,1.2997351109038795,1.1866899719546051,48.76047164935767,0.7243380496615975,0.406127158079842,cow
1.539717496788372,0.8150308780244708,5.153280578736944,83.63790115355768,0.6517974820034254,0.49466842005097333,cow
0.09408009241930693,0.2246705101235178,7.546639173824895,42.76304405035774,0.7939110337568657,0.4356013965614591,cyclist
0.20907441822699638,0.1,0.450745220174971,47.10951600824113,0.7637128706430049,0.4301374331229059,pedestrian
1.1177952041821997,1.8182814649956414,9.110752285047923,19.76035025534596,0.9165323687219598,0.8509730660978575,vehicle
0.43685117498829173,0.602986069212856,5.630894223781385,27.01422099786866,0.7998609780007243,0.6088141764315295,motorcycle
0.21595692272150524,0.5077769471650155,0.1925593432748813,45.02895058933991,0.7365948403018829,0.46885758164080804,static_obstacle
0.4776237218396754,0.7517277809279531,1.4089544085216006,53.77125922432483,0.7416028810046774,0.5627952605450438,cyclist
1.2958577635555597,1.7794665268420962,15.08019784906114,62.572800193547344,0.7510244164056092,0.651317737987575,vehicle
1.0721632225274045,1.5825013933040426,1.6608706796662136,11.803141471040327,0.847769682924156,0.99,vehicle
0.38712480383662773,1.8798313592910876,1.9079898999995377,74.28250940884162,0.652460311110943,0.6362126044079905,motorcycle
0.8046585431512493,1.3768902253568283,1.1399309303536715,51.185841278794996,0.7590398743303003,0.519658452919458,cow
0.6765727205918562,1.0289044499143585,6.7697588076663004,6.458432834094015,0.9189914291009071,0.56660336625029,auto_rickshaw
0.25904516955145923,0.5502275517056618,2.490222593273722,60.90140037467081,0.6671630101524659,0.5422279032562836,cyclist
0.8428424097499747,0.9156814802641475,1.971800055389725,47.466647037643384,0.8101396598505028,0.2944203544626009,static_obstacle
0.7208918256565444,2.25608294795235,7.98923787548043,44.88687868045155,0.6944251881262595,0.7819133949674223,vehicle
0.7251366278448557,1.15292844758781,0.8559793780255138,39.604066210606625,0.8435861866742012,0.5105960758621209,cow
1.3383346451819325,1.9797057347715918,12.083481627292391,16.755136074644913,0.9275487792511583,0.7903277251543108,vehicle
1.107313435879964,1.1593149042734059,18.538642263461437,67.66201650583103,0.7039488790216503,0.7618424464405434,vehicle
1.0860352055041256,1.4843009938877891,0.2882483453374968,49.23786137822227,0.6978479112339768,0.7037188899430421,static_obstacle
0.3536381171050659,1.177628155361405,3.7905817525902443,92.1791562954677,0.6259450481832529,0.48596284022879854,motorcycle
0.2343492519183623,0.4095095408255058,1.0274262162758032,28.631052584164728,0.9026484948908021,0.28151499026277466,pedestrian
0.2662557473637744,1.0694241913981029,6.371723356989336,51.34147650524754,0.716560497927754,0.5712042849520772,auto_rickshaw
0.34532542426199386,2.483996816158929,0.0,86.74495968665813,0.568645452054308,0.900029993423865,vehicle
1.3466221264549845,2.412039224086176,14.301313880905354,73.21551984154331,0.5781844777417431,0.8452403917563992,vehicle
1.336468241541618,0.1,0.0,81.2669308166341,0.5733706770907904,0.34817910982740313,pedestrian
1.3171661773532848,2.1886262790378295,22.752366833598742,48.109629096013045,0.6958863940065214,0.6974577811535775,vehicle
0.05,1.7127119022307415,7.338043575596922,85.85834027251904,0.5158410061256017,0.7063035408054971,cyclist
0.32569302711437675,0.43046436769840785,1.0165934936931813,18.855441918509577,0.8041939356039512,0.42359895527897834,pedestrian
0.5698386935470022,0.9379467773848281,3.108466148017917,68.73042601760854,0.637497323487779,0.6476401098528253,cyclist
0.34526210482072184,0.7223904393197011,8.290634420876248,11.237769783977154,0.8172689787982615,0.584223235496579,motorcycle
0.28214637449745994,0.1,0.0,84.64326267085633,0.6669831679749939,0.13595194674969513,pedestrian
1.296061385811487,1.5554838251317118,0.2721102383209316,30.553779890368602,0.9080410342941844,0.5611808502966172,cow
1.4201466030263696,3.1022238269444715,8.901396159372156,62.32518636099279,0.6576524373573869,0.7393911874050515,vehicle
0.7712296537810306,1.2165398259898748,0.07238272145496619,9.73374841551974,0.7770078338151135,0.5532069380601783,cow
1.062364782093295,2.2769206290962893,8.889712613069058,45.15852226969318,0.821613028288154,0.9291842756467601,vehicle
1.431243293900193,2.4469553058037614,11.550428205998779,34.606526322369525,0.7603576199041614,0.8429561462392241,vehicle
1.4848920429905679,1.5157947690198412,15.615196784157458,87.94810779667274,0.7012523839305816,0.6671504038660356,vehicle
0.5595766823322224,1.8417111360775125,0.0,93.22264148479661,0.6881985463749032,0.2320168590194747,pedestrian
1.2895962050635728,2.107308516016781,13.912520816321212,37.46136242842098,0.7826330899187087,0.8569043206173539,vehicle
0.7523488280716273,0.9152466862430153,0.39145645269441054,84.26779691989175,0.7063252875276717,0.46162008488061956,cow
0.4432947127564485,0.5076995267473868,5.249998720893028,5.490322495230993,0.99,0.6739443636688551,motorcycle
0.8255163564081083,0.3089775698905677,6.632962618308476,56.56164704315297,0.6623601005177694,0.433376938575089,auto_rickshaw
1.087106329587703,1.3675606824981021,0.0,24.797569944936804,0.7905680970824027,0.5392448293771765,cow
0.09124655479152549,0.1,0.8683097021130639,66.3473326731266,0.6866130157398826,0.27961297145370456,pedestrian
1.1805641617615996,2.8907251703933197,18.274323554841693,61.212641409976364,0.6885816160274291,0.9223154804930146,vehicle
1.3854208236584096,2.147034438037476,14.249387709315968,41.94909352781405,0.6697160000445912,0.7772829481785638,vehicle
1.5520300484774108,2.1313141219903615,10.665942324233942,87.58839436122592,0.6796355838048697,0.9463752811806655,vehicle
0.11930091283955263,0.1,4.11367983297085,70.81579737451302,0.6342190392010986,0.5207740784425425,cyclist
0.34756973549459824,0.8416411973343427,5.792176030188303,63.29004770253519,0.6627795710933716,0.5517757125033241,cyclist
1.339703615883978,2.5520921702997503,5.2799580221869675,42.529062207537905,0.8537256449919393,0.8240107021890057,vehicle
1.1160613654573015,2.3602910176733007,12.731288019647556,78.52468311154855,0.4824716112596221,0.6037412535265806,vehicle
0.05,1.0373474786512973,9.17197527698134,80.56845680253329,0.6498285111793521,0.40790353461922874,auto_rickshaw
0.8428465360660508,1.2758280771129016,6.320806829934939,19.515707732283364,0.8071265170907103,0.4165615670560442,auto_rickshaw
1.1904137310926262,1.0014612160162724,11.677333254323138,65.26091553503586,0.683651336957993,0.7336978089428134,vehicle
0.36978025292056305,0.7118134179501967,12.448708525435283,26.990298534263697,0.7718443118991066,0.3827714284647009,motorcycle
0.3229407881069892,0.6939927593016623,10.303367984054365,18.858288438831767,0.956036025071043,0.6537733568227153,motorcycle
0.41655999092576,1.72998711339388,10.345511535753872,60.85880521216081,0.8216284486430482,0.7128932436369205,vehicle
1.5834917740869108,2.266420656212696,15.491766306712108,84.82239553492312,0.6192343511447614,0.7059627369596797,vehicle
0.5874816166285928,0.4689877809845669,3.6451553381546815,15.131014917493463,0.8405436891843375,0.74578443301172,cyclist
0.5407846781573863,0.16810469603924733,11.21424099311443,44.18377035496411,0.7311173690933723,0.46304495738528506,motorcycle
0.6593106558986188,0.9090858647628031,11.860507386560696,44.636957936757256,0.6813225916347231,0.43214856889584397,motorcycle
0.22132802635250468,0.2750030444291909,0.0,49.96502320516216,0.7410515275717156,0.36961816205417497,pedestrian
1.315154923075555,1.8754765721843756,9.760336910088467,7.712646598697206,0.9040804973279597,0.8319874735728143,vehicle
1.0221494744324486,1.3266885937981012,0.5496009188815398,23.811583535349776,0.6755188091904498,0.6849066163515184,static_obstacle
0.9581085833006218,0.37004824163555994,6.521149042062501,27.938946506182422,0.845850102764476,0.38216764760006516,cyclist
1.1838269619989787,2.156776050267123,9.89349530303139,20.012794384131112,0.844268754442374,0.7905557043013633,vehicle
0.9260394461611985,1.0457974882537444,5.858712907820553,25.53116227406029,0.7086732104219148,0.6560490124391225,auto_rickshaw
0.8526994247298962,1.372338696663507,0.0,27.354790220803537,0.827726484018062,0.3698357715243558,cow
0.8262572022840917,1.0500688546491348,6.205062551573639,22.365914058336955,0.8991333689357449,0.5106803503627148,auto_rickshaw
0.5307081290336029,1.1255708986955595,4.028432027568279,8.928645174300577,0.8671920856679295,0.4344703712822952,auto_rickshaw
1.6274371174273408,1.5972305308993633,0.9052602495385151,78.77279072962075,0.675315666541052,0.45545872483242095,cow
1.3627386402171975,1.7473234434820013,7.25400008290526,93.50404718770028,0.6646836504788135,0.8312922046013931,vehicle
0.6226236315290985,1.7989221813306815,2.044978552730306,81.03305254620209,0.6095311513037813,0.21467452436319082,static_obstacle
1.4458961436500153,2.5106963959574515,20.94064634148493,17.492601559326825,0.8314795725041652,0.9401686796789747,vehicle
1.100973735775833,1.4026314709119463,0.5393535027500422,84.87457728415126,0.7349441410861786,0.37683192465394627,cow
1.013951912112746,2.179396785747483,14.186121579358689,52.24147040995401,0.7768421205936386,0.6235097859510075,vehicle
0.9576755907813413,1.8731197876927572,0.0,84.71951521222516,0.5937002081738663,0.45197397394444294,cow
0.9622419903001456,1.8255944415504408,10.629900629013225,35.23729168281287,0.735301075315141,0.8773712855579877,vehicle
0.05,0.1,0.0,93.68802418630506,0.5323639796198809,0.2495639582621604,pedestrian
1.4085718689041702,2.3600268689211674,19.644832117163794,69.92076461198764,0.7269359895888209,0.7984484493493179,vehicle
0.3041257142216349,0.28404879493563745,1.513258450001306,8.460948483593931,0.8503400577042624,0.32432452453489746,pedestrian
0.39930376522403777,1.5073818143922268,0.18202300771361385,73.12375876537261,0.7748922326469511,0.37691318769197824,cow
0.05,2.508366841500587,1.9546566127843916,81.59243295603265,0.5601755048811874,0.5197969118713063,cow
0.5712872173268645,0.9148865604089256,3.621995174283081,38.54042315809027,0.7893270791986752,0.3127498889020875,cyclist
0.1418154240781888,1.8780560860336624,17.209029209509204,76.72903230958983,0.7459945157809583,0.6881100133982402,vehicle
0.05,1.2707582497424215,0.9463704743573591,69.93403448430064,0.645466860500383,0.23880754957822864,pedestrian
0.11329807136204503,0.121666423825217,0.6600986031552669,43.19831492955556,0.6457525940451543,0.34038313666962017,pedestrian
1.350558479549251,1.808260648639058,9.031274574407188,10.572833018572265,0.8458245876941387,0.8773053317511628,vehicle
0.28289081785995496,0.5354094393204104,14.632501402042454,59.025306409902534,0.6518582683866516,0.5400359481821226,motorcycle
1.5039978190090924,1.2784627247792948,10.118967652881535,9.139951787889819,0.9418347053746299,0.9312337064333386,vehicle
0.6845747934255284,1.6072212153180645,15.696154683376866,81.41433981479454,0.6533417201412465,0.7971155164288903,vehicle
0.05,0.1,1.6348142145539237,93.50910534165726,0.5559368719816277,0.2375491316375207,pedestrian
1.4583358380365703,1.6728664489201046,4.885196497549234,72.07011942138631,0.733166801689389,0.828305199451291,vehicle
1.1493576481202197,0.3569770203985335,9.128333988950182,77.70367945147798,0.6884780224103298,0.30740280132733844,cyclist
0.670046594744165,1.9959484392610303,0.0,53.154508029976704,0.8135947637769145,0.5171042987268635,static_obstacle
1.2241246398304426,1.681423248615941,4.896061641525081,52.99787158305358,0.8713130416467629,0.8185910795749816,vehicle
0.05,0.23987977316015996,0.4717717565831008,82.33510627250251,0.5555188027487816,0.2153314563630039,pedestrian
1.0961880023590358,2.2363838696045133,7.919002463595202,9.21452978398483,0.8222932268832416,0.9107912366175811,vehicle
1.2256360579950047,2.352350561645085,5.771639691712181,41.14105906099904,0.7154287714168827,0.7356313951878335,vehicle
1.4309312138572365,2.1055848279802993,13.543208331876155,11.117348257059756,0.8686178230500049,0.8411914111053798,vehicle
0.3438862115411413,0.6832276689999752,13.081410754952124,15.576333109871408,0.8724613299508108,0.498734467460961,motorcycle
0.5870709685725173,0.9891747440636726,0.0,36.41895833814941,0.7687798591912564,0.2544005368078527,static_obstacle
0.5975194017887225,1.024919541225818,0.2430649567518488,17.809637922014684,0.7659042847665541,0.7270605552335226,static_obstacle
1.6480537171096676,1.7767962797499544,10.485092331551757,48.176878383064796,0.7047536565737762,0.7709797127015059,vehicle
1.2962505342633075,1.479782053615278,12.769275376621138,44.48494761016166,0.7090921097583306,0.7392503281641398,vehicle
0.8187837592052427,0.43724497059322276,6.402242758566608,78.98831603334517,0.6322208643889,0.5900230797357575,cyclist
0.9947814287512481,1.5052310837333973,1.094812299541636,31.487463581998878,0.8857881058986689,0.5283248911873195,cow
0.8787030225894749,1.3796662726268987,0.0,46.856288634142274,0.7312037598201092,0.5560852944992012,cow
0.87180442663586,1.2530224145486812,6.354170786451105,67.22621325728208,0.591113366562841,0.796012823587086,vehicle
0.4987323316458978,0.5932301026615897,1.920795466020454,37.83987558924103,0.6016104853523028,0.5102426240366513,cyclist
1.4875169223774516,1.961945632083113,14.521297892821782,10.621506951707776,0.99,0.8217310052468136,vehicle
0.3829586408821384,0.4619629806094353,13.898592506694136,21.81135624056346,0.8259925354398688,0.5992121149780002,motorcycle
1.3594716162895815,0.7145820690415767,0.7685911286089694,63.500858464713446,0.6319659767152714,0.4189029471341615,static_obstacle
0.680157746135237,0.4501941438023501,5.026580979441268,23.0291969400719,0.843812665698192,0.4564744413714795,cyclist
0.05,0.1,4.188394318129852,92.59496000297553,0.4408752057338793,0.2998524926028211,pedestrian
1.238167032088216,1.5787458445674831,0.0,47.666756600705064,0.7815563571515063,0.4570075116338583,static_obstacle
0.32886586582833865,0.22851022252583142,1.3298126459767523,36.874647657752355,0.7141288394165776,0.37338706415267997,pedestrian
1.6030061602452668,1.9236024441835862,14.23050722134785,68.07166003702507,0.7081724561877234,0.8097318455040698,vehicle
0.1024689624976227,0.39844580157698745,0.0,63.48824386284713,0.7377472435868014,0.19879235484507785,pedestrian
1.1122868296808681,2.051746400790845,1.6060697922553664,87.65150167318093,0.7080919027438424,0.4783524753595936,cow
1.3118155304472476,1.9496114582522617,11.483245417693928,86.67131825798158,0.5930349207972642,0.712981009996989,vehicle
0.9970020405171447,1.9350040250388651,3.532313197499867,31.445207488213434,0.8944202065018798,0.99,vehicle
0.6912015623010148,0.8094894397328388,6.420778710889938,51.84482870238089,0.7390788237297434,0.5274970341797858,motorcycle
0.7272386828622983,2.860972199147028,7.891284911341044,83.83735460160703,0.6321626416221351,0.7049302891397655,vehicle
0.4752831714513694,0.6020797484409092,6.000349906083659,18.744150680881784,0.8469749656160324,0.5083874436135183,cyclist
1.3835526485398153,1.7903804356110737,10.466124308121625,36.635277041598805,0.7979029291436303,0.6834941103279233,vehicle
0.05,0.1,0.04142549263722639,69.75258089618782,0.5654217136019791,0.21701048132301543,pedestrian
0.7167364921642405,0.894570654864722,6.552979035880075,16.589238430995252,0.8105060153729785,0.572674696383627,auto_rickshaw
0.1461845976982752,0.4079809718011784,0.0,49.60802026141474,0.7249948409593143,0.4981376490706815,pedestrian
0.665203171809047,0.6278875134806583,7.088266489841481,73.26825615862722,0.6187879194573584,0.5033109287241907,cyclist
0.8116216656298898,0.6744533117279015,0.19503249101702785,18.333318099799737,0.74638938416875,0.5680229674680122,static_obstacle
0.3481744871319795,0.1,0.15409842978879207,91.53295741563673,0.5672094509982729,0.31062688963197305,static_obstacle
0.5802735575122362,1.2606460433933806,0.5193048212755658,40.19939055615352,0.8756377417709562,0.5846452615783503,cow
1.0953991526849185,1.4578644640276972,12.0628211989811,37.13432804749633,0.7131271929920543,0.8184737212739279,vehicle
0.05,0.33982978672689684,0.7096352170583439,84.9674394108135,0.5423521927962333,0.27754528291234987,pedestrian
1.5450390082830696,1.5932286243329323,0.06066448898892858,47.59750271554525,0.8128874505257215,0.45892002909500534,cow
0.4390494335548777,1.502821713849289,3.2809459366304297,77.8360632898836,0.6023171228462838,0.5930417882140677,cyclist
0.7310285413505005,1.155538060775644,7.721224590977779,10.026004370997466,0.8326596673923492,0.4854969159707763,auto_rickshaw
0.6979027739067892,1.2026673525986797,4.80908159702546,9.136857176542414,0.8932712736782743,0.5796818757781415,auto_rickshaw
0.837092225222609,0.1,1.6990035070949308,84.1584940807936,0.6908280165785297,0.3673520318442997,auto_rickshaw
0.5948752474695739,0.3409508557946905,6.342790532845678,39.601898911987554,0.8024879946926121,0.42736038367257606,cyclist
1.3672531426568177,1.922598485724925,11.372520172956543,61.21630341844789,0.7713133697162472,0.6840958729738205,vehicle
0.8715747718355001,1.1998219939879997,5.614519866963841,39.94645579317766,0.7644835414626817,0.6328354523369497,auto_rickshaw
1.1862699525857334,0.6756473990444747,3.5817529658277873,72.29798130761755,0.591552054972874,0.24015219208013475,cyclist
1.874931295639293,1.9906111503068622,16.115735717674752,56.3842153074347,0.7980306243682185,0.8172908107716613,vehicle
0.5435158267260424,1.7139831557982,6.776849691014513,58.60131844086736,0.7751758781365,0.34102631369899344,auto_rickshaw
0.3661414969565653,0.5724870580572853,9.011932491471821,36.320339188386455,0.7113107033700753,0.7163754961268285,motorcycle
0.4888798072265301,0.7805999009936161,4.866441910363467,16.05919477450993,0.7870265054605852,0.6188801863529131,cyclist
0.13749151107184482,0.47606685399050896,0.3562736645836917,67.57503599748024,0.7148960306303418,0.3716642304105099,pedestrian
1.7586551069750913,1.4729481726005327,12.035728903660754,28.15850031701538,0.8046957612111328,0.8667612804236271,vehicle
0.6204123807554133,1.0180831102581416,6.206760341969894,21.33024775245189,0.7930802407579799,0.4912166929110984,auto_rickshaw
0.6384041647572019,0.20300032974767251,7.026721893706938,76.80808860311524,0.5573115196462716,0.6026192648354625,motorcycle
0.9532058246635952,1.4816054491074773,9.242774321356054,25.911702053526884,0.8081538083738061,0.5284863174521914,vehicle
0.05,1.326134720161479,0.0,94.65178784660769,0.5362391736007729,0.13825610331255378,pedestrian
0.4282124004923847,0.668321141660722,8.67582570781458,19.987281839318086,0.8290522322143092,0.34678082660600995,motorcycle
1.5275955254498115,1.824630495766726,13.117148727836131,45.374985995812914,0.7841275487386569,0.777833678342487,vehicle
1.6689419219075705,0.6616095099388254,5.576615564609388,89.0458064632871,0.5171020549137463,0.4617707491516656,cyclist
0.29038441068441123,0.39604504587805506,9.056308372627019,37.62992261211088,0.8044369560416572,0.37207470560054323,motorcycle
0.20121260652099776,0.3279396508397985,1.330894341741357,18.748026316491885,0.7552243169974455,0.34619456350983124,pedestrian
1.5421818116414021,1.1180967763191234,0.8097952518687628,66.40078885882647,0.6764787256424991,0.5009490602309816,static_obstacle
0.05,0.5016462644407012,0.0,69.233740383351,0.619553022020051,0.39737728033157516,pedestrian
1.2669704496410474,2.2618555249309553,9.414194605146385,7.552801488197742,0.8402455596362481,0.7468820090501317,vehicle
0.11423161774381291,1.1252334731998628,6.982532105403061,36.1586066798379,0.8661657722219511,0.4854296556919242,auto_rickshaw
1.706992387860648,1.5770348478881189,13.647526809761635,77.28651575117968,0.6218094822836056,0.7203025078871885,vehicle
0.39649773325946575,0.6907850626659437,5.762725737688208,27.941967947188214,0.650725702011952,0.6051323743237613,unknown
1.4150333553762477,1.2187355867702327,0.0,66.82661935954907,0.5958841260181066,0.49955626340678894,static_obstacle
1.2984371547825793,1.8485926749994714,13.888280187813717,17.99940569785183,0.8310156172808622,0.8218626804079504,vehicle
1.5574974852306966,2.278658168195874,13.938950338421538,23.797831240124395,0.8313143884604843,0.9154234922250192,vehicle
1.147030025705745,2.44174362996664,11.26011522285408,54.2163020870434,0.6987310005386391,0.99,vehicle
1.6608145853565703,0.7558781846381781,25.63211787981548,68.8823278800518,0.5880563191503373,0.7397783748006433,vehicle
0.15170498853665937,0.9098956981242816,1.443961796251799,43.30937550543019,0.7514153235359408,0.28304872745444865,pedestrian
0.9840184485943074,1.280699577618794,11.51877762610835,40.875357137150026,0.786121022860371,0.7346990422510784,vehicle
0.4009160734387444,0.30053849151007955,8.406772186768848,83.56033580617785,0.6224210212626492,0.6182435978455719,cyclist
0.3796656073168544,0.2694390997714866,0.0,67.14859728330501,0.7333589517046497,0.5411266435261234,cow
1.1798298997916643,1.4054499002506597,0.7800417133147706,86.65016833898565,0.6679496992537325,0.3662604511427526,cow
0.9250227312244123,1.6663995387054231,0.0,12.991557963849965,0.7954281713529715,0.7145496271743922,cow
0.05,0.5323685762333492,1.299289147240791,92.25802833481815,0.5375114368485027,0.4522044881654079,pedestrian
1.202134215493723,2.6171434226020005,11.111064066993206,83.74075264412562,0.6247583016543139,0.8068661542028931,vehicle
0.28921410990186913,1.5789073750054514,0.0,47.83958323007096,0.7788655575179413,0.380076425892466,cow
0.9697109705067668,2.114810426925678,1.2071046403733012,90.36516974871246,0.4601389586562843,0.24602792524992181,cyclist
0.20610147289070957,0.5739753544671318,0.07341799129751259,24.913265745051703,0.841432675027557,0.28965299540502987,pedestrian
0.32681103243061776,0.7100625441587454,8.603173580829022,46.39538737929967,0.734771741943334,0.5136191962487231,auto_rickshaw
1.144312901883386,1.8052938200240523,8.888758902272764,76.33473228970244,0.643184762598677,0.3903464354130998,auto_rickshaw
0.5736683795275833,0.6903244777772074,9.015709063564923,15.172452514376541,0.8506270126456604,0.4063137538580158,cyclist
0.25496594457850785,0.38334053319650857,0.916284661602494,5.368778088134226,0.8961454798511862,0.3663426639473753,pedestrian
0.4539057837417232,1.4519564002913916,0.0,55.75700940768987,0.6837002211388465,0.5132169658735064,cow
0.5916961251038735,1.268237850106607,0.0,68.8180980393713,0.6484834173611733,0.547675856787859,static_obstacle
0.4997919813123066,1.5940378145575265,8.181401795314038,45.85005504362136,0.718217010985562,0.58993516266785,auto_rickshaw
0.7162613372384281,1.6235815644684863,0.0,9.963704687898185,0.7792822471999219,0.5370640057491888,cow
0.755825491491364,1.0283876689291522,3.7138204518767077,67.79288258064818,0.663687522416061,0.34073470998088795,auto_rickshaw
0.05,0.8699698844969803,4.028156224494411,74.96250981159655,0.5491613337752971,0.4158400147049566,cyclist
0.4582770762261297,0.31665692769283754,1.8875446489296563,11.30353236787283,0.8901681074845479,0.44024250489687267,pedestrian
1.0609048521981344,0.8773164669688741,1.3673567644422844,55.6027001023723,0.6350727804783409,0.48629839829002114,cow
1.0720051038086038,0.5550281188640105,0.03820566515725207,8.107594139491086,0.9369680908302115,0.5527591037656385,static_obstacle
0.6687728731155771,1.3074444366469473,0.0,24.175099926602233,0.7130587217060235,0.7207940407608572,cow
1.439478508928966,2.5120347930024622,19.631957714660647,11.087582673101688,0.8321076468079333,0.8936399600368886,vehicle
1.6456521895351786,2.1096927957244094,8.342132591302972,92.39442821273195,0.5854937996921934,0.7673937769156863,vehicle
0.38807606692263463,0.48759858834507097,14.378543257310298,34.662195541570576,0.8663264134369011,0.4300418285337536,motorcycle
1.3465226609339869,1.2530211192442127,1.2183288938484436,39.403176558911404,0.7399687227555315,0.7024143900774802,cow
0.28185889834951894,0.5672256926518662,10.281992407922006,18.488157938355027,0.9543253579155888,0.6717196346465047,motorcycle
0.15140310501653598,0.911502898689696,0.0,72.20440167838211,0.7042827452429438,0.4376935944393732,cow
1.0237622820756354,2.316957880174926,0.7081765812019826,80.03049278968847,0.5918268603709806,0.3890242209643045,static_obstacle
1.3600561943141962,1.6462394227402282,0.0,55.778055311008664,0.6551992506079493,0.4359288241020195,cow
0.7759336135255073,0.9735479483229756,9.752745814752513,51.11376741405844,0.7367793203225449,0.423576784352511,motorcycle
0.7956239169896656,0.9589513838098103,0.6740578962981174,67.76599909387262,0.5920610442553944,0.38606119978175235,static_obstacle
0.968300060968081,0.6745768240233085,0.4795671010486264,44.13928797648524,0.6430510341199834,0.6029781871211055,static_obstacle
1.4234130437243857,2.2664648660380617,13.481052012522856,33.203626750458554,0.756448684633048,0.8463989018037934,vehicle
0.6645881743632048,0.1,3.368158960279424,56.052623646867694,0.694061546225403,0.35665127951946796,cyclist
0.7141763921487273,1.1257089972064227,2.112880906917707,55.84212724356573,0.8424012602267941,0.2433338763897852,cow
0.8967233592382631,1.9006249426633555,13.582915769424122,85.33981405312454,0.632202444381255,0.765884211302296,vehicle
1.6240454613789674,0.7352979291529578,9.782355732318917,68.94625730306028,0.5448205811987374,0.6395399016556729,vehicle
1.3792615190945434,1.2531513182296867,6.132899075965199,27.505194335536835,0.8350863983643421,0.8178797236693375,vehicle
0.8980607610187794,3.219745731750114,16.709909960031684,74.4427949101724,0.6540889294747492,0.6724814590414019,vehicle
1.3705490337437958,2.6206536165181538,17.193446448795033,59.93243148108865,0.7066707736707437,0.7082932592639107,vehicle
1.4431250687095936,2.612448888072997,8.559293950157247,42.57690883813148,0.7198823812759583,0.7309893980447822,vehicle
0.8388167317914461,0.1,6.767102787435344,92.50104791803346,0.5634194399626647,0.47882534794996146,motorcycle
0.7801033609435739,1.1637913665353905,8.21708743414867,52.751431074610956,0.7191775477084764,0.5696667211486731,cyclist
0.7490071064674618,2.4860432011197937,14.663799242922293,83.12795866742768,0.6951128000977579,0.6738879397443535,vehicle
0.3874159647000768,0.4613595910447009,1.2409776249126792,14.901201301090072,0.8029171354137,0.27902416590829715,pedestrian
0.6675938363936106,1.3480216596545336,0.23237613818646696,29.652578163137555,0.7694324984623676,0.505820360626832,cow
0.8349969370737602,2.0985231833440716,9.112137040005306,70.00807831371007,0.6435125879414344,0.8046342775718179,vehicle
0.8610895003427885,1.0578863810087407,2.3445067134029083,10.746973525330294,0.802137898780846,0.4902828393346634,auto_rickshaw
0.3430833862794716,1.787444394690732,4.101711988645083,82.18082817320501,0.6671683581806743,0.4950867236495627,cow
0.5655007950545285,0.676468780287959,6.491105212366887,24.549894961573393,0.7758122364849438,0.4199495906535228,auto_rickshaw
1.7863423870384076,2.2372630042515342,9.452133624010049,68.09494678462679,0.7254781389433935,0.7644831414649395,vehicle
0.9788502382732135,1.7179269310573972,0.0,53.78289085821958,0.8987132881920088,0.49240449964035415,cow
1.2304728625909385,1.984575338999038,19.230308396065638,49.5667674282276,0.8414266158798188,0.8343502326219323,vehicle
0.05,0.1,12.468556409272226,78.35351144741354,0.632427831243981,0.20886003223961036,motorcycle
0.4730855089032125,0.5362467450131339,0.0,89.58131686212822,0.5093375394918723,0.406741178183176,static_obstacle
1.2522800908892977,1.8330527277079516,18.528717674968647,31.530053952969546,0.8497218972613105,0.8443570473765175,vehicle
1.273734245281254,2.4137846698969154,13.84125909446544,36.62413725875113,0.7838953292593067,0.7466219741249475,vehicle
1.267521569140349,2.497752447550446,21.12126239875116,41.73633659706,0.7876013514742325,0.8168337494332659,vehicle
1.2294917051499168,0.9422564939984213,0.0,93.81116657440816,0.5416451344059611,0.37347970400476177,cow
0.6160380118296988,2.6396859157997485,10.13628246606013,91.04978015133071,0.7489298480639209,0.6905864292774988,vehicle
0.8809607932563784,1.0312262282993316,0.0,23.06119370945738,0.7784055146080304,0.7532403031759821,static_obstacle
1.298440322589542,2.2026229932677035,11.65632482643265,54.481880066514364,0.7406344005256007,0.753443491292485,vehicle
0.929927968440003,1.1073461537186569,0.9619478713985549,45.97777771116475,0.8348097865059996,0.60398611648255,cow
0.6741302008847146,1.1943839111702679,3.88889784421362,6.513768825373445,0.8639341308485364,0.40182969163073534,auto_rickshaw
0.3200747892494871,1.094292655293986,0.7231103698541306,79.17132504528938,0.5317032824065439,0.4803549603644836,auto_rickshaw
0.6261854690462781,1.6212397023038883,0.0,39.748850759857184,0.8335117690896191,0.6690197771669447,cow
1.6068683139984077,1.748198742004972,16.1505730099539,13.014867305182026,0.9177520261317033,0.7908635099031571,vehicle
0.05,0.601742640369332,0.525364102802006,75.79344356284984,0.5363523847211847,0.32104806998382407,pedestrian
0.9566826647649944,0.4604140657008183,1.0983414229596862,27.229917170481766,0.9071313750537854,0.6681724364386468,cow
0.9943422011549642,1.525679940479094,16.919879318630542,60.44402140513733,0.5762160587847598,0.8272803504686989,vehicle
1.4977842605500444,1.7849495582669028,15.325314723742938,19.66561451828081,0.9105806999549992,0.8756524879878453,vehicle
0.44716571708086894,0.2500296467505208,1.9566433914675834,15.26110800817268,0.8408606643213106,0.3143087001090305,pedestrian
1.0093477348965736,2.285895491954554,7.6352941767417875,36.472297847765425,0.7723385547577751,0.99,vehicle
0.7162288254484201,0.1,3.9021938012108315,70.56229243471222,0.6037058676905214,0.3570007920355949,pedestrian
0.7208184798717774,0.3313479306324856,13.800773553974103,53.24072962119785,0.6801365635998277,0.33794913765685697,motorcycle
1.2168459448880329,1.5752094718576484,7.609844829951388,43.63080019822795,0.7436157953924138,0.6877589354694562,vehicle
1.0074806530594218,1.1371415723124287,0.32005311254437485,12.266346056001224,0.8960046346008226,0.6411958087574058,static_obstacle
0.38415686358013146,0.34503121962954375,1.4239024738533317,19.54608178134985,0.6639366813054042,0.38028202650411097,pedestrian
0.8508982800551982,1.5125894561165045,0.05222472696524741,14.243237534392696,0.8321279090306435,0.5181060049964942,cow
1.6206970100640354,1.6634776120492876,7.861079665990541,65.37411480196272,0.7106990613788116,0.6973080756066193,vehicle
0.16604841759168834,1.2711392342875398,11.095279185153425,69.18727355249005,0.6484314449974645,0.6283941824913223,motorcycle
0.3847552895994801,0.3075093378176058,6.855233375928954,23.983533716061928,0.7733211177585227,0.5279024028039367,motorcycle
1.2652725511860488,1.233079190725921,18.29575935728243,90.3768801225275,0.6088662268279694,0.769642912544433,vehicle
0.3109474323875904,0.6522428448640395,4.98914459530538,26.552119766725422,0.7225581839395068,0.6080481083061174,motorcycle
0.644756275307429,0.51900327928407,2.3180809778448572,33.63779549346405,0.5230613430408527,0.32051077326410127,unknown
0.5960487911628253,1.0072486582528006,7.463037789653026,17.9373857526257,0.74763489287604,0.5326213294165052,auto_rickshaw
0.053279685179099756,1.454317208465883,3.171996083953492,82.16277549440281,0.576953215732402,0.298828583410428,auto_rickshaw
1.1506528168558083,2.257916507598583,14.25184069662679,32.068721563702795,0.7768782632208059,0.8571871735829497,vehicle
0.6949812684865517,1.159251220267288,0.0,58.23721440240465,0.6472862898888319,0.5845054145913153,static_obstacle
0.4679499035652215,0.35580419867645163,0.13709165525792422,55.74128357685216,0.7854059641660491,0.2623084246757857,pedestrian
0.6042680976058402,0.8146400141330753,2.2135919945765634,50.16270081786197,0.7639385710590383,0.39160927951523317,pedestrian
0.10590385405789488,1.5613524764707314,12.305313077987316,64.33891230167737,0.2675992790421914,0.4866208612489557,unknown
0.7732840103722474,1.9809256433278202,14.418305886136165,50.653864547442076,0.8201657509475859,0.9289671473244385,vehicle
0.3840755229026823,1.9674212568084017,0.6294678950243828,66.39097086768433,0.5838405452983196,0.4677759438036089,cow
0.41233037517306226,0.1,5.862570352012688,80.32073630151856,0.6642217093634377,0.36835855984034144,auto_rickshaw
0.7326044072606778,1.0667120916610373,7.096604669366537,6.186613396887958,0.8798727622467827,0.669444254048094,auto_rickshaw
0.3238598726493436,1.0633362238243955,10.819256953042627,8.996345531574391,0.3616781460656584,0.4562670767384064,unknown
1.3382928629580655,1.877971922332924,8.965074288142919,9.603596683479445,0.9208469161208812,0.9183622799128466,vehicle
0.34731694700130755,0.14712610368785362,3.289978713455211,40.6313267418123,0.7702224998543712,0.4468070010604289,pedestrian
1.4202848419974021,2.1641563769006273,16.492005498854493,94.45243964723622,0.6108511928601048,0.6701461236614455,vehicle
0.2379195822357139,0.10530705122210177,1.2755698683650534,30.62065203863242,0.8616390007484682,0.5541718982596675,pedestrian
0.1681747523678263,0.49659707777800766,0.9161000872861966,13.75271234683659,0.8278130707848059,0.5674742235609376,pedestrian
0.9286920760863607,2.356066145100953,11.970889655366939,38.46530402681671,0.8197175408133615,0.9150030400631571,vehicle
0.6819050216931967,0.873199074403728,2.5689147969157915,24.262723225475106,0.8450669142809141,0.47733425530659357,auto_rickshaw
0.3171198086291252,0.8804691222281801,1.6187719195079544,86.29402036382557,0.6750086487274878,0.45083108393076676,static_obstacle
1.1656109367939482,2.8455604194372865,8.146796927024178,44.980716948818596,0.794806497989934,0.7784805185214094,vehicle
0.8321901555571305,1.484590158169085,0.0,38.351937266688054,0.7798070099871556,0.6766531737755055,cow
1.3451086794503015,1.5814249556798834,9.294846405644055,9.963028442712435,0.881495626794945,0.710152274914478,vehicle
0.6608532442616324,0.1,2.143827845254623,57.482221771339155,0.6735589441704762,0.26050227394210135,pedestrian
1.278702078620998,1.4328077339363956,0.3492579609630583,31.612669054709876,0.8664043166749791,0.3530719510780631,cow
0.8167567405109191,1.6192459665293437,0.0,72.30992762017152,0.5981554996671203,0.5098207342676548,static_obstacle
1.249714470472752,1.634948402359677,0.0,77.86261504072348,0.5814315157997404,0.4657432864505342,cow
0.10613350618529718,0.26977665495891473,0.7113640568095362,13.396601746847608,0.9229694323928094,0.44527943328194874,pedestrian
0.9309549358520904,1.5483029362632557,6.4138225881901425,36.96381086270974,0.8673940598226189,0.44469527071349885,auto_rickshaw
0.37603199710255963,0.1,1.9962358307523485,76.70413324113186,0.685366320574793,0.5163645060478561,static_obstacle
0.6829327153466339,1.2882086719182244,0.0,11.064117421607696,0.826474720190937,0.6785519969359805,static_obstacle
0.6911099709019498,0.9566300195729092,0.3291596916508311,40.84771991835774,0.7982423571187435,0.5824044154901556,static_obstacle
0.6657914381239692,1.3712360735011908,5.585996856936926,74.14195729763904,0.5462283283551439,0.547018518105649,auto_rickshaw
0.9654950166387701,0.8754050684746949,0.21171233983359006,43.92458346603723,0.7377075452263848,0.5933096073440026,static_obstacle
0.9670664015095984,0.6866257020557904,0.0,44.176981265307354,0.8161547763254844,0.39313331511565613,static_obstacle
1.3537052847703595,0.6336805571309123,2.570220838405679,8.404826463973457,0.5460708204851066,0.42341134560964355,unknown
0.23426166000720872,1.3154587140578045,1.1159146792188672,60.06811992997425,0.729774523270123,0.43939269964675565,cow
1.048770482300472,1.441553960937369,12.106326861487908,72.82548192881902,0.6431067009994532,0.6348276138673231,vehicle
0.8883505317249368,1.4972120371940894,0.2660671304412003,20.360804141011226,0.9063252189971988,0.5321748563241813,cow
0.9317466112951992,2.3377283992553766,8.97680893184431,38.66825695592732,0.8122907602014183,0.830468138255185,vehicle
0.9450200426946789,2.4527667387621124,14.454011685347169,72.63951708582228,0.7067398860311379,0.9246271553196521,vehicle
0.5766731659474809,0.9043891795147474,0.0,84.52327878068039,0.64526249587727,0.30553793583836053,static_obstacle
0.22786153572335194,0.1,5.447090392474558,94.28302861400738,0.5784658447188659,0.5580675210457561,motorcycle
0.2996574875905925,0.5842905345500592,8.885496106226292,39.629089105784736,0.6270356788607228,0.7086569863656874,motorcycle
0.8309254546272027,1.6681990647585436,13.387345778424683,18.013333816448093,0.9110286582532975,0.9090091317656364,vehicle
0.05,0.21210406804647747,7.432264995087921,91.91785771195369,0.4951912042945559,0.22850571392064709,cyclist
1.2221475620768971,1.9792881777419469,13.083718955080174,34.237969820395634,0.7625888919941805,0.8984098797184232,vehicle
1.4130758057451025,1.4941388785836707,3.321191148927768,10.938834981470908,0.4456218670353201,0.5104952838444909,unknown
1.8243870829602942,2.271439406741345,4.169823646227487,35.136815691783035,0.48278725623781094,0.5408347815418364,unknown
0.7440932331449794,1.2243131772641218,0.0,57.65508192541693,0.7044766930076093,0.4847794028573463,static_obstacle
0.5568435143426855,1.4548868295753266,7.715054103044671,44.16953082573138,0.8535212773093723,0.4310203319524286,auto_rickshaw
0.9810200753292189,1.3383447867224012,1.0513196774608915,31.00905010485895,0.8234474503776045,0.5416030128910376,cow
0.4169775850452869,0.8839461376734395,0.0,72.48842044148655,0.7004340187069454,0.33950246825799774,static_obstacle
0.05,0.9172196600692321,2.464917907220065,70.11231559812987,0.555609156252614,0.17774834471251427,pedestrian
0.29971798974964436,0.6251669408725722,4.809915552414652,25.183852407309466,0.894205210529374,0.7042809730444792,cyclist
0.4034103727046858,1.9663836990449188,1.0853249259201383,51.12433079531014,0.8315944191683363,0.4260448005914912,cow
0.6380748709905771,1.169867110249621,0.30299314295308616,17.685034469826302,0.7582967210363634,0.6658302881155218,cow
1.379195960273951,2.911707813905708,7.522586568272431,42.39130164418996,0.8422278286961979,0.9619809756165262,vehicle
0.3566835069919334,0.5051261295825374,13.72604157032522,5.745409215135622,0.8232685332579625,0.5725173316994068,motorcycle
1.6127517232405981,2.1287551972425196,12.2416759989479,41.366745219150154,0.7327265211230883,0.7962102277473141,vehicle
0.8091057872163229,1.1481321886798785,9.857133180871982,31.54003950806158,0.743764401390063,0.6742920172122903,cyclist
1.270076657602311,1.6512290773650946,1.2724339373437543,94.49392097460068,0.6304125286176003,0.3707204432742347,cow
0.9458132698102389,0.881247470595877,0.24895359992888982,62.402113621486784,0.7585356760842892,0.43164185334362504,cow
0.1609037557409309,1.15946714477028,1.0167182154324856,31.817822669812845,0.8275551990932553,0.5486792328252945,static_obstacle
1.2149141665332286,1.4173508300313733,9.867913741364589,59.897713326444006,0.8028888794211467,0.843955397931705,vehicle
0.25040185709621565,1.758519240418818,9.819992875629609,68.49054730357491,0.7124041428738243,0.8014076872475064,vehicle
1.1884497263265503,1.1768989787459654,1.5175009507333468,58.044106554188495,0.6498366652524122,0.3905247024325188,static_obstacle
0.6261086112494084,0.7950547077233627,0.0,64.91351828740476,0.7881583681130107,0.39424786502337705,static_obstacle
0.35171187214017113,1.9034451939687655,5.69565256656288,47.26813110297836,0.7594345635137231,0.8352548655418941,vehicle
0.9493466672787434,0.762591789511248,0.0,76.28820312610482,0.6365686236906022,0.45457750169308647,cow
0.5924563541910587,0.5960667542224676,3.056825960633914,35.05288371804068,0.7165243170551153,0.5448749262318815,cyclist
1.3460666018896326,1.739610766390922,3.3441523481244277,83.93489810782881,0.6704844460859843,0.5715005923011449,cow
0.8623498502726693,1.2256974272245666,3.8954034623908775,15.39755778580693,0.9187870915047708,0.5574376564388004,auto_rickshaw
1.3390969104435555,1.1223164098789247,11.878980248736845,54.343000746155894,0.6652703258311666,0.8574513469189632,vehicle
0.2952308175416951,0.2698125479150916,1.8537232063319458,12.25513478003387,0.8544033537964104,0.260577480160413,pedestrian
0.3517379489048768,1.5035317230244036,3.002334060543208,29.484498015980733,0.8219507249725588,0.40690776134288875,auto_rickshaw
1.080998155972905,0.9878416584307039,1.46369984745529,37.778500110845414,0.6537021532759357,0.44622164504695494,static_obstacle
0.9909554626911259,1.1402148101226395,0.0,20.16076570810097,0.7398029812447356,0.6348223010776488,cow
0.743605486849272,0.7698545943900459,7.217732889664974,62.46628707603132,0.6387161656044024,0.4131889050011663,auto_rickshaw
0.48432454686374493,0.977881719429957,4.730597625793429,14.44852052982531,0.8705673004108071,0.5682215636189353,auto_rickshaw
0.1621876993781671,0.6514995508660077,10.335070474062864,38.358439579439256,0.6810493165356903,0.49118646118171494,motorcycle
0.5621969124444259,0.6177470773794044,6.803672261365215,56.38379707764266,0.6530568487978572,0.4972531349142919,cyclist
0.6960938540769126,1.448039247829216,1.5692234233095874,57.00106077371626,0.5678812614675687,0.2978097259149553,cyclist
0.7330559667055712,2.0935009760792487,20.62252700662283,60.74346206702918,0.6711174734214821,0.7701807728696372,vehicle
0.8411595080409539,2.2151926821827277,12.531169144737673,58.03247751616415,0.7428829392330892,0.8060072833203539,vehicle
1.3419599502637418,1.4174734499486654,0.0,65.94065027337372,0.760648962339059,0.4213506585724375,static_obstacle
1.8189857644237595,1.7279023793551833,12.091451804584933,70.04203051881477,0.743673469855401,0.7669212612907743,vehicle
0.11215423396006302,0.45171986728237534,10.003684435762795,69.14226096482702,0.7263825250557466,0.47043027886258765,motorcycle
1.133584489839527,1.1516943299182054,0.0,63.65447938237698,0.7161694418114177,0.41011566572017444,static_obstacle
0.6135563099791828,0.91439862272907,0.37859335155796103,18.35353995407699,0.7787830446690849,0.5456752820506844,static_obstacle
1.2168337567291427,2.2859760775539852,2.0731467950120557,34.40653972196989,0.8080414951835856,0.7410345865540877,vehicle
0.3518050833561074,0.5143170800307734,1.6130458646943047,27.109495092085734,0.7706968369578702,0.3808531383397855,pedestrian
0.861744315477731,0.4312760388341741,1.2630143484016016,78.04286849486716,0.5422501943405814,0.2074629993188484,pedestrian
1.6293688376336946,2.106276538946636,19.17415780851906,60.24432696633252,0.7760072113558893,0.6948505857293401,vehicle
0.30955620204285933,0.4374722430286006,0.6332208402333586,20.881100566260933,0.7382501691073178,0.41313764863403196,pedestrian
1.1436777055684144,1.1989647664300953,0.0,61.07394219296566,0.7145805518918434,0.5337570602482546,static_obstacle
0.553008076462741,0.5858398153301684,14.122937842444376,15.494291334102286,0.8095061643074295,0.6714842768999967,motorcycle
0.2538770629677261,0.4799696517984975,10.645463416745415,10.844380039680331,0.961323903901632,0.558666477286029,motorcycle
1.0095196407194358,1.5650812328961767,1.1831073396577974,55.38666711768069,0.7601040191582833,0.39909687616776196,cow
1.2070620738357611,0.6016911768271502,12.26170067712762,81.6587466973934,0.6960761284720243,0.8940395643102779,vehicle
1.169550639332063,1.399310125213931,5.007914022017287,81.4992682424954,0.6450250111814251,0.5598017896059562,auto_rickshaw
0.18299905781166892,0.27934859192919576,2.3233131827454545,92.98133964964403,0.47089100424735153,0.4342919068734259,motorcycle
1.1113264853418534,1.787039395291166,14.63844594134669,12.477916255486875,0.99,0.6894754596270787,vehicle
1.4201229642542426,1.1032476009198757,0.7070912957025459,20.842110341301453,0.8200508044741256,0.7001388149871614,cow
1.8829109132440554,0.5407499582551097,16.15102098860231,83.86206884774234,0.6313210991689834,0.7600059001666585,vehicle
0.5814185940470515,1.6365212069650485,7.184261089572175,85.45463611759966,0.524803191010432,0.45934893704307495,auto_rickshaw
0.562036139996348,2.523475222792741,7.892371088878179,91.38480303567736,0.27273954358123914,0.3836631927375454,unknown
0.21569549942574717,0.45550915570309447,0.0,60.520474183227684,0.6896188387743604,0.3090867598683462,pedestrian
0.7981821808382761,0.8917801796424712,15.53793729688024,26.329174755947644,0.7596620202566404,0.6555711751270343,motorcycle
1.1843557605557307,0.14759621035381354,0.0,71.17369667778013,0.5963665376767411,0.27730345483957364,static_obstacle
0.4895413071827554,1.864399110779318,8.829316585684701,83.70715870770206,0.40709314593345763,0.4772635009627152,unknown
0.5158312330637301,0.6847104185036254,4.940448124896594,25.490105507253965,0.7192889617832026,0.5504113828706741,cyclist
1.393090798119142,0.6523661962164115,6.05285585005985,57.14831470873013,0.7977812188840661,0.4034901017503867,auto_rickshaw
0.05,0.8894150635932059,0.0,61.28515671128879,0.7354433163923966,0.33912500509284327,pedestrian
0.27104533326872227,1.3877555890345805,12.826866521684401,62.690206133880054,0.6719187600192309,0.8913389743451656,vehicle
0.05,0.6267304562590628,2.0664045678218375,31.252900558794078,0.7370143441628527,0.48485237241822143,pedestrian
1.863585910833414,1.937604366150383,7.734485867221839,74.81629637134516,0.4548209278469621,0.3848051459282691,unknown
0.6229587381237756,1.3346133765994914,5.396165716917934,48.66054979473482,0.7736704513137073,0.4229814227073455,auto_rickshaw
1.1071512808389334,0.2253968533936832,1.9691112265926174,76.59089529765707,0.6375151967969828,0.4057081306958432,auto_rickshaw
0.666286670399477,0.10478187549788331,3.883698194136928,79.99435842721256,0.6997197523746106,0.3880583240859023,motorcycle
0.23510883835782193,0.36263687213576856,1.064003713953993,8.136209911186084,0.7700747374924607,0.42092473408355463,pedestrian
1.0458034877768223,1.3769085112629793,11.27990093700757,70.39648542037816,0.7094510452484757,0.6668313213180814,vehicle
0.05,0.4015957268280952,2.13908587201295,24.235861847998443,0.7113667998775112,0.3112123399535519,pedestrian
0.8622141133191998,1.0379189224744625,9.964758503121097,32.5093942316956,0.8849915421609063,0.6945720147075928,vehicle
1.6628380158995477,1.3744534234493493,18.74807563122305,78.18785718215537,0.6262045167453187,0.7858779039296574,vehicle
1.1430386602793268,0.23623182794593134,3.775637451840529,76.66984148664032,0.7401657152393865,0.45879472597971444,cyclist
1.6774623607382457,1.8168573601842342,11.441880925275322,93.0646937347289,0.5569251401841436,0.6386704033541024,vehicle
0.19202250857430453,0.26010834425536394,0.7233587323003815,30.285749967916068,0.858389939553944,0.441499359922309,pedestrian
1.023611362989563,0.8441170532609923,11.664892382028688,75.08694620815362,0.5681548403940517,0.6266939014218627,vehicle
0.18286273915956588,0.4163355398643604,0.3170716157948573,12.037152217367648,0.823749462242132,0.5043343988609394,pedestrian
0.35996039295496285,0.9259750228484009,3.7743323145890018,83.09330003586781,0.39189562195729444,0.399059299391073,unknown
0.39700445252800326,1.5688242399625227,0.7432408211759477,29.85793773333068,0.6703322053747272,0.5962887668315,cow
0.10686680736093773,0.5457732871189668,9.24517248938671,29.600573641723432,0.7701494608444777,0.47826202942936374,motorcycle
1.51354040005675,1.4618281343500537,14.197241097126753,90.29335139805262,0.5961029170296805,0.6941484601162996,vehicle
1.236464458468163,2.4009754443601072,18.86325995609522,27.315642643998483,0.7514524140318092,0.7581055671125729,vehicle
0.5608926165035415,1.4852405485524818,10.472547992147602,89.25417333112505,0.5859972278363136,0.5652326244906158,auto_rickshaw
1.3646996217464804,2.3605301537319248,8.585295761254123,21.022933449225572,0.8928396930228277,0.9006557015499848,vehicle
1.5517101615838902,1.5143435251395916,15.91607485151526,83.28871820826099,0.5943561259427729,0.818933583942536,vehicle
0.0955879011915034,2.315743737856684,18.43989104781277,36.165644531297154,0.8639280885416718,0.9493506361784901,vehicle
0.8300138169704101,1.2169946997187733,0.0,83.4954901922014,0.6153075251133102,0.20441364665868972,pedestrian
1.0154198990971244,2.1864021044035566,14.813850973215688,35.87998748920037,0.9068675141109693,0.7670944884854999,vehicle
1.3868177968700701,2.603963312365108,7.259912824233803,50.00813803554003,0.7875336870599422,0.6161518751321464,vehicle
0.7272112581213825,1.436657029890392,1.0456561410203957,35.36125253877315,0.85678190397859,0.40335898008747506,cow
0.05,0.39217217777202124,0.6492328092550603,38.58771638362194,0.6563599540791806,0.3650520561319914,pedestrian
1.2277771852773047,1.82333776697727,18.911943164455653,10.835908668405336,0.7281803148443982,0.8612605948009857,vehicle
0.7941660651366853,0.1,4.033578576853376,74.13998213016924,0.5707908570900432,0.5424810557970168,auto_rickshaw
0.15887041585784933,0.127989799944307,0.004333953574856331,60.25956232063578,0.7700813479426659,0.2443169684195698,pedestrian
0.6005775214246016,2.7211436154729927,6.9589008855815555,80.4841232722859,0.5405993210413026,0.8760615803918522,vehicle
0.4951961969345057,0.9996452114840182,3.1670540335497623,43.90167034465075,0.742359191466083,0.42790925859838147,auto_rickshaw
1.1394506428665097,1.97922381049145,9.80121290810444,30.781161298067975,0.747566595385386,0.99,vehicle
0.05,0.1,0.0,64.00799734925523,0.6426614870573784,0.3814123952173025,pedestrian
0.37274587924341246,0.8131203321501345,8.925655599911863,55.201978025208,0.6811207236137636,0.4915072698797528,cyclist
1.5609807966293665,2.2681631289525264,16.44928844904852,20.951849959211973,0.7576230938878659,0.9391102075084566,vehicle
1.1282055747503592,0.1,0.5895734681424091,62.55158768252753,0.7110224532704199,0.7335386536502577,static_obstacle
0.2931627878793385,0.9114679120313058,7.491291696155826,33.7767468366582,0.7782046306368049,0.5094248795253319,auto_rickshaw
1.003898760446272,0.5204263602197159,2.6072825053921136,91.29571045474377,0.45870896303448216,0.2451008582416453,pedestrian
0.4930553863197896,0.7696722265172115,0.0,52.24527951538052,0.5944091244491315,0.4329490214514128,static_obstacle
0.6347487989085063,1.140969556748131,6.308228732818626,81.12614450966228,0.4901369239948834,0.4898905790905382,cyclist
0.5026744059338898,0.19065373844527383,4.208667683498631,45.41036536467578,0.6392931008908347,0.23501117320102993,pedestrian
1.169391021881257,0.1,1.9863349407920283,79.07842321543737,0.6949101406349287,0.5461873642233064,static_obstacle
1.3319557529680923,1.4206412318078097,15.790295125208237,55.53613454630007,0.7644262850895422,0.6552705811895417,vehicle
1.0923591105307708,0.1,2.8784977935370986,91.40789792383292,0.6670063696570677,0.4325785489105006,cyclist
0.4146138377030879,0.4672499975204667,2.0839256927560488,37.09924750268852,0.7934231859745735,0.12649701550070155,pedestrian
0.23568017721692658,0.9568892131955755,7.782029681252798,45.95101280909326,0.6042415614195451,0.629069155863948,cyclist
1.0434534919346972,2.337811692850796,8.052119861207744,19.61932550548845,0.810718079918842,0.8081710921027175,vehicle
0.5569180794956683,0.994480912309115,6.172541474867755,30.079593766449147,0.7809383991513381,0.5561085571562526,auto_rickshaw
0.05,0.6268028990811361,1.6855884628991942,57.64271266803583,0.7173650845431969,0.26364964749950875,pedestrian
1.3254288709766446,2.443614336377591,11.86718272960717,21.25656819121189,0.7647712856418017,0.9137890281081079,vehicle
0.5048309279312805,0.5788913323987509,6.449124393523128,11.372411833573121,0.8354130118587983,0.7583749000733419,cyclist
0.6668768262379409,0.7086476153151883,2.5808516220124367,93.02988077149625,0.6281024639989641,0.3952526056601584,cow
0.7688944340177597,1.3178134421619168,0.0,33.94756177344903,0.6608976993948158,0.5757726299707062,static_obstacle
1.208766439945461,1.099512907771468,0.06440414593793335,7.625882323795096,0.9479180740843941,0.4427439486777909,cow
0.3002337902222701,1.378314266584331,5.787893357856467,76.00683636316765,0.6812531295830278,0.20981042680081083,auto_rickshaw
0.6360147497061459,0.9592729100779507,6.49221609619042,23.88662405542548,0.8537860795250061,0.7303130540471856,auto_rickshaw
1.3021107150572875,1.648166156207267,11.073717714241733,91.9709696896135,0.6394637595917246,0.6780083893502518,vehicle
0.4929123665959798,0.6652018960666151,4.919236267963774,5.715507459806024,0.8851979683517439,0.4855287707093628,cyclist
0.5906667251416681,0.993670215976161,6.39996555217588,35.95810883661379,0.7068752119150676,0.5465254944509639,auto_rickshaw
1.1534976191768342,2.072654261982944,14.02465046992472,34.4704669087103,0.48954957189321185,0.6552889801625725,unknown
0.7798076005832957,0.1,13.661341144008764,84.39088744496333,0.6829394226679518,0.4855794239864475,motorcycle
0.9891698480002967,1.9510489230205832,3.9358748865661535,8.832583588445132,0.8746062670632594,0.7800320413201276,vehicle
1.4531921560594165,1.808074245503736,9.676035070388599,65.63668815994808,0.5868463352222926,0.6324557845898519,vehicle
0.46280038772424736,0.45475732698061916,4.964139765855487,36.80628509361019,0.7252213745618284,0.6213541757043435,cyclist
0.35949561979626987,2.2746799203828445,0.0,76.29074444228308,0.5491565251744889,0.5283132427645021,cow
0.17013873630291443,0.1,1.6308422247573473,83.3484490055423,0.6124714267962654,0.4505166087594266,cyclist
1.1419732794122888,0.7440924759820241,9.106757620319119,64.48406079202607,0.5430525850661739,0.5109922138240796,cyclist
0.9328188109195251,1.4096549809571786,7.70733626357052,27.693372065497847,0.7490609843673695,0.5653582040069588,auto_rickshaw
1.141922709911822,1.908937826297028,15.781019499808703,44.311335174735916,0.7529560632952622,0.757237064546851,vehicle
1.1411199660689704,0.9766075742930274,1.718170464286578,46.295204671628916,0.8362352315063857,0.49187847699149334,auto_rickshaw
1.3714294490945063,2.0340846798520946,13.80893022741777,57.153534822826835,0.7470698119452098,0.747611027888269,vehicle
0.8383314993951251,2.4275247069137196,6.823378983462822,40.928294509116185,0.7408506579620644,0.7241794764937615,vehicle
0.49431941119458545,0.692480824624056,4.334397709147018,15.453865233216268,0.7389577778171691,0.5734281510048309,cyclist
0.9333164759677248,1.2545386215877796,0.1609768110407889,8.215738239816696,0.8880905598027368,0.4265854885294134,cow
0.05,0.6798342001151187,0.9948612856337656,29.713484419699874,0.8096798808191126,0.4676137764164968,pedestrian
1.1293614270975278,1.8683789673389513,16.44368753087277,87.51485771262219,0.6358230658573295,0.7260698688670557,vehicle
0.513339949594889,0.7635980912610498,8.337958592979,79.86386498014862,0.716346431815985,0.5992783469246786,motorcycle
0.16397324680185277,1.0093919466581716,8.778197984213078,58.69722648934607,0.7507572681196616,0.6288396687880526,vehicle
0.5086769397590241,0.8683667141206771,0.0,13.191297381509962,0.9269635252569068,0.5085368034955169,static_obstacle
1.7741944507696576,1.5350334605446885,1.8955871938455917,56.378788937140634,0.6727358646950916,0.4513888298334424,static_obstacle
0.0914461026123582,0.32665278154714245,0.0,63.27846900765516,0.5256681465199252,0.38533437944946114,cyclist
0.8440319662381055,1.4674994340083696,1.8048528261319607,57.31253023138357,0.676593769939124,0.5832862794928566,static_obstacle
1.037364473131587,1.6047611322424726,16.7340319388656,59.20132170529933,0.7546252223955503,0.7913524797199223,vehicle
1.023000861864236,0.5819467482701168,0.0,47.35576585944364,0.8009035544368881,0.3988165365567841,static_obstacle
1.327281085909633,2.0489300791749816,19.226687287563557,18.776215479313645,0.8095529867981612,0.8524154916621993,vehicle
0.36322369115561354,1.8243254655030101,0.2774150493395329,62.22549820536545,0.7115840656216853,0.3574044267267033,cow
0.6284755336387261,0.18204438216266183,1.7633421666940927,38.0944868124597,0.7733525308672493,0.3081983624959164,pedestrian
1.4944535049891952,1.6230827100533216,2.462607873145105,62.36930627668684,0.7012325851543704,0.5362883990271875,static_obstacle
1.4130692660154394,1.9993949898960772,3.9782670399518207,48.77624509566886,0.6824609536117502,0.7776168499724274,vehicle
1.679214968048817,1.7854617855981307,15.58923170272217,62.454207858825185,0.6918809337879055,0.6916509326284147,vehicle
1.1906167747861238,1.913110571985138,14.788726455606735,6.399702305292884,0.8807135643665105,0.7975534946657408,vehicle
0.6273424296887594,2.285849961103419,14.425381356027083,40.715154647578885,0.8547580624986815,0.6898532136811395,vehicle
0.9009120352240876,0.6189080012085462,9.728678005038393,52.58703748692975,0.6787527758265238,0.5230967798675727,auto_rickshaw
0.8653151320589945,1.8481538956401893,18.25926287412554,93.49286214370522,0.5641936692428469,0.6002122946232072,vehicle
0.4147585807075484,0.9338154882841304,9.520916032108362,27.7704685678892,0.7570690664133538,0.3603233310171506,motorcycle
0.29419560228917957,0.5893474044957955,7.529211874452555,29.311322709576384,0.8604065767296757,0.5595195265869757,motorcycle
0.3005435081900058,1.2233951188714145,0.0,58.98613704237243,0.6411412667127829,0.37251972707838876,static_obstacle
0.34768141132825736,0.496043760709921,2.1721972526641307,30.478453903147283,0.7975603195302394,0.550980285841499,pedestrian
1.143803478769169,1.5876487101820085,12.79534379092597,29.87753421239902,0.7566130976635895,0.9243935266036131,vehicle
0.2374652924732047,0.9907727247634062,8.200603669901211,89.75281310784544,0.5582830501457895,0.43897509342287583,auto_rickshaw
1.2006821065224196,2.561041429173408,15.802512678878468,22.774615222665687,0.8964824675966728,0.99,vehicle
0.35154380566682064,0.30749236693168014,1.842324393331114,42.99630751764137,0.8613969361786267,0.3215452540239907,pedestrian
1.0508248607876387,1.5714368237075569,0.6831328793438711,36.085204804611394,0.7277762714788312,0.6507388161712501,static_obstacle
1.0075657841187111,0.7440998746468447,7.945279029335941,50.377065394437366,0.6901104402808328,0.41338626727802635,auto_rickshaw
0.8688702691749869,1.136666483953864,7.557943822907447,56.612454795655715,0.7106853482862483,0.45558599556231905,auto_rickshaw
0.8376017697518964,2.016798903706902,13.512917626012356,67.58961517932892,0.7953939610504402,0.7642046523509767,vehicle
0.6507440322968486,1.4566956054091817,0.0,12.116156040847349,0.8428762371693035,0.5026075400006267,cow
0.6687306195117338,1.6785705663041437,10.133440672606286,64.08641976745405,0.6771499858964033,0.7586954523591742,vehicle
0.8174349191420267,1.711062842930982,12.670612268179166,45.50541271553977,0.6373033061627502,0.7852244576499917,vehicle
1.252427995573473,0.450908549105522,4.643032821762095,94.49420607825226,0.5951533903794611,0.6057596656365191,motorcycle
0.8849620737433623,1.8313857680208734,18.589592156471646,16.042537655562707,0.9496189792340908,0.863652556935848,vehicle
1.3459700456872745,1.523621059113016,8.809588911683583,54.88292309944813,0.8474013097482815,0.7054954239591475,vehicle
0.3780579385046597,0.4278706739176079,1.8008627752764599,45.178354226208,0.6812758253655722,0.26797495573217195,pedestrian
0.11826645590688334,0.1,12.071417776322505,77.9954965968762,0.5964821951000804,0.46021427303533397,motorcycle
1.0043523591861592,0.8355878237640648,6.36037230120353,52.10846922278507,0.6387681437278155,0.49392141856112376,auto_rickshaw
0.6661395943287736,0.6729683283164148,0.0,42.16085600276562,0.7224750791345639,0.5883489156918884,static_obstacle
0.9526772967733165,1.0843091796963071,0.0,7.026310364827282,0.8722882719673863,0.5326222580384169,cow
1.0222696181524744,1.8067882176868986,13.68010684435751,56.72779730730618,0.6635031793053456,0.6511950485703826,vehicle
0.30224205992466524,0.16211785346392943,4.132551418263233,75.49600009854929,0.7061288124316967,0.5510259993364077,cyclist
0.42792231062194297,1.866532091755749,6.562669453788527,62.35450485815061,0.6926405687770024,0.8670303564604157,vehicle
0.05,0.1,1.7264252212886073,65.25274353279734,0.6302707110368021,0.16570924437298462,pedestrian
0.8139125614076057,0.1,9.326726071289203,46.41930162713974,0.8446551447006466,0.4025483427419382,cyclist
1.2930449249639762,1.4305566992456895,12.469742982792512,58.48831438802337,0.8161481027711017,0.6460980237746128,motorcycle
0.5574769549691794,0.9808357355107338,2.8909026319136384,56.38009719047719,0.7425872271911861,0.25693535513903953,pedestrian
1.2601130733777683,1.751440177897337,3.386665446782448,32.93891702046124,0.8458978468470884,0.9893855266426431,vehicle
0.9680170333739162,2.118252599972216,12.462504658393755,66.23336060678564,0.6762320498091337,0.7567267036176057,vehicle
1.0417534668503323,2.2894675096201795,9.537664085498523,50.574473645538916,0.6920753600926529,0.864099773303834,vehicle
0.05,0.6722420480295294,6.424296960529526,75.54274749293656,0.660507412613312,0.5491366731349611,motorcycle
0.05,1.0823811109180215,8.554678559941655,54.096030030743655,0.7271303256612432,0.5901836693195284,cyclist
0.43472934532433427,0.7537888866589498,4.9920993475742454,33.95735228889649,0.7566550266727594,0.5723512205419827,cyclist
1.0120602352737944,1.9689578640463632,0.0,80.95407452232187,0.6144863040280272,0.6341891632652135,cow
0.492141999280485,1.5850389762540311,8.904159796498787,76.73929908005893,0.7429595212359276,0.8317655130992753,vehicle
0.5341678950332365,0.8505200460565012,5.5714534406347385,42.040083581157376,0.6130750301547735,0.4850544671653737,cyclist
1.128666853399808,2.0041376622139766,10.815725357539645,7.892599386213873,0.786451852565821,0.842356431357098,vehicle
1.7571060639822687,0.1,2.3198807546165288,89.62914462605717,0.6388099892462562,0.4843438180423822,static_obstacle
0.05,0.8466050905301141,1.9129350816276818,37.77894956370307,0.3491395784715437,0.4969373738155545,unknown
0.9782957333645788,1.3337095196682438,0.1801307230344034,14.32559689212029,0.7938415284060211,0.6756583743511706,cow
1.0235046415058189,1.6877340834214531,12.949667684461113,84.0196864238183,0.6110702160990513,0.47548546102946154,vehicle
0.27234901823081753,0.6738691219009771,7.24099951541297,76.44629648219492,0.6047269590330889,0.4521434093206541,auto_rickshaw
1.5542514780729588,2.7278024722057195,7.235128370347621,61.876493413876354,0.5721855339425563,0.938410458904651,vehicle
0.25093285944213556,0.3747572352342538,1.2826753750836961,6.586499443115054,0.886764717463575,0.4556074734688602,pedestrian
1.5506203123656015,1.1721977423452912,12.105080013959256,57.23727963949376,0.6491393055391842,0.9737949644679931,vehicle
0.8232698031920486,1.3332463443718616,15.133997950844424,22.99998837669078,0.6975474960801895,0.7928123164394567,vehicle
0.05,0.6631356335669041,8.625830657697993,73.3129825763484,0.5235815702066582,0.3366777836120702,cyclist
0.5166226947347786,0.6068122762342277,1.5309033637259009,77.55214324977563,0.6335625498533385,0.5353144907965337,static_obstacle
1.293392766863687,0.1,8.621730617129076,48.21303920426949,0.6658745267356876,0.4098364748643801,motorcycle
0.2096504743296208,0.19621146775581755,5.900427761703414,42.79374732276507,0.7265995022773729,0.5780497541005798,cyclist
0.5587212679264371,0.1,4.659393006910816,72.74554781806405,0.49197567596215563,0.6077928677593689,cyclist
0.14288543188351346,0.20231699109396378,0.5321028758267925,46.06928887787285,0.7623176924907142,0.21268125783372807,pedestrian
0.28517681386426424,0.3455923927822491,1.0778096802723656,16.00330398694229,0.7306805752415423,0.30520306733000785,pedestrian
1.0760813790140207,0.8946040576925568,0.14636320919278978,7.867198553756264,0.8452151861892491,0.7170659708094973,static_obstacle
0.9960095948764724,1.7302102043289904,13.650844181187045,72.14033054653143,0.6565589582233508,0.7116615391296434,vehicle
1.099984599661394,1.637971929242593,6.623536316524824,57.03517371796244,0.7302891352890027,0.33343546739911967,auto_rickshaw
0.9777782634738504,3.1922644121237242,18.51260744933933,83.64769864307732,0.6926193806757303,0.8044781772773592,vehicle
0.05,0.1,1.878099472468663,51.24920304822056,0.822073735232744,0.13911427018623287,pedestrian
1.289496092305158,1.7827340383754637,12.792990736822379,27.975842558834447,0.8367140952494591,0.8007018798903149,vehicle
1.3173205939022694,1.7072084930859974,9.317255391668848,24.935906208633597,0.8050867770886933,0.99,vehicle
0.2602772433243634,0.8620204780980439,3.3990601792576642,58.07999562994752,0.6742291291168895,0.19339271677769876,pedestrian
0.4791203831490162,1.3746387251068117,0.0,8.340703120979278,0.8489499965499073,0.5001526529879333,cow
0.2410998685113246,0.721221471851232,1.8511944692671258,49.36464532879519,0.7373697915887831,0.48595028375674176,pedestrian
1.2954502900373253,0.7737254661906072,0.41469715729017775,46.43472449931982,0.7470665844536627,0.49856322775721224,static_obstacle
1.4061461843284877,2.7537052745802137,14.102598040227056,36.642117002476674,0.7237750257154824,0.8119404314339852,vehicle
1.7645691622190534,2.632670882771035,11.534990468763105,78.45345642637608,0.5986886798311513,0.8382768481826741,vehicle
1.3948211044472525,1.8239589537294905,13.394982584583268,16.27385652385812,0.7334145372140606,0.8604943007103867,vehicle
0.4357765563904308,1.464792831755789,6.242692214919557,30.163307798977225,0.7360027208713684,0.5741080557954092,auto_rickshaw
1.143083935583255,2.472936278500984,15.600784700862949,10.571742911491452,0.8797495618752675,0.9752685872378098,vehicle
0.6664816199976431,1.299193191371154,0.0,10.610918620314228,0.8598000223958518,0.4556724167760786,cow
0.3692197486398918,0.1,0.22060591409329144,64.86840306601644,0.6928451611793033,0.27321105250147343,pedestrian
0.9056754326761484,0.5607463449227235,8.217625027716268,82.6711196299436,0.5869810537217672,0.17189724009480123,auto_rickshaw
0.8978942718572827,2.5019982661178455,11.122490435051612,70.36003760511512,0.58468588520399,0.6062734766451324,vehicle
0.9728986693996221,1.236377763311903,0.0,10.233460929829254,0.8294636171903027,0.42134583722467867,cow
0.5399043482511381,0.3252042505467101,0.0,36.68836816590855,0.7426663954711554,0.4289318897475976,static_obstacle
0.2349196912122647,0.9092790132897799,9.197331893663861,25.66297659256214,0.821457247017013,0.5020926245673376,motorcycle
1.907460349273723,2.3345054583883833,5.8462729695898785,44.35458493004842,0.8500023564791571,0.926487239074463,vehicle
0.2776895418842896,0.5397591068577849,0.964544601552227,30.713865905876887,0.8671388221620677,0.3948654616818703,pedestrian
0.19768783335212475,0.35109851436889206,0.7667843217912056,34.00185604026315,0.8828370305620703,0.4789206838613794,pedestrian
1.0507603698442676,1.6132709038706996,7.190116581619319,62.959791506016956,0.8139176206716883,0.3703867467521843,auto_rickshaw
0.3151023584208965,0.493485221395392,5.184562439681083,30.9774366226126,0.7064126945332703,0.6190419086603315,cyclist
0.4446369588850547,0.9961415751784264,5.14881679982598,13.842966089483804,0.7975602112507197,0.4826404629911148,auto_rickshaw
1.1398611142349404,2.642459809083806,16.60680342245073,28.667535303488126,0.8094140206887928,0.873331991806268,vehicle
1.5921524220318741,1.1731905459080154,7.354863414483601,41.42342175068642,0.7844428287774907,0.9013373874990598,vehicle
0.22560339501650675,0.36544382570977374,1.3767194184327407,12.111828582698946,0.8832780084555152,0.5753924569954951,pedestrian
0.06832764891000459,0.37105435500559497,5.672439335554945,30.780642372500058,0.7601471063013207,0.6654818901361017,motorcycle
1.5046923136107413,1.1662214913849624,1.4345966447396923,55.53883672373148,0.7838487324711029,0.7850685781810619,cow
0.317883479091131,0.1795004543018126,11.496817536260792,55.02405419636028,0.7262453124103725,0.4728445692482174,motorcycle
1.671689653347399,1.7288222863538913,9.336341567579277,79.77696726762346,0.5257861871975507,0.8704909173371158,vehicle
0.6706869026742339,1.2711211999543857,0.0,40.459946497956366,0.7801001813444803,0.43536339289014875,static_obstacle
0.9339829802016433,0.7941212027092098,1.4126045939326808,72.89945597355705,0.715107849979189,0.380258464743964,cow
0.6411581744036979,0.1581353880011429,9.95195578117993,68.78285882603664,0.6428445731421676,0.6452323912011578,vehicle
0.8975830226918937,1.222985411615467,8.15867342377439,85.29317148900738,0.5908534011962819,0.46429314533462,auto_rickshaw
0.3885601935127116,0.5034657616750391,4.616443751759739,8.910110862233099,0.8310993581141006,0.588474962390567,motorcycle
0.16646688226650624,0.5618675472450054,20.477056878136132,52.17036983682055,0.7228726531273247,0.6640315924818905,motorcycle
1.2229735946629752,1.325769164802837,0.4301959429031723,21.074999123447864,0.9048058966068148,0.26832339976620173,cow
1.9054512067560685,1.2081544407892346,6.798236976286135,77.49035829778872,0.6157763723151531,0.8873632810914047,vehicle
1.2684593193447185,2.078182663376393,14.024937236920355,84.46577029274926,0.6118406734492138,0.7099976524116679,vehicle
0.05,1.7585855400454904,8.120706295357055,77.94950934431509,0.6074500267433357,0.7072452857612537,motorcycle
0.05,0.3135668903266088,3.6245607128859265,80.39051463469853,0.6769489121584835,0.09762154927533301,pedestrian
0.7311513587903202,1.4618810315702726,0.0,71.1693000316796,0.7542589698011722,0.5074866326877985,cow
0.8685406726564104,1.1673160242935892,0.0,57.14412803130567,0.712192081425808,0.5355866200940647,cow
0.7937757949819859,0.7626776459989497,0.3135937354511513,44.1414100713136,0.8195634682422956,0.6075704904011215,static_obstacle
0.5431848016781003,0.1,9.761324460098479,44.829862102947196,0.40221480413283545,0.4473041819195931,unknown
1.220647585037463,2.403539479970089,7.854630259985244,82.86832014058686,0.7269491473500177,0.6657090578685269,vehicle
0.8983017256165557,2.8064235717822723,9.01336019320492,38.42643548652219,0.9328041404125436,0.9105385181094413,vehicle
0.38834942892761803,0.832922459704853,0.0,83.09187040172797,0.4826631911253459,0.19081969620356107,pedestrian
1.2917883755004722,2.21826489705545,11.918302222397935,6.327184328083107,0.9583077291888266,0.99,vehicle
0.7023342036151808,2.4452207388691285,7.3680721701338525,71.13888678677358,0.6821769321996054,0.5524328933277346,vehicle
1.4577061638872848,1.9084615088713213,10.203539990687275,21.6455644981942,0.781671792962978,0.8819713582936065,vehicle
0.3556820087297604,0.7911077176510444,8.592707077403018,59.748053335132596,0.6735034177502308,0.4979589706279654,auto_rickshaw
0.4598743538933622,0.45530582108931594,6.558597539605826,15.566157958850185,0.8143001267071308,0.46146608694333147,motorcycle
1.7394657456408547,2.064312937627776,9.774854707789093,39.09718694258571,0.7428096953128605,0.7076858130154111,vehicle
1.389985263507344,2.4310915593219633,7.803115415588121,85.85088143953335,0.8000656402936642,0.748552115501039,vehicle
0.6531104400645128,0.4367251614563801,12.045570526531867,64.56715506666293,0.6049042718143534,0.4979457392380655,motorcycle
0.40258498846359947,0.47319480470717773,1.4774405226149163,19.652778878770096,0.8863136299397709,0.31648081235613673,pedestrian
0.05,0.7759446782871114,0.0,69.14151865207717,0.6700610562283504,0.3325120964039704,pedestrian
1.4182167493756572,1.3972199983397673,14.790442365137494,91.99491809210005,0.5759133295482596,0.8130927660622858,vehicle
0.9770884434177483,0.43010424875250397,1.55452168500773,90.35421653008186,0.5309573377421358,0.31691184145790346,static_obstacle
1.002743829721449,2.1075750486148603,13.046112513285479,67.47313546434346,0.6455298512938139,0.9349516618827016,vehicle
0.4606214667777438,0.4800168225460966,8.00646286053579,35.453533521859086,0.8145054128703079,0.4619034374431068,motorcycle
0.6061592597234379,3.2836112410639333,4.932255205116275,85.97104457055595,0.6445759264340591,0.6956200117314615,vehicle
0.8738545450785613,0.49427940721525476,3.2201613200856958,34.71954989399822,0.759677899713236,0.4701236651412716,cyclist
1.0237920725301493,1.8533157959638809,16.30337230165667,24.61145710003924,0.9154084464992319,0.8639990715306657,vehicle
0.05,0.1,4.289827426872958,62.36193709495315,0.616468266610519,0.631858915950951,cyclist
1.1947206413310696,1.2649679821828255,0.27021615071742183,47.251706213459705,0.6933010944235206,0.5436920663452796,cow
0.7656107439100311,0.4151381383390982,0.0,76.34426421632453,0.6674171031679502,0.492145347083678,cow
1.3277997295821315,1.3092413394418656,0.37324433703320625,16.972659139387353,0.8482124108476042,0.6810514683183477,cow
0.6549702704741557,1.3662944881667858,1.3570075485381738,47.15824625057092,0.6118969889193082,0.4286495561637268,static_obstacle
0.05,0.1,10.481209339725716,73.9188530826344,0.5915625213970158,0.48333724314758375,motorcycle
0.5069344963719374,0.9551437168121082,3.783373426227412,51.62629383169131,0.7473559656120793,0.5370641077966243,auto_rickshaw
1.1571694021756194,1.8203236116125687,0.31749194093063515,17.69390247151395,0.8295789820208107,0.6390415632651981,cow
0.2760674307507666,0.29028776292962755,1.0325759483540682,20.32085953253839,0.797923161409121,0.20570806671002465,pedestrian
0.6091256995621468,0.5818721268554724,1.547911350245751,55.541628588503684,0.7866498898572053,0.18435944807950033,pedestrian
1.4092985764647665,2.516292762312243,5.2545807896661145,76.11738775922709,0.6067204537099506,0.8691420505066008,vehicle
1.334183340482559,1.446884658666161,0.26763193969073673,43.76250364565335,0.8136476332745937,0.3697490246223485,cow
1.1157332176134764,2.0320747835395245,13.350872205489763,19.24457297343169,0.7925463023807208,0.7121687553418317,vehicle
0.16270479662372284,1.0529079138258723,18.01028624216688,83.75995274040939,0.6507690833804538,0.7186140350356018,vehicle
0.2572645904643378,0.8563217294682027,10.413354657609597,20.349618053057117,0.8897573092336667,0.6488861540459582,motorcycle
0.05,0.1,11.192975674850556,85.54331544237056,0.7153227297975766,0.41699411481588927,motorcycle
0.6384850445651706,0.5778756454924745,9.182421156053852,76.71085154566103,0.5497480106829535,0.44219298410217706,motorcycle
1.3478914470969823,2.1394192002427124,0.993307499232233,87.05983319422428,0.5870869297631499,0.7756037829684551,vehicle
1.1185745342821984,0.8209720532618036,0.0,49.79511074800556,0.8953389741220954,0.5750031453726495,cow
1.6692001659880544,2.1220619096011735,20.006332065706996,68.38488791509798,0.7896343475668754,0.9729129941155432,vehicle
1.265972897693613,2.904441009374146,8.94150965819868,65.46980728351744,0.6842825005381009,0.7654871545434581,vehicle
1.1288475014396044,0.9131136328015841,14.386728385333013,80.1580038587477,0.6128795796634087,0.7874692152656972,vehicle
0.7772071908800455,1.90438321765569,8.534809994905272,94.71116290694476,0.5742660370996169,0.6989769284602244,vehicle
0.3745265708274504,1.988111276166548,10.175740416326747,31.212299738891176,0.7884195176581541,0.928959639178448,vehicle
0.9060889060277646,1.3206251994449978,6.523173173475375,30.873992813602595,0.8018405623972409,0.5197262175444826,auto_rickshaw
0.5125778834396252,0.1,3.3439037112525276,53.13472427315579,0.7231774062884818,0.2008370440380406,pedestrian
1.3718792768863586,1.7153973655082106,1.189608122554135,94.12008928269815,0.5765619035665926,0.4332612441508437,cow
0.5525176200350993,0.7007112000033584,3.2520453980663087,31.97343021573846,0.6702984879024437,0.4714532879166891,cyclist
1.230398388716821,0.810448585188734,12.982699009088345,72.25266923617347,0.6512572501488171,0.5927087754950128,vehicle
0.672538907200021,0.3642832928991562,5.083329352497282,31.289760555106884,0.6999144266745947,0.529924297455044,cyclist
1.1967233155445143,1.2155289611660405,13.73835618391168,30.32587302084081,0.7957575907641997,0.9162212842184873,vehicle
1.0375815677398896,1.8691000928061048,0.8143969759648896,40.321299553764206,0.7839753044068859,0.46173462949189614,static_obstacle
0.7940050508696476,2.712004954475684,13.827733504314095,88.0675606319793,0.678995709575174,0.623929459615461,vehicle
1.0363352679844968,2.040294466766732,19.621059293660778,48.837707190709196,0.7477077710982818,0.7655668297185358,vehicle
0.4292815033367574,0.34886101653307466,1.0289028258530517,11.046368620412904,0.8316000493644918,0.4476222085611742,pedestrian
0.45577491990669855,0.6682778747301548,2.4822253871371216,42.8672932125087,0.6956282038097686,0.5739208322159917,cyclist
0.24173974508613125,0.6161649458827299,6.207791297050895,15.118269724358676,0.9210800559581888,0.448517996230728,motorcycle
1.1620359006597123,1.5449052601028561,11.644732036024257,43.60385941012589,0.7586356327268889,0.8035039264623282,vehicle
0.5403738562406785,1.5405789440595625,1.4813876039945137,59.746539868168746,0.8337709645852234,0.4955427983123424,cow
0.9646949501622099,1.035567615486601,0.12410217540821478,9.404566512615483,0.8270471243870136,0.4708953139565027,cow
0.43583896923659193,0.23052828466826308,12.276786126950695,44.84886612748951,0.7249966163306192,0.4848763751665958,motorcycle
0.6567093418012375,1.2341257971896389,5.996653345360799,67.1717930891809,0.710786366474549,0.3979449472884049,auto_rickshaw
0.5000863047233026,1.4679659042620126,0.0,9.542920510146008,0.99,0.36241620586085566,static_obstacle
1.1306732734877953,1.318832260470692,0.25174269912517017,11.161886543099296,0.8598965609578015,0.6126876061453363,cow
0.46841349965057566,1.1464460436336896,9.419890231588248,85.69637017758535,0.6165281481378151,0.48587564294588964,motorcycle
0.350035723438459,1.4388951660219296,21.735255922694662,73.41335970825817,0.7282381455543423,0.7162608223103357,vehicle
0.8611836097694803,1.9269756680203391,12.894329009046718,41.408726352656146,0.7876644936782837,0.8072928361951178,vehicle
0.2679542840838326,0.6778846515826195,1.926501252155076,65.49627098126541,0.6377684338758697,0.3091009189309401,pedestrian
0.7766149053075102,0.1,3.504448558683345,53.58990161610137,0.7259325874032684,0.39394744436196605,auto_rickshaw
0.47100678376774163,1.2835448488408554,6.091929487210961,6.739106470003096,0.99,0.48987172475449736,auto_rickshaw
0.2343661547871253,0.1,0.21017239885002115,67.49670067423403,0.6847772410051144,0.3128360331483429,pedestrian
0.4316255897061855,0.23598739709010697,0.0,63.81043857098216,0.6478760834136472,0.358234285956482,static_obstacle
0.3035081127064237,0.7392249622542232,6.062000017379974,45.8244199170849,0.7517197123043721,0.4942961918030051,cyclist
0.9965584359570598,0.8039695659400874,1.5309028405634157,59.55122428667822,0.656781287185712,0.21139649056196264,pedestrian
0.17521323092835564,2.1042758569372855,1.9034912695967106,10.010960301652075,0.336423606818923,0.5561551856466981,unknown
1.2157111220750352,2.291105347589169,11.694828981208252,8.975223884780716,0.7621723955931377,0.99,vehicle
0.05,0.1,2.0789821807712046,59.497776814800844,0.652360249199505,0.09925578135136143,pedestrian
1.3737125047596535,0.6869689310534424,2.10090098685312,77.27441228070894,0.6424770387710219,0.4648187716078355,static_obstacle
1.0285062812900658,0.9044998717004162,0.8749513490737262,46.56366782564189,0.774269425960447,0.4844048663616096,cow
0.2438305633054897,0.1,1.557475523021495,39.19063547453406,0.7069556580018983,0.4050623562821033,pedestrian
1.5512350561901114,1.9551251523880233,0.0,79.96242817436926,0.7171686975455235,0.4645488643609542,cow
0.5279216969437409,0.6554590033464323,5.071015336008938,6.488429085079064,0.7958047549105437,0.6648165777393671,cyclist
0.49478745302780736,0.14394643723307776,1.6914674115414041,56.33080459053388,0.5656016967448415,0.3123181838646097,pedestrian
1.5238688746562992,2.5553276122227437,15.623073010188119,73.91326395025702,0.6110038080391405,0.8267656224949352,vehicle
0.2521976669167612,1.2560759856337522,0.04979212958142405,66.78753660416064,0.7516779599463088,0.35855203402226943,static_obstacle
1.2382276427904655,2.002653297392856,16.979431323568775,14.060980467514419,0.8239124853985439,0.6438338093304021,vehicle
0.47881961553906727,0.1,9.044685913965145,79.72685499424757,0.6616894644012039,0.6088358409306867,motorcycle
1.0112784467173974,0.9564187641954602,4.541615137041103,32.04439183779856,0.7742879796063814,0.5709639827967325,auto_rickshaw
0.971118562327995,0.4368911603145564,1.197502310899321,72.40301805014093,0.3662071668988313,0.29719155251947216,unknown
0.9942984496175697,1.6227056794784644,13.139223241048132,35.98381214576345,0.8490448628724603,0.8947846157778152,vehicle
1.1214381765156405,0.3452939996622485,6.544925795182089,55.13226266361393,0.6854150524981069,0.4581203662346769,motorcycle
1.3404301245079075,2.3944708433455846,8.73508311060803,89.18531094924471,0.6638407316283945,0.7786100193763724,vehicle
0.9505668826187235,3.6938458630180686,7.872027835323544,87.95614221549052,0.6256583832843724,0.5617534815308155,vehicle
0.05,0.1,1.6855999875427634,76.32859053048477,0.6385100831048293,0.22355733223083982,pedestrian
0.16433518352418408,0.43434946344332354,0.0,25.206303277684786,0.755548866600307,0.2101673407494124,pedestrian
0.7078670649442314,0.9348877213199536,1.8939156750361315,71.56144922460157,0.6429312140862272,0.5125258113085376,cow
0.4766043311765492,0.5074416368999968,4.050034152468578,35.14857851717728,0.7537798855940867,0.6084266855253161,cyclist
1.3998908136352592,2.363269713276541,21.500348046323356,27.820579889240303,0.7384446745359423,0.9130835750750862,vehicle
1.2318641804086448,0.19016632774926445,0.0,85.18851285395131,0.5997985837479242,0.5336415467099276,static_obstacle
1.1650074223071152,1.9140766288120608,9.008055823354974,9.53936166432267,0.829245780337845,0.846489932362473,vehicle
1.489597795019911,1.362167949674322,0.0,93.51918903175029,0.5538732421349185,0.4645012368462333,static_obstacle
1.9844009335975983,2.067998712868702,11.154845206774555,75.78923603750054,0.7580448424090108,0.6009730085802614,vehicle
0.7142285738681526,1.0731663593727636,6.444368844212694,26.80661804207245,0.7368024802837757,0.7332918097713571,auto_rickshaw
0.7410669572843992,1.0327355099238107,4.66982730881712,18.697742830749217,0.8323929686376278,0.5082453416154358,auto_rickshaw
0.41404968517753765,0.7119441450967546,5.7142421645467705,20.560717315890795,0.7254106115151031,0.5852721525232601,cyclist
0.8220643236667319,2.487838070570848,10.131272061095101,93.84947790552987,0.5209889116609321,0.5416982511935293,vehicle
1.1333986633918014,2.335334387586371,14.360863136104548,20.141349692105724,0.8706757736849681,0.7465261389503557,vehicle
0.7353448466810055,0.9452192300190062,9.028178865996239,27.832552823936297,0.8820915992626682,0.5681763761448416,auto_rickshaw
1.0137592542575846,1.7566236980281171,14.930420448929931,19.66296025615813,0.8726687828523715,0.9456660252365785,vehicle
1.3112879359148197,0.8221290197052602,8.918518460898156,74.31062062372732,0.6507952402549554,0.88412779273381,vehicle
0.2959263078861908,1.2944665210032562,0.0,75.77725234005547,0.6174579941886995,0.22520284609927751,pedestrian
1.0971192632088047,0.9171144482938104,3.3320185646957934,88.76943661678816,0.40011689034323566,0.3855026141151459,cyclist
0.42896203980122943,0.6089710531000108,6.030854761856077,20.93368922504772,0.678958226879046,0.62479391013346,cyclist
0.7052150786664378,1.1269572022967256,5.09706607172699,66.43880224304378,0.6144079850465851,0.48072639580932963,auto_rickshaw
1.0029991151919475,2.9386621340530037,17.105905310273027,60.628755846167124,0.7175097259262513,0.7431886141519147,vehicle
1.2413880492668918,2.318706497952222,16.37951475348857,69.21740610192171,0.7779233369215326,0.8854963656541404,vehicle
0.6080387937123767,1.3911135138000985,7.65293275794497,31.71826756412642,0.8407335810721628,0.4302863696033621,auto_rickshaw
0.7578382060821821,0.47074644846075775,3.602473918696213,72.35432984044964,0.5943893459977836,0.30725085880955544,auto_rickshaw
0.7423016842197065,1.995757392692362,7.398633243506149,15.331338296498629,0.7902030982155314,0.7960442207133371,vehicle
1.7684111362370194,1.1952681362301338,6.587851204702969,81.41545147436993,0.5432952363537967,0.4520864722837937,cyclist
0.9032515352094675,1.0566902243067398,14.517599505718511,50.0202420696069,0.8003448476370737,0.6274931950273203,vehicle
0.6161151226802045,1.3364456783566379,9.808552629719141,88.83440501620287,0.5080744618652309,0.5205818938298153,motorcycle
0.5233047560811721,0.1,4.5024415488172,81.32783413788268,0.6034277311409647,0.2180302891338905,pedestrian
0.6350204957602001,0.6922674300023296,11.938857493453295,57.95786860414418,0.6590376104728266,0.5413121137329143,motorcycle
1.0995214120053187,0.7664184767984703,0.0,93.48879584838451,0.5319201281614573,0.2607415348856732,cow
0.37873100744864585,0.8327967551831473,8.374152303814556,14.873977361818719,0.8161546569974835,0.4782116426003846,cyclist
0.18207440622369364,0.44542204851686246,1.1433740667777357,82.22621465472092,0.5003105652156781,0.1404255688457395,pedestrian
0.08839864431131267,0.1,6.34952559801366,55.9755197000046,0.6451163893466005,0.4402696461198399,cyclist
0.9161513027523098,2.0934520408132915,15.311288691251388,94.62915764151708,0.49872851164142895,0.5576698840296963,vehicle
1.1261590466400249,2.019866252599869,8.441729798108456,43.611235941292875,0.7991647858437119,0.8023544658713001,vehicle
0.9708583233070712,2.095086517212377,0.17800007324943629,57.597735033573336,0.6742313392584709,0.38265927707766617,cow
0.7257370634704532,1.0880339236872916,9.860588603570601,11.935014894485633,0.4462572947170824,0.6822669862262029,unknown
0.2359097899071723,0.6913740015261733,0.0,35.826444930383914,0.7428736249338258,0.38113286796310714,static_obstacle
0.636357896773372,1.3713247474649555,0.0,60.65779764576082,0.7295589059327396,0.7747018868120292,cow
0.3245669922075769,1.1968635849233662,1.5843536510712484,67.40012774006009,0.7261383745075771,0.1607644947436973,pedestrian
0.9321180760047498,2.3805390635273866,7.790463879296864,38.77812995135563,0.6896880732685059,0.8602766865207421,vehicle
0.2700703562172276,0.1,2.241686348566912,48.97954101954604,0.754460038546592,0.2643579748338953,pedestrian
1.3680949286894484,0.6855190160134499,0.2898803394491945,27.46455743077966,0.6774994205724529,0.4903808409258273,static_obstacle
0.19758869500606405,0.6688728854585988,2.1502434323808735,28.218268751908795,0.7608358060815021,0.5009073927728349,motorcycle
0.9738744689328803,1.1161168680481244,0.0,48.89758112062797,0.7480197579303872,0.3983163196192641,cow
0.0846851378053286,0.7469934109090307,0.6825570737054667,51.673033179117795,0.6018688182500103,0.4673388917658351,pedestrian
0.8985046610240695,1.3493584608462696,4.309816711473033,73.25915238456439,0.683259636325904,0.7920501873766701,vehicle
0.9221178860711186,1.3112753053462347,0.16907714559061912,19.61574350957376,0.7574150818183228,0.5947830544869338,static_obstacle
0.6827838629206461,1.7885744888917838,3.6318750438008065,63.17919191664964,0.6507236505488178,0.7557589987265332,vehicle
0.8124485210999417,1.3574283153153746,8.47524696557758,74.44473161326275,0.6848328694696197,0.5288162266100797,auto_rickshaw
0.6970092849531259,1.4028499215084704,5.55082797260075,8.963864259252198,0.8664719863675184,0.5720532319688347,auto_rickshaw
0.8239007837229515,1.5855292665791008,0.0,90.20688841420834,0.5774163911412806,0.47186453752617286,static_obstacle
1.5645917921626271,2.2568846755470537,14.423872597185305,45.92515377575477,0.6607766518787284,0.9268570334141846,vehicle
0.9351732969693463,2.084960714011598,12.015652988502046,70.82330101166089,0.7439281114247845,0.7842713422056036,vehicle
1.0341321536349248,0.3328260101659474,0.08873239046128878,83.13790347297301,0.5940186900677669,0.25084036813642735,pedestrian
1.0135793839347378,1.3853532026185267,11.497724555387078,60.52812436994354,0.770867098549135,0.9503295672627874,vehicle
2.073924442889361,0.8844802547163538,14.198753761765065,68.65464931603367,0.7129392643544933,0.7547206387552207,vehicle
0.9123208520672191,1.4600407885623097,0.0,43.683724036554956,0.7529687036378467,0.5738296393127117,cow
0.8710738279539134,1.7388437460780284,1.7746503498957193,52.44244566177677,0.6659573494623313,0.4659961885510612,cow
0.48703842520983054,0.33182011668545797,1.359204443961432,25.952511230397604,0.7706703049981384,0.3528003273183921,pedestrian
1.1195253886834704,1.9632735303111233,10.629215088199011,18.49757904512667,0.8638828619446886,0.99,vehicle
1.7317882167731256,1.8733534611062717,5.924846594692175,54.27151427879597,0.7917327866893099,0.9372545829458435,vehicle
0.9421833628100903,1.4861048276855935,11.808111092403134,28.29829541872974,0.8218025308247466,0.7905190171910832,vehicle
0.5053071747849768,0.813883113640441,9.691253408850201,50.89751531014704,0.6713951275004264,0.45612257025264474,auto_rickshaw
0.2782448357826722,0.10449383411053881,1.854973774640772,16.45479658274928,0.8253525491537979,0.30285050815040004,pedestrian
0.8639732289180608,1.4166542919967426,13.800825134789266,83.45850487947223,0.5434725532421103,0.7645188277560886,vehicle
1.3650654030762508,1.4590812952805379,9.036758666929419,22.06950161618751,0.8134715464006764,0.7590732822548902,vehicle
0.058111296565261594,0.826535238319732,8.400918756299307,61.12700336620969,0.6250136425863435,0.48742072839476336,motorcycle
1.444013418314742,1.3145823172326376,0.0,25.288148940182175,0.886679014880409,0.6814733132531198,static_obstacle
1.6682320961876318,2.6583514931505787,14.082876258208321,9.810445582898655,0.8603186465239748,0.99,vehicle
0.4741935242533574,0.6087735962044863,5.398770010489326,7.339004436474923,0.896159489545213,0.6382205933291215,cyclist
1.1730725611873674,1.440990918774353,0.1155536849111462,82.01277660063771,0.671120752157209,0.6462415319171193,cow
0.5248827250523999,0.38325853554185185,6.711005468894028,55.97049180398574,0.6854461728850333,0.44425094037502594,motorcycle
1.151313874001464,2.531004065122561,14.140190702860421,45.15557125366393,0.6846494503875127,0.8473299984941718,vehicle
0.2779925733935111,0.8769900823506092,4.334591606305921,71.73885387072235,0.567945154821679,0.2830683680434687,motorcycle
0.38197511899966974,0.1301561177595777,8.46555855055773,91.15658590151008,0.6057201658662658,0.5083743890242756,motorcycle
0.05,0.9819248120773647,9.485721310689131,73.21881685082673,0.6252597292611216,0.4127667043084503,motorcycle
0.7073033008978515,0.8679614686322977,0.3471976567429055,14.371442387763222,0.9416614491787025,0.45693590670729783,static_obstacle
0.553742968555356,0.9423705990385638,0.060152032425083185,20.360297179076944,0.7437298813702873,0.5814118419830261,static_obstacle
1.3512279804753395,1.3546064371942883,12.904237823716787,51.61076964035769,0.842190435708218,0.899587923255486,vehicle
0.9072497650821385,1.3941608084249806,0.5384109398935677,31.026750257928583,0.8506777165119219,0.6471351577773192,cow
0.4309752167590129,0.6276745653943602,4.960770595049304,14.8563681560961,0.8490951096108957,0.7027330688654995,cyclist
1.3999345323267698,1.9621694399536451,0.0,61.140797163241494,0.6941474073463918,0.442486873221444,cow
1.0838940180999879,1.5599272108839324,10.582265896137498,41.43927860973147,0.7622030744032349,0.6999179450968352,vehicle
0.9864069867123059,1.542637557761773,0.4089096496920211,10.363634595945634,0.8824252670089339,0.6308792470971766,cow
0.7514220739280101,1.1531996275804581,4.636990222817918,10.889602051379141,0.99,0.5039925808868452,auto_rickshaw
0.29108087660186277,0.6863817155724137,0.0,66.2466127952808,0.569265197871928,0.49610965899692505,pedestrian
0.9160371869730718,1.036586920102432,8.043590343333884,20.992307466823302,0.8603772507736435,0.5389508224267212,auto_rickshaw
0.35430759401282563,0.8051937635145723,4.463763754821178,60.95484330217659,0.6305516532294572,0.41928739709965096,cyclist
0.5515938450813763,1.1394742857432476,6.385447131246648,21.438165152317737,0.9386405206941011,0.5755551929728511,auto_rickshaw
1.3832227737950313,2.5438661052043443,13.892096879714213,35.15865560302859,0.9117611898001562,0.99,vehicle
1.1821588266701455,2.067863282687039,16.08208337469467,79.81985357141437,0.7308416636798178,0.700947927058917,vehicle
0.35796610089801145,0.31822089261961795,10.16024575563783,32.68342540384608,0.7289906294382387,0.49072650401944873,motorcycle
1.8542940316134375,1.4013459513778406,11.692645766462013,75.01272983847602,0.6522192305995889,0.680159535347096,vehicle
0.05,0.5243512381122348,5.678978051837885,73.79540825343334,0.615907254659006,0.5954438574356509,auto_rickshaw
0.055586952558177805,0.38511025263630283,4.659538424090031,56.545052764519475,0.576439602735276,0.5136144414944108,cyclist
0.8443892393756471,0.9437327035574727,4.927422164321949,90.01142734470073,0.551914353998329,0.5115171134376443,cyclist
1.4418931565655217,0.9120330453553407,8.415288754633975,58.8493646071598,0.6372211753962449,0.9493892111832527,vehicle
0.9342301495073305,1.685773890584332,0.0,46.33930077662079,0.7377404453486524,0.4161764519111609,static_obstacle
1.1915655682924153,2.521227087458172,3.314536347251482,85.99710672468615,0.6101275874131898,0.7887772209675963,vehicle
0.614315333403556,0.1,0.32909860251967055,22.022836945388377,0.8325793674808608,0.2777510730369479,pedestrian
1.445342465640056,1.8488275773097727,13.674480939503608,50.536269501411134,0.7149647561777503,0.99,vehicle
0.552434726019735,0.5598473675336804,0.08686052017881829,44.60800408444453,0.766141414045354,0.15170195504872716,pedestrian
0.3380898653706521,2.166002523971687,3.947184486126091,84.58223126814792,0.15,0.47917048213689495,unknown
0.39756930026745874,0.5223530868371897,10.082192967398312,39.334867155962556,0.7564690317126935,0.5908939511250009,motorcycle
0.8624569615065991,1.7178490830650888,5.877240824418383,76.46600152738672,0.6547690729692978,0.8340748029556591,vehicle
0.7344276449188385,1.6168132113367173,0.0,49.37667626468016,0.8382209266780566,0.4212986676052175,cow
0.7758685312059,2.693549638233659,16.75673637549452,78.8212689549489,0.6623561106028403,0.6974557016760671,vehicle
1.4238880430811531,1.6044545689490946,0.26026177144804674,63.772657100929315,0.7527369865649287,0.7173885571224135,cow
0.5648217801101177,1.1419619431245922,6.422573289871953,9.0337109457143,0.8917263483152553,0.5936540169862178,auto_rickshaw
0.2800775910369402,0.19408302377935488,10.274820184352727,57.21245812706799,0.6720892725534746,0.5184869271522794,motorcycle
1.0464976175754397,1.7985700799733069,9.16279783275153,18.13941957824892,0.887155595929866,0.7560905677218779,vehicle
0.4150528367095535,1.0393849893219305,8.001930070805699,25.065413541907983,0.8843015169302443,0.47840613998075227,auto_rickshaw
1.1146410156203106,1.7610758681864975,8.083314868075702,14.845953939784563,0.916395320486511,0.8114976345795131,vehicle
1.230803055410716,0.27364468956661503,11.01455756116809,84.4179518306344,0.2283475089445977,0.4180158177465619,unknown
0.2394827160727579,0.34158377544691004,1.4880696347449336,17.07842210104992,0.8836791862752905,0.30525922720027177,pedestrian
0.9664754597063117,1.2686445304564034,0.0,69.71331057541293,0.5975642639478584,0.3889312439147632,static_obstacle
2.2966735395691007,2.8070385171701364,0.0,70.12164183147854,0.6932840141590854,0.3543611184630874,cow
1.0516664551176471,1.210190019379372,0.23212397315778024,13.295748069299652,0.99,0.5119400282896789,cow
0.3084757766507432,0.15911635627898335,1.0762415842721604,25.894059258390534,0.7374386475214736,0.5277154798618817,pedestrian
0.5659820504335304,0.41457745323810835,13.691843661882402,18.513526795002008,0.8422964002768181,0.4580372316487463,motorcycle
1.542662855115247,1.2565315607844436,12.482942475731148,61.30952574537778,0.6517340480013744,0.8000781010995233,vehicle
1.2236012691124902,1.2694124826268665,0.0,39.98098915322734,0.7146356953533741,0.3889898497955674,static_obstacle
2.2104911986536306,1.8042733252186463,16.204093375702445,80.43795046062333,0.6600884280570881,0.7572138046084298,vehicle
1.07397201096659,1.7481745803408542,6.979981518489996,19.823587436970033,0.7177446013770777,0.99,vehicle
0.32110518907275676,0.651096772021922,6.808843542618198,7.310841702614183,0.7985105851693428,0.3385385939918696,cyclist
1.232323408572159,1.8944909777438736,18.138324938401883,6.24477926389304,0.8647143217667633,0.8086131315416417,vehicle
1.2861232161930072,2.1015389205534487,10.483187301653947,61.66797870162086,0.742832624300259,0.7753013941267074,vehicle
1.1975662831253862,2.690625877995137,15.88977645200835,85.75328447611619,0.6160790980373402,0.8228191234538572,vehicle
1.149099300060824,2.3662552682151783,10.456075848975766,8.09855287016674,0.9355145972825003,0.8431098016835008,vehicle
1.3712801397636927,1.844079615252586,0.0,43.550146272253514,0.7514405850096603,0.5616465793566858,cow
1.1751660625751756,1.6119789268819322,6.309869656580988,64.88706878837272,0.6612829713568947,0.5222711772922891,motorcycle
0.056645551546495115,0.37195306217412943,1.5713793244404268,13.637218815151865,0.7791395421696721,0.4063871949776325,pedestrian
1.1071607913767643,1.5091000119486195,11.789333889238444,43.83021420633413,0.6543666129082244,0.7120905623760637,vehicle
0.42607028090919524,0.305769778019282,1.9065638826008589,16.349283034166962,0.8297520991243559,0.4821685437462305,pedestrian
0.05937022202966226,0.24593764203541763,1.4548996112694714,8.411182442492807,0.7851390343386162,0.3178020041564026,pedestrian
0.5088351351672931,2.0748145849919335,2.4325443927803314,69.8050623274784,0.7753819598344078,0.5391712861336657,cow
0.05,0.8871269024016664,0.9925882179876645,93.63717783330284,0.5510166970467757,0.3726849359073517,static_obstacle
1.7138853263144251,2.7149606717760335,16.275622977259463,72.64081544026982,0.7033619589638509,0.8197851441508325,vehicle
0.8519182470243712,1.58548700332986,14.276356213239206,17.35350932369875,0.8830515572652892,0.8643296578944484,vehicle
0.05,0.1,0.0,91.21317802167158,0.6493646039323255,0.34160469957287926,pedestrian
0.8668168793492627,2.2465941860525214,7.305406002870407,74.4737320121994,0.6700956976509342,0.5675410300849789,auto_rickshaw
0.6008986037970867,1.6538119739847401,9.30327560745193,39.131289970122005,0.3786641571561031,0.7806979872690905,unknown
0.26310242332878964,0.1695944074389966,1.1183489340883968,31.517800613994297,0.8243556677111389,0.2512281876185964,pedestrian
0.6122868101909481,1.7888377544459637,13.041323455998153,74.29625805963909,0.6017900355440291,0.7152643569274353,vehicle
1.0056874336415846,1.3930965106498578,6.822641398305034,58.51183870656584,0.6317300837451784,0.5906567347430619,auto_rickshaw
0.2006048735281387,0.8085886126458262,9.88248668982564,48.58158605306983,0.7642084156809734,0.5337255154673345,motorcycle
1.3948163233465654,1.9658822048563382,9.018835633009914,18.588337134130352,0.7998788863349726,0.9292627751965438,vehicle
0.05,0.12741994708941237,0.2595026052342748,48.123499760138756,0.6981815051477867,0.2956221959362544,pedestrian
0.19686323656050064,0.5818918229788137,0.0,77.27407871885681,0.5568077806260683,0.26416759695168973,pedestrian
0.5910143776065108,2.1513999451846035,0.0,49.55598160651963,0.6427025459140007,0.7322166005139372,static_obstacle
1.3730368224694072,1.9401890818759857,11.25274539412375,19.942404547123388,0.8958126287626473,0.8412766360615364,vehicle
0.05,0.1,0.035115641357923555,76.92872374521477,0.5636028550040663,0.3298596266928666,pedestrian
1.4078653269239185,0.9379899634971965,0.8160602789512547,36.82713732393028,0.6767368983792791,0.525601906408558,static_obstacle
0.44466902113434953,0.1,0.7573060075686762,41.63965062689617,0.7732517427695862,0.3297637296303349,pedestrian
0.6892686701826304,1.120430597097809,7.977979838064924,10.062816089285308,0.8921313650126736,0.41006365577490744,auto_rickshaw
0.6480406867908289,2.003447564021725,13.498595455629358,80.29171766635459,0.5714776148177215,0.6869488258216598,vehicle
0.22170195061043324,0.4703565942287088,1.7872751632393022,9.992966342305476,0.9530207306534355,0.5350791956113996,pedestrian
0.6373614489665077,1.2842685863748846,0.0,41.15434690096864,0.646891971695081,0.549666326899235,static_obstacle
1.3641462295209983,1.824212055974391,7.427066966294571,52.895445726820554,0.7563735413121613,0.7948723218593321,vehicle
0.8589686978160509,0.8077923252394639,1.6776114818025851,46.474388245245585,0.5914555986654982,0.5883183109213868,unknown
0.667096658687494,0.6067318883861034,4.5405945560869965,19.75000521096188,0.8834711426896819,0.7218568638110409,cyclist
1.2478155657111385,1.6613218669760854,7.831959283092205,27.14955490691182,0.8427567270658447,0.9168322027998361,vehicle
1.313763828676053,1.0701381397902412,0.9625951463336626,84.71929169539843,0.6064575038270359,0.5051067264477538,cow
1.003873932138023,2.000538998487349,3.647825291120595,49.46236982094523,0.8253606947168911,0.6809022515000988,vehicle
0.3656382780823946,0.49039399625113184,10.833622449960002,75.44131467918636,0.651015608399799,0.34999750618988457,motorcycle
1.0162831036462332,2.2946505086103746,13.808363963780067,43.57236733638017,0.817739347607085,0.7951526930838465,vehicle
0.864332355092057,0.9411856902694604,3.3692291081807455,33.98773179609494,0.7987261776212575,0.6354045258119851,cyclist
0.05,0.5611563741982649,3.6033259140951985,42.97670295877267,0.794576283708071,0.41533987349628776,pedestrian
0.860137437764064,1.7626998774184348,13.093662410799142,60.97948461854283,0.7102606096442031,0.7579393317617995,vehicle
0.7808384487402604,0.39977973980939774,8.888988837034304,88.29005503080184,0.5178145269009614,0.5423150074468581,auto_rickshaw
0.7438311560989982,1.3037897820260282,3.2349558669688996,10.254727730301678,0.9321712765362755,0.44463926756504,auto_rickshaw
1.3863285202660207,1.935083536021326,19.52293290987517,49.43854303506548,0.7262188996758256,0.7957086972171578,vehicle
1.159286340192045,1.5653511180336581,19.82073902198692,49.478438720324334,0.7837059747692399,0.6469790256482968,vehicle
0.10482572330777873,1.0749876004373875,5.727363825303645,84.33651178442298,0.7047608037732376,0.2820883307494617,auto_rickshaw
0.28385278917160617,0.5267107144831575,13.652196774209179,27.447800037236732,0.7272088330994283,0.581931583725115,motorcycle
0.27397862977424775,0.530639515411517,2.9625818221847817,26.07890007174736,0.8737280693756414,0.3690233576386328,pedestrian
0.4281479163028054,1.2602193106423498,4.018369015202051,56.49022749016268,0.600557593581002,0.5715783736124468,cyclist
1.3026487647917144,1.8682071115947974,10.248978653422169,49.25574325578216,0.8483852926599907,0.6707935764262121,vehicle
0.4014311468420857,0.7081337276659726,9.838873829627033,36.905424991654684,0.7224412713985715,0.5035864436049287,motorcycle
0.3022975445382291,0.3501696033075194,1.6581590925142744,8.762940535718933,0.7764472559930781,0.5903479419301367,pedestrian
0.5230884446227599,2.9104751961883704,18.047735227830273,91.95729088338894,0.5977792636440576,0.7692497208784868,vehicle
0.8806738605315956,0.7983781301236086,0.0,86.19533901251509,0.6498435262975698,0.43652942901878494,cow
0.05,0.4477500891122996,3.249911526050891,58.30130398619617,0.5765922958725127,0.32562231419358423,pedestrian
0.5952179323364012,0.1,5.228290782204207,85.46042305743646,0.535501395805157,0.39347025865573065,cyclist
1.2130647377729549,1.65625417198457,3.4194843314331966,51.48315271901878,0.7891781070883797,0.7810346018130299,vehicle
1.8096301728272124,1.725604380141779,15.180755401484316,53.3021713830855,0.8330597518988323,0.6929680031236273,vehicle
1.2612009979782248,1.8902470471086064,16.877977680973906,6.794018438716546,0.902294034778531,0.99,vehicle
0.778173451659858,0.1,8.970946960447614,88.72131619925015,0.5727799714156495,0.3937052595979101,cyclist
2.111209896464568,2.435589240492594,10.566238401229075,92.03398995928971,0.6354798624599455,0.7971915387488311,vehicle
1.4105981029839665,1.1498417899758604,0.40003675177363207,46.70963965460986,0.5952674012464478,0.4847824888826584,static_obstacle
0.44229435449033144,1.0900573599175074,3.0366892568831583,34.886393886875034,0.8295392261433043,0.6471468703745183,auto_rickshaw
1.7557830941166015,1.213351290180671,0.0,64.27539887058904,0.6915094312486088,0.5459528269193987,cow
0.8462833399890173,2.2927106603660934,10.53220367876245,77.83252858014923,0.6215646751855128,0.8615383940908363,vehicle
0.587460960277113,0.1,1.2661117385659764,72.0645743741528,0.6801121438490766,0.08936441062754974,pedestrian
1.4203945699801825,2.1555566009051916,13.268113226994998,33.47180824524028,0.8646837390734602,0.8815316981049095,vehicle
0.3246911410750487,2.5873762166661494,15.117709765717354,83.71180559703612,0.48504501997269966,0.702589133234421,vehicle
1.2038600601010991,1.845952560323973,13.34900363550742,22.16956201075594,0.8943262248482319,0.8977200259244935,vehicle
0.7710128357810639,2.0984422061118875,0.10979882061805546,59.59273903786467,0.7320539867466529,0.5236792367705738,cow
0.5524598291088698,0.2555423793404216,4.801016922218433,61.00979462572888,0.6179640250236209,0.27048957894807846,pedestrian
0.05,0.17857072107474262,0.9620042938588327,35.985846371455324,0.8290057390248564,0.14468623446107204,pedestrian
1.1824177498563548,2.035811999562801,14.137872175941594,31.658755806179574,0.7367215384445084,0.8815225846976741,vehicle
0.7816634968947028,1.352359274021907,0.0,28.560327346930322,0.6733676949922095,0.5357888416396311,cow
0.9512387722354299,1.9297521912385724,11.900602913713344,5.536095769294609,0.9232525936905921,0.8076355866114809,vehicle
0.8079677051514681,0.1,0.0,62.668615890995,0.6834415900772669,0.44953186063988343,static_obstacle
1.3937602480232179,2.5441451499772527,11.036561590469393,17.860221788035624,0.7383381246114994,0.9233498802710483,vehicle
0.35392270293405703,0.2990366269978212,10.134314432729045,69.81707632350451,0.5128124975320859,0.48889920145207877,motorcycle
0.3840210690754848,0.16427464603208153,8.627406753161111,46.85638847554299,0.6962080513272741,0.29663827422387756,motorcycle
1.1628851072163593,2.239272783783271,9.424016858122929,6.2736713685772285,0.8238058347919404,0.99,vehicle
0.9112160623187519,1.8340485548855405,6.796182845512792,48.6104295469978,0.7139918114227868,0.827551063049908,vehicle
1.1761588898655493,2.591594948276594,12.224244549425023,58.1214459665749,0.7064178629755165,0.6731414951431929,vehicle
1.095887840457181,2.185386146445865,13.267886808447452,67.28846315258086,0.6966880757832294,0.7119182982449701,vehicle
0.8215727524737012,1.2598401527133218,0.8283367085365574,41.02912605601634,0.8298312190517996,0.5018482949550919,cow
1.2119361566848172,1.1454617699149365,3.3074314572161123,69.40033398586719,0.6995791239933797,0.40509791041948695,auto_rickshaw
1.1633011219298939,1.3138883192828428,0.0,61.239047671651036,0.6852332175529622,0.4768817110070876,cow
0.7143176502105526,1.173478222644239,2.8115163415360627,60.205022941864584,0.7478579916139844,0.6154804075624772,auto_rickshaw
0.988860888866391,1.956848796115557,12.67068116760184,7.26275334001493,0.8479504500107417,0.8878152516140401,vehicle
1.1393488942478391,0.904251975812271,11.924187763833647,44.53996400621431,0.6626489655808563,0.7638933424468526,vehicle
0.8485469427306729,0.880206279421968,0.0,94.10893653539156,0.6147687657474973,0.4766433498355234,cow
1.5610836611108772,1.4577246395688943,13.092718927281418,64.90505625966603,0.6801209318113897,0.5429447157709086,vehicle
0.9414555864899908,1.2261922958927622,0.0,13.615667605214245,0.9480617928147154,0.6858923867900724,cow
1.2301714605250837,1.5831768239942547,13.048807191424022,20.311526294942613,0.8916177637749108,0.99,vehicle
0.4984471115554996,0.47175763761288425,1.3953711618333526,61.07875511466833,0.7710110849172832,0.3210003396629798,pedestrian
0.05,0.9589640644695323,9.467587805384206,92.36013417274887,0.3223767161845865,0.30681117755712045,unknown
0.5910484258202173,1.4984404681724197,6.980059561992662,69.28288250017856,0.7389311711118663,0.7331730808083649,vehicle
0.05,2.5381233530712635,5.023165723731492,91.31320624080084,0.2900231268887964,0.47342391110176,unknown
0.3643976266682626,2.3257237661205075,1.7522828726275848,32.51681823019562,0.46317659983674786,0.4815190528066635,unknown
0.566361426596496,0.8740159325838162,8.509408184104585,34.346041645351335,0.8170224918280004,0.6032413792586854,auto_rickshaw
0.8872399364968337,2.2244740481272203,0.16103038624682736,68.89658725559487,0.5753898153960778,0.5841428045150843,cow
0.7964584099212829,1.8593432507116496,0.45911522618352246,18.41792642994157,0.9039050932550293,0.6170178692279866,static_obstacle
0.07406710758754464,1.3060263390224724,2.483626257796057,85.63375528985918,0.5663188010168883,0.4093853560278982,auto_rickshaw
1.257040948935188,2.1274511566096606,16.656664822217458,5.572022600923133,0.8639581599684498,0.9580560214759898,vehicle
0.2631526687781062,0.1,4.400857939917145,64.81575034258631,0.519854568521073,0.45493444147633794,cyclist
0.8119418311436056,1.0067141040778311,0.027247737784550724,16.0097446557907,0.7697714892793119,0.6588275389249919,static_obstacle
1.2793736735804493,1.163707489998635,10.679311612502772,56.515148791081764,0.6900396971009887,0.8330788081827107,vehicle
1.3603992564872949,1.2010343299156014,4.881195893841859,73.02396342197366,0.6304721081156759,0.8245763801096038,vehicle
0.7701994445570268,2.3306870685937877,15.345088404243993,61.702103593446715,0.6871793226339253,0.8591857256997193,vehicle
0.7775367178722206,1.1702131010450905,0.45571001803341094,37.229679962123775,0.6776558149241526,0.5473920357998451,static_obstacle
0.3722211449802011,1.0198153407751862,6.795312418485528,28.815343883766793,0.7310991858103922,0.5035104933528413,auto_rickshaw
1.3025206731780359,1.9039753093449212,10.312545790065657,22.30746410350062,0.8706205635425455,0.9022905630084148,vehicle
0.05,0.1,12.820850607685673,67.79762986746789,0.7266753569817204,0.4746594101391946,motorcycle
1.8028487239468012,1.489605804850774,0.34762686769959644,81.84047586135125,0.6826314713537226,0.37677565507189736,cow
1.2188074581161414,0.773760833216353,5.225330108594213,83.77386196651013,0.6088539525206028,0.600156711162745,auto_rickshaw
0.8720117660429559,0.14065337103078157,0.0,86.26922924014573,0.7002603712185707,0.3864360487272881,static_obstacle
0.5949558508600131,0.7468333259690254,3.219797112485426,5.8681895476484485,0.9250061974802491,0.5918895964469096,auto_rickshaw
0.05871981721279773,0.6397164370654438,1.4112548500577096,63.16120250432295,0.5978822668696337,0.3145657535650269,pedestrian
0.28598560004408297,1.2937000299910153,6.21192589454589,49.331611825853706,0.8602804011700901,0.6240564284335588,auto_rickshaw
0.43247352393847527,0.13753466664343386,3.9326456296850814,71.39363616628054,0.5679904179495519,0.33779381505725903,pedestrian
0.43809826326517476,0.3034273884727061,11.351183135769622,38.10094065911472,0.7896490653999013,0.4299773776413518,motorcycle
0.9952276567892377,1.5215523309249772,7.540841797857902,26.258944608262116,0.4478027957123503,0.4751454885777383,unknown
0.8830703576651173,2.07382400104634,11.992535245323136,43.776623393059715,0.8365330626400957,0.6718563907867162,vehicle
1.8464822356449622,1.9068439128663028,14.593857020576873,82.3130047831622,0.6599417107077579,0.8522717353717717,vehicle
1.1448659805511139,0.9641495079760891,0.03730739363736495,7.894886490033535,0.903244766373888,0.7960079077008849,cow
1.2194106798518831,2.559173453748094,4.555526368288128,44.65981469826946,0.7880605214912122,0.8422303421602825,vehicle
0.5100585855717924,1.287091144362492,2.916104964553046,53.552808650277974,0.8236114828132843,0.48581974803320493,auto_rickshaw
0.14980231091073481,0.1,1.631209890330884,47.478104101384176,0.6879688980665003,0.3210542248051351,pedestrian
0.23847659416401978,0.3769456385360592,0.6129276995945337,15.93559467168332,0.8858345436212247,0.3895285558764776,pedestrian
0.771194179758634,1.8730652545759057,12.46311838201148,33.68608745889729,0.38309405882181585,0.7727062307123207,unknown
0.7471827729505974,1.4299338547113798,0.0808571371445376,10.2119110588224,0.8302065967203826,0.6128712123549265,cow
1.6005991571822227,1.7107519272911573,1.8647832144518839,74.00918496830617,0.5875050411757429,0.30943848508941263,auto_rickshaw
1.4314952691599234,1.537159702335458,12.301278562628863,80.30676439764906,0.7485162221197024,0.8114764622258454,vehicle
0.5564037361711565,1.1550124444765566,0.6689347845940036,20.957172576085274,0.8731732448641171,0.7072258527296608,cow
0.8579302218791983,1.1559926699779732,0.01794247781364372,38.51494464451925,0.7849414140806361,0.3500320101050982,static_obstacle
1.1219788617366484,1.0529779941573136,0.559457478205889,51.92928074378703,0.7226165766220408,0.4329042141158199,static_obstacle
0.3994008282084137,1.3436924222442683,0.0,69.56298657534555,0.5893576641242205,0.46165138472916917,cow
0.48470112890843275,1.2164665483595025,0.0,8.18710035718211,0.8927396002418297,0.7112573021032431,static_obstacle
0.8492358066228168,1.676575755063942,12.544399716323944,28.450444474210027,0.6996983444205254,0.752898034999397,vehicle
1.7395694033778981,1.6849321353558324,10.913263343557396,33.84419492587052,0.9028868654028134,0.7962278276850899,vehicle
0.7920122150858168,1.383683339709314,0.1422534099602885,10.170062068941853,0.9500554777301344,0.5847498847411112,cow
1.052714109601137,2.266206517137629,6.344034474159911,42.29546441288201,0.7066238006489317,0.7033102620982195,vehicle
1.0582436924246348,0.47431260768588346,2.510407770587352,54.42479355186042,0.6610741446061492,0.357035500161368,cow
0.6871038497143194,1.6861848449096182,7.891956520466108,81.6731817491444,0.5930505687182438,0.8340243859373243,vehicle
0.8767181895819659,0.8235260319929096,0.0,67.93365918170629,0.721289825075546,0.5522409394993337,static_obstacle
0.24705275067082988,3.0500564051254955,2.8910757261989666,92.58806560926413,0.6700644087986162,0.45565760667213673,cow
0.9524422106542249,1.985019769371955,14.14320778181648,29.463627417439323,0.8124341758844579,0.7992763814676616,vehicle
0.2975469080459645,0.21730570588604903,0.9405591368304214,5.196811651962365,0.8726804576808324,0.2726725339652777,pedestrian
0.3847440675696784,0.8406617031601477,2.0855307961809246,34.78270689620221,0.9324369192528921,0.4006597781306661,pedestrian
0.5927894794174606,0.9779111796906832,0.896961406102495,87.91630092371337,0.5824973528456652,0.45755499625537527,static_obstacle
0.2146575145368328,0.9956335060044108,5.381020828121654,39.83276334907921,0.7378211513488192,0.43309999056452436,auto_rickshaw
0.05,0.1,1.1779685048071369,93.70244896511811,0.5158677265136566,0.15454731425208346,pedestrian
1.023614978546703,1.5377911387580285,0.4020123637152162,17.80883971281254,0.7855687201130436,0.48540795678630644,cow
1.1365989552620352,1.9551982874362053,11.781532362029818,12.08746214693171,0.9698193521012649,0.851922746726314,vehicle
0.2070889287037596,0.5399887698468604,9.669951896646179,82.63379452602538,0.6846813924891106,0.5353305586752662,cyclist
0.3104952552353738,1.0604292182092867,8.430705700330986,73.61211131793148,0.5836442897736163,0.4990347779530175,motorcycle
0.8664652190452407,2.1340369663156578,5.772660105746134,31.605486733406973,0.7032013755887353,0.933704917673125,vehicle
0.6330799057439818,1.303325972143945,6.117762676350548,62.34765032083785,0.7334816971726353,0.19971105736039835,cyclist
0.09980259207721438,0.38464664106633556,0.0,61.71661669707851,0.7038414382380572,0.23994490529135062,pedestrian
0.2831355824747165,0.20437184057026714,1.3790705068032956,73.24978460497542,0.5960255821240249,0.3688874035988938,pedestrian
1.5460507904138032,1.8529557621575143,17.527239684424835,33.524203531982074,0.7689575983408127,0.8534888807913382,vehicle
1.0317145156675969,0.1,3.65176064589539,79.23323499698566,0.6255437904383218,0.18369427119203907,pedestrian
1.1637725634084823,0.5237323080470699,0.06738289419715696,65.90329304996973,0.5170532924872029,0.701267870844406,static_obstacle
1.423529387049311,2.4560123385488666,11.792373488458807,13.627962662539566,0.8411327656961648,0.99,vehicle
0.706534808148896,1.359576336131202,4.354112246348594,90.15016237510635,0.4455046592936124,0.49801970453710537,cyclist
1.3013370862091436,2.5283288015497742,14.521356467996391,67.3312917231293,0.677791783928506,0.6863690094095732,vehicle
1.1655317743843376,1.8720439861028075,14.284680388394705,5.659821031636788,0.8041310652120753,0.8059040921761683,vehicle
1.1997772955186592,1.7787518773957784,0.0,85.03394296222565,0.5958873350872572,0.23780762964898522,cow
0.23517983927559613,0.3701070097010881,10.201414146829295,65.77436082076454,0.6752049531523885,0.455397137127151,motorcycle
0.5089252687241157,0.673618944957382,2.6419046109355904,44.98985101848625,0.8783578194350581,0.36076562755665825,pedestrian
0.5430475037146637,0.9707234980268933,8.698905269111414,52.35614089280149,0.827228501460847,0.4710290560270049,motorcycle
0.6097109277687333,1.204084162105498,0.0,43.18424873358365,0.6919689732016796,0.6094073974909346,static_obstacle
0.6085861844964788,1.0806966325339913,0.9810230934859847,43.58111085985665,0.7048434669092241,0.37571945370251325,static_obstacle
0.670686428666432,0.5123739772747078,6.84925526675977,65.33982682616531,0.6668864929953022,0.5378352377634343,cyclist
0.05,0.6839930630151163,0.0,73.4670686662799,0.6125485156733852,0.34201246997872925,pedestrian
0.15908537876732315,0.1,0.7803644421060595,73.16178691154865,0.6187245377266393,0.15463527302857447,pedestrian
1.5788156429556124,1.2276109387035068,1.8990220682063954,73.49299907787788,0.5979839662713465,0.5193540351543144,static_obstacle
0.9378144161891458,1.503626768277766,16.863155197852787,55.91828717320257,0.8046186947920889,0.7870215962742367,vehicle
0.14188584725675094,0.7490201154849427,15.853929824209052,49.10126950019196,0.7194219227384662,0.48056398094105485,motorcycle
1.16301677550519,1.9071757098236792,14.132983178616026,28.801870026211503,0.8525146436289707,0.8489115758018865,vehicle
0.05,0.17128193542168127,0.9821320188904927,33.804699620188174,0.8416584714873437,0.366736508110086,pedestrian
1.00921639794519,1.0680376294674983,1.788232108115092,53.69419525667654,0.6838956969204092,0.3511043096152683,cow
1.336920659220827,2.2590789642355853,14.974095944675808,16.141168440261854,0.775717919626285,0.8681035061226493,vehicle
0.05,0.5128859949492286,5.507536384135307,76.01282756715794,0.6634524492166647,0.464605652725043,cyclist
1.0557903369378605,1.9297928202784134,0.0,68.96616154129113,0.6685075854620128,0.35158639812049847,cow
0.05,0.44108206787951315,7.820820116865316,50.14575943393723,0.7010021976227905,0.5768174276516838,motorcycle
0.8295747639718786,1.2689038585186014,1.6774703678584444,43.09214899025545,0.7432877886242013,0.533348329120107,auto_rickshaw
0.31416965557926124,1.2762582754145626,3.1789421537381126,91.53203028689533,0.6322154749304948,0.45961473832421385,cow
1.1634703392953323,2.2570747637712616,0.6622258622971163,75.19434279435875,0.5877535932963645,0.43264245384135075,cow
0.3709179599695629,0.8204267682913173,11.17170305893291,26.60923166082808,0.6949895594997744,0.6075197951564522,motorcycle
1.2706395940584834,1.3211336272733956,13.11784696842574,48.784471787953144,0.8658853983290736,0.7302370626844302,vehicle
0.16776212022085998,0.21320019856014227,1.0964539424287187,9.905315381405371,0.7226806349813514,0.26901527736554925,pedestrian
1.1470015901788178,1.8033865850230115,7.197094305329634,19.458876997371267,0.8738547957086827,0.9295850971655014,vehicle
1.2296302580917629,1.4605327556248664,9.89156217136543,36.26122596894683,0.7559454758178126,0.7755600495953339,vehicle
0.8919385940509093,0.9095700527573106,0.0,72.81861174381469,0.6259914561533865,0.34168057311805716,cow
0.5171291591256038,0.6179478924718066,0.2796948616732303,12.786361902453734,0.8089718562730329,0.4781669687512527,static_obstacle
0.7636053454636106,0.686201492841753,0.0,82.56984631738132,0.521334275147999,0.6812098936606824,static_obstacle
0.18528462915469218,0.4024952467951155,0.0,70.16580954435805,0.4728852084690762,0.254907669795682,pedestrian
1.1695278248754768,1.3266027822112973,0.09219660704312904,50.05612886912551,0.7817494997198531,0.41512770006070565,cow
1.0851050591258735,1.3311453928162298,12.074023101202426,34.26256457031822,0.7856425580297701,0.989935459666644,vehicle
0.9673163081766473,0.9454049415525868,0.0,15.298266311415079,0.9784984010202248,0.5298879435988106,cow
1.303932950028734,1.907795692407165,0.0,90.67589893642018,0.5815139859524588,0.4186985342236218,static_obstacle
0.6301738447567661,2.533511370743172,10.399317007756101,77.1718640313848,0.6920126580226529,0.8741082398426857,vehicle
0.41982852805710663,0.24993148502773424,0.3633642512384462,45.82573298261731,0.7055671653811922,0.2828997189791949,pedestrian
0.12177161062517622,0.8166190361261696,0.0,81.53457841742636,0.6815610669952781,0.13503178513036845,pedestrian
0.05,0.8695553773610888,2.416832594366594,57.03254077641702,0.8033338104354949,0.39483967771803613,auto_rickshaw
0.30792824618211845,0.6117201956188245,6.472644549434487,10.839811584301856,0.8225392630804644,0.6239469994962373,motorcycle
0.4429453773423789,0.7615880115462598,0.0,9.814062765182625,0.8606920055097121,0.6673722721024031,static_obstacle
0.2642774904233528,0.5727703209314275,0.9238968420140014,54.011362672489,0.758625071063166,0.16351170412976657,pedestrian
1.2856656776088278,1.6161181829793465,16.55468684800939,29.615546237520913,0.7540176588253451,0.874903998950701,vehicle
1.2920475534234959,0.9293244862777069,0.4664676148544016,69.11316597993542,0.6336205747587044,0.601287338068366,cow
0.47721224372774873,0.824094549345209,7.472977637461674,30.660357043283987,0.8429955321895191,0.5492013893942879,auto_rickshaw
0.05,0.1,2.1258533575741074,56.731855588459325,0.6727491459841205,0.20655103666108154,pedestrian
0.05,0.6229574693011588,0.0,66.10283734650154,0.7098863018520205,0.28631312172026613,pedestrian
1.1767012182560541,1.8207800485217938,0.0,58.29930146338717,0.7670639345461241,0.472836706698483,cow
1.3194864209276245,1.6315130420608912,6.575148158840679,92.05487000906342,0.6221823515123925,0.7406184733592289,vehicle
0.8048952306600112,1.0698252981387415,13.57951224080486,82.38384824427332,0.5725852910989047,0.8223049705233905,vehicle
0.5919938998978143,0.1,3.4016321818426567,77.660503170802,0.505005227126213,0.17347755829131073,pedestrian
0.21451290916343957,1.0878220232505376,3.3658466112083105,37.98614219676077,0.6942831038208355,0.6387266201815697,cyclist
0.6018312928861023,1.2347395084888109,8.98385129945258,36.62831799266269,0.8054143120264281,0.5086355403799399,auto_rickshaw
0.3724332310819507,0.1,6.445336095788397,86.09458142187906,0.6674317045372515,0.43942441517857733,motorcycle
0.24511228867971396,1.8514537903223591,0.2618609626638787,17.180541580732218,0.7880202976979949,0.5767615426861308,static_obstacle
0.08021270749688059,0.5253866448494103,5.968550253388696,54.35261049882122,0.6530955745833712,0.5628646646520399,cyclist
0.06339100831097605,0.1,0.0,68.6091838853377,0.6826481513855087,0.18046608721137236,pedestrian
0.46536720719107066,0.5787174460684014,5.533722092475983,7.972952854314357,0.7766735536849889,0.5635116361736543,cyclist
2.0819152674781467,2.1302602287123036,3.923814676270008,62.51868891667299,0.7433743748134131,0.6362897860988599,vehicle
0.9700501136946243,1.9817124281508043,0.0,50.4458391412824,0.6197048715871087,0.5296214097402652,static_obstacle
1.5926057850057176,2.260747062230942,10.746070498031889,42.44412643353283,0.8691240226728428,0.8915722257107652,vehicle
1.1239368961537926,2.2485404980268533,20.135042294825134,55.71317162384216,0.7918815598585257,0.7857747391742318,vehicle
0.05,0.1,1.4599678888353917,63.060127890556025,0.6354464095329745,0.23435405160432585,pedestrian
0.24150274198111787,1.2544680351523319,12.453838536152212,83.71935255429607,0.5700641778567364,0.5783479298145168,vehicle
0.13376937997415314,0.6158431692365273,0.6153760547067388,24.478582628594506,0.6924193270213491,0.43786298014106995,pedestrian
0.5723346462301159,1.3938660354870889,13.184900432558027,75.97426778523477,0.6871444994070961,0.8686650204292606,vehicle
0.10824364070046356,2.1861035121792463,0.8605387328279286,84.16843853171173,0.15,0.4555196561675385,unknown
1.2693352107765379,3.002013202500507,9.095774255963944,56.018962260327314,0.8353991774951914,0.7959965473300615,vehicle
0.07204497902580823,0.5316136998954163,3.361473898084962,32.73680589767127,0.8180082983971549,0.5982718528988222,cyclist
0.5964666724761456,1.4545470814801589,12.213439123231733,70.1367422896118,0.623025650177844,0.6011579621647213,motorcycle
1.1223639949202409,1.9480297718909534,8.93858916117428,40.45607099220064,0.32950138899336506,0.6037400113998439,unknown
1.1205767887591211,1.2881349723696083,1.3465000931731805,32.03685082707292,0.6902115868655858,0.5054894167272093,static_obstacle
0.5231050548215227,1.02252617898203,7.868454756357581,86.50275370221235,0.6130426505448897,0.45944709190801325,auto_rickshaw
1.1721565540888468,1.6715140924738974,17.16755201009172,25.612074213243332,0.7828224781871342,0.9040309756475726,vehicle
2.2142667057622454,1.8176301002204065,11.44114536925758,79.36156855101935,0.6675216380603533,0.6900326831087081,vehicle
1.876401699766995,2.3842332986765506,11.988226636826788,55.09898699206241,0.7150811282967053,0.9600285820179878,vehicle
0.908854410433677,1.0777553108454725,0.0,30.893332682510966,0.7849047810210477,0.5348528876155434,cow
0.2866982692089549,1.7018800899446307,0.0,57.823121281073945,0.653778434429745,0.45113902555698226,cow
1.23023796387881,1.3454716530033517,12.09477312895806,25.99821851994528,0.8514771353767678,0.7861753647489421,vehicle
0.4396088055392353,0.6678278131608325,0.0,37.833012437168435,0.8231651227239726,0.14796384287225053,pedestrian
0.2777173325262678,0.5463519790921043,0.5262996450209461,70.6776154943614,0.6567934822781728,0.38859350764642575,static_obstacle
0.3973904467551699,0.5238047160265287,1.2406538325308403,17.403892365199752,0.8225850592398202,0.2996741514682656,pedestrian
0.5031953901022631,0.970292546997155,0.2095906197199787,14.00446224327614,0.8939467401109797,0.4672093674839663,static_obstacle
0.9796086155999881,1.5960939691958531,0.0,53.39535779531125,0.763726137866827,0.558412161532962,cow
1.0900691260867168,1.4059723942064974,1.4845973089537048,89.06415036338258,0.6510429135656343,0.331929987990496,cow
1.2982975015274438,2.121589274869141,0.0,69.76188781219702,0.62983320504181,0.5966045009670681,cow
0.36994429300274223,0.6549670843986874,8.605120256729917,39.93364226955375,0.7560696269806377,0.5890701768013662,motorcycle
0.5993366327168509,1.0904215501499883,4.5171517081166455,83.62319942329977,0.47985472574262833,0.46244075962444486,cyclist
1.4636144881382933,0.1,0.0,69.6397585084891,0.6652694422750152,0.4199187621257988,cow
0.1100683528652537,0.3461289916230299,0.0,20.931717640842283,0.8696834530964915,0.7102937812284518,static_obstacle
1.1682200714898041,1.396319732740831,8.194092111458128,24.58117335571139,0.8424462608978677,0.7987044364710588,vehicle
0.23511796058130646,0.17884693452661773,2.0474932633985,39.28650852989787,0.7042352345648873,0.31815548189983034,pedestrian
1.1278009749914935,1.4402046798573658,7.963543274973048,12.899347809980796,0.802454501713338,0.8621199258442068,vehicle
1.1809110271743342,1.0397384040034314,0.8225513075319717,85.53971062248813,0.5182825143851599,0.7470596752455508,vehicle
0.05,0.3631475525963952,2.6734209382534564,90.52551040553904,0.4924116266306743,0.3019180514821033,static_obstacle
0.8267416969561586,1.66715557196965,1.9473680906849133,75.00636643022233,0.5586094865927174,0.4427661399518923,auto_rickshaw
1.8679183253556404,1.4768697514783462,7.82437389529549,38.78214253069332,0.7033339152800845,0.8008608782634851,vehicle
0.13060764114436763,0.5332716749165483,0.6961854819385781,73.0062485705633,0.5947735173309054,0.2654350936398243,pedestrian
0.5105488438427805,0.58165511713834,13.121454952269042,22.092232617289294,0.9051135850207427,0.5866444502560385,motorcycle
0.05,0.1,0.7161924283152152,81.33870397836466,0.5885466043842282,0.29726623265917407,pedestrian
0.1657576659163405,0.4973508849641042,6.048985586701635,43.50169606813359,0.7282230277276268,0.4628694779189693,cyclist
0.7073770476313538,0.7080238318610892,0.0,34.51889726097913,0.7418152695990505,0.34628635822773923,static_obstacle
0.3004269871300483,0.6850025943921454,8.13573445991641,40.21780137340259,0.7472673372874278,0.47129742601567304,cyclist
0.2759611398381678,0.5056826449705806,0.8860199503138324,16.391100596688695,0.9691796432479364,0.32768456175492455,pedestrian
0.05,1.042955791301698,1.5597885915036414,49.27880845322573,0.7655415638938241,0.32157767572439,pedestrian
0.2040438860716537,0.1,0.0,85.61774685060199,0.6243527236609359,0.2748221690178875,pedestrian
0.5418731666436557,0.37598140168399646,0.7235067899579104,94.0157302670043,0.39599894362669213,0.5678002576970183,static_obstacle
0.2841114003625054,0.9966714056169819,4.180297562482658,32.662010842097686,0.7793091447045591,0.6081395145765122,cyclist
1.4084105782422862,1.7765121806712205,16.029232240623244,76.14196386295954,0.6308017248954224,0.7791443843807336,vehicle
1.610509239617709,1.550315716509783,0.0,83.36889400214527,0.5554967817535674,0.5355804659614621,static_obstacle
0.8645880745967958,1.4523826920577783,11.033336286685897,58.89642365796804,0.7549957562260465,0.4586478238773722,auto_rickshaw
0.05,0.1,2.7750315826000813,90.94433645824431,0.5460188607204022,0.1910497164224051,pedestrian
1.0251698592559242,0.9533574115166732,4.300006665233945,36.148354490025106,0.6962769150584743,0.49531255530288193,cyclist
0.8430491617406901,1.4271647932606943,0.534985027828364,72.80942021566064,0.6291318483151989,0.25637845136455856,cow
0.9856675852048399,1.4768635412772362,14.262949249364219,47.19305633580972,0.8070128344568717,0.8776428878372932,vehicle
1.0095803808182326,1.3092091378266555,15.47579663408006,18.770377549900743,0.7587912056911141,0.9074746291426075,vehicle
0.9446338886405392,0.8316613411775963,0.0,26.516638453290554,0.8121931438010559,0.5267678369383676,static_obstacle
0.24373253444134174,0.35145779421515216,13.696104759100821,32.5017183070818,0.9073574406298777,0.5546692878420587,motorcycle
0.05,1.073114748780011,1.8817000289708066,93.1235335926147,0.5024720218505491,0.3711506034938425,auto_rickshaw
1.2827304463441007,1.0103194613828945,0.0,71.17796531778,0.568340967531984,0.5155457172279123,static_obstacle
0.1954179873536953,1.0700929845225509,0.0,94.13465649609702,0.5932243260234188,0.47116434788150485,cow
1.6193937950196053,1.434122710847968,9.062172267471212,78.54955860481667,0.6360549492394671,0.6175604972338857,vehicle
0.6251586607813839,1.446656450812879,0.0,30.53245481021228,0.8118102992046246,0.6971618452786532,static_obstacle
0.2820038952655119,0.3661543282484984,3.326621042713089,62.71366009025211,0.6695196325360818,0.5333391957043065,cyclist
1.1239579758384017,1.1822074531170532,13.309552645413438,73.24408810992338,0.6311220677247369,0.7133087444799956,vehicle
0.6950006831832396,1.861160516858837,0.0,31.59563996342501,0.6995014044100926,0.5984522028601761,cow
0.7292693479442454,0.7944945738223629,0.0,34.21933253918857,0.7876098988673748,0.4295230899979814,static_obstacle
1.4516427032646002,1.7379734707312657,9.522588427938397,12.139928050142622,0.9639033207134889,0.8237924396524904,vehicle
0.2641454747508576,0.6085622277322529,15.409148550352391,8.699028113247781,0.8599258561275347,0.5015489855538295,motorcycle
0.06748379993136011,0.602121146761908,2.141635526081557,72.90218374809572,0.6406321167560141,0.09873012482042787,pedestrian
1.2225594042933268,1.906048872298301,11.162291402779827,8.125403849547672,0.8137026705381312,0.8021341426775378,vehicle
0.28918359815784045,0.1,0.6811612159156466,77.8717887934904,0.6493629708496467,0.2786842301681184,pedestrian
0.9642816129799947,1.302441949237347,0.0,44.00519268751744,0.8131182624069461,0.44506747379321415,cow
0.581384280206328,1.2397923019381234,0.3913189860471653,64.7450368163794,0.5413549172134606,0.5373024628029182,cow
0.8295322766561993,1.5705365803774962,15.728683413410085,13.454707286736047,0.8810504662548232,0.8353756515891413,vehicle
0.05,1.708291097620701,0.0,89.88642773054934,0.4705809236842544,0.5141895405990308,cow
0.8494709822859523,1.4794492276748514,6.266158290274155,40.454122307883274,0.7713061245255374,0.8831197775258697,vehicle
0.7690861385942291,1.5286249086975832,0.22912962020393582,6.067608029550245,0.8927455104473189,0.4077667264173337,cow
0.3053552129518137,0.688721357231743,7.878617945931271,13.940711599406834,0.8409095931742765,0.5120536319843847,cyclist
1.790571910479856,1.7293517508246905,11.538287165970555,91.0947310292573,0.5826337743322411,0.5845613556670277,vehicle
0.21068380519549945,1.0764467545280747,13.524042530829604,46.91136923279664,0.8528219256505277,0.47159095044069693,motorcycle
1.0132989162617663,2.2438385406618453,4.5954724087748335,56.5771702857767,0.746200368224495,0.7568978690980179,vehicle
0.05,0.1,0.6537650162636011,48.91765436158045,0.6884291898523515,0.3223028800759813,pedestrian
1.4244654789355977,1.2953699152060716,0.4092956673952654,20.569745225050486,0.8588118496952134,0.5426888311072492,static_obstacle
0.16618464814333248,0.5666099266090251,11.893952059530355,42.59100515051627,0.8108197526032228,0.4375130625446326,motorcycle
1.1372138375821887,1.7903056598023042,13.046002064243714,58.613228230080715,0.6037976497033567,0.6335186737928018,vehicle
0.056205588513380034,0.20868341357087553,2.6946432039148993,61.03155570220911,0.6535719652088711,0.3436565235190601,pedestrian
1.218438974455716,1.5688819229809836,4.854245116601001,27.277762424857308,0.740900859045047,0.9127109390283651,vehicle
0.3967848537270984,0.7926210566807511,5.214134965897292,36.756047464250685,0.7648759030735923,0.576373054985601,cyclist
1.3372379601798203,2.088422295934752,8.363418236397488,23.01281525493067,0.8132567955983796,0.8758756776233809,vehicle
0.9082874340548472,0.6541209549930715,0.009723177093517194,33.843029312063116,0.7979339515807555,0.4693514826135643,cow
0.9029962904564901,0.9485054504497435,2.5731642651986357,59.451523821567406,0.21109577012628314,0.3373245497955313,unknown
0.6493977033180086,0.4710340210367321,3.8537486075961467,8.480114238004813,0.8429008753355491,0.6214886193533303,cyclist
0.7784698962136967,2.2791376992091643,14.072983584370045,61.14698343599185,0.6117766531303108,0.7991268942939155,vehicle
1.366770712707749,2.158237148929579,11.32361319155044,44.22177348319133,0.7392370218767655,0.7854409462170875,vehicle
0.13316556757288467,0.1,2.129371811899765,38.95430530404733,0.8597989002354989,0.288099779856712,pedestrian
0.2235273342509644,1.5313205371311782,10.866824313310435,72.34780982334345,0.746800103250039,0.3777170987081833,motorcycle
1.0833016494665388,2.1636440176486205,19.733796321383693,37.371593733164715,0.766017089526365,0.8413903731197014,vehicle
0.8570412817426056,2.7085975370277966,16.699957277139692,42.68840345719328,0.7464281203617382,0.7243681261070778,vehicle
0.8506729230686825,1.795392583407108,0.0,44.62753696688809,0.653684739302753,0.5251293354278691,cow
0.9968302513056496,1.9295418780604736,16.25952078541323,52.98684210647547,0.7073826292873703,0.9128894665160463,vehicle
1.3293600693835914,1.4235180344330007,0.0,75.68464752752985,0.6678612001090228,0.4586369116140522,static_obstacle
0.25689937065336127,0.2806669766689913,2.5268668635874922,63.54338553915697,0.6197184403144804,0.21294358102349567,pedestrian
0.7438644901123916,0.9157147912357679,3.843097052328601,9.139695652097394,0.9457604291645307,0.5047799737341742,auto_rickshaw
0.386379158135238,0.6876764693599419,8.172105870509796,21.751861272665654,0.7822891770377681,0.6470715798964082,motorcycle
1.1097027764624594,1.4115464068866799,0.0,27.20882859823661,0.7845899497168839,0.4163711596559418,static_obstacle
0.05,0.1,7.6748224251622945,70.79912739320694,0.7913551996580369,0.5640732051677326,motorcycle
1.7118497799780907,2.482602038272872,9.340314939415007,63.235508168201974,0.6656588434066555,0.7341586197454252,vehicle
0.596792434488026,1.1541867454537347,6.028531844033589,34.42427596604116,0.7730760423892935,0.6742479736355556,cyclist
0.855944457751253,0.9079556783907057,0.0,30.677824536464595,0.7249309092679007,0.5747377541214613,static_obstacle
1.7340252071231024,2.0825589126836137,0.0,81.62776968974278,0.5667375780675056,0.4527901410569056,static_obstacle
1.6777616074465536,1.9371970197305137,14.674559055421527,22.561196778421014,0.8154674007850015,0.7943044532898036,vehicle
0.9524460380765889,2.2608734088275684,7.345176040610458,94.44069439508144,0.5216136041483078,0.48509212102918997,vehicle
0.2560790459214661,0.28373485047332536,1.3414739177622141,14.454351961479336,0.9577053626293192,0.2604564364599965,pedestrian
1.4471706668019382,2.570168843910673,2.4217232431258457,94.65720399868772,0.6903374257029984,0.6257466236777327,vehicle
1.4551552427736703,2.732468841240053,9.063199439902643,32.64891048967127,0.8132994588389943,0.9361426050502788,vehicle
0.4037226448427952,1.5643143451829506,0.0,63.45778546611748,0.7723102788246728,0.4204555599602763,cow
1.5334393664597075,0.5859676151750538,13.278045888078765,81.26114589775645,0.6308152536466607,0.7415457471447544,vehicle
0.7223073974336554,0.919973279847996,0.0,64.421546289749,0.6971615437972232,0.31797512601444866,pedestrian
1.6475614822748579,1.9850471883921934,4.117326150125973,87.31406937943844,0.5522165359595673,0.24108124825010707,static_obstacle
0.9684640521915354,0.4570326988165952,0.0,89.40310241889124,0.5086277698954436,0.6986249410902272,static_obstacle
0.17046726455050326,1.1645657309112925,16.373754263466445,68.22816671265606,0.589129244997795,0.5297795194074912,motorcycle
1.0954290790712289,1.5499817936949518,0.9690319766994263,20.040346665550345,0.8020366004410399,0.5709730322454055,static_obstacle
1.2369220832518133,1.9640501758082192,10.231920963425924,45.616977121732155,0.8177340069421398,0.7811749328872213,vehicle
0.6390234599492925,1.921637975345763,5.172599444726328,87.36556260978372,0.5729555628064958,0.35941369386917904,auto_rickshaw
0.5362234048411699,0.6192853449264419,6.155156979110186,42.610901620220254,0.728452568178677,0.44268842403767683,cyclist
0.05,0.4712067075312536,0.0,60.55665816243241,0.696769499539565,0.09229575069642795,pedestrian
1.3454503504269306,2.100213477001655,1.8067987715964273,68.06866611137536,0.610321441830158,0.5069077420534591,static_obstacle
0.5222662502858796,0.49947386333666166,9.27796242418859,16.87889111035707,0.871277052168424,0.4257758566859391,motorcycle
0.9186032009353,2.0773746520170433,7.113170447123739,58.700494043545454,0.639905924726502,0.7864337718938315,vehicle
0.874916832005272,1.9113266815340197,16.233470018269728,59.94915027867646,0.7823610177371989,0.6846073104066098,vehicle
0.0881979389915093,0.22954793596889983,2.109202615201397,14.432564750059907,0.7937237078807777,0.5066404223553813,pedestrian
1.0758497972624823,2.049115140255311,13.62633814931917,5.769054671868794,0.7482023970743369,0.9447397869035641,vehicle
2.5175171972861823,2.1821626720876157,10.477767939345904,92.7284696175856,0.5808067508228751,0.6723179470483045,vehicle
0.3368191085832172,1.3524206384422675,0.11284894765239431,68.61522096180914,0.7594093099838154,0.41934519224242905,static_obstacle
0.06391807038044336,0.5491948770511612,3.0344824084292643,26.76491864014538,0.8205575121619472,0.32682628802641095,pedestrian
0.5177317985454701,0.9092432239131387,16.872687187369035,75.63798232100076,0.6596014934639782,0.5854015738449196,motorcycle
0.7284754523750878,1.6474244345583464,1.9261759062244628,41.21272022762098,0.7237118658431052,0.3574956223653958,cow
0.5497002040808594,0.3990733493350559,0.0,61.86432669487492,0.6628966859014935,0.5342550769485566,static_obstacle
0.5950402385412885,0.9593552354699446,1.5439290271918455,62.32556500509247,0.625087209241913,0.469679589527852,auto_rickshaw
0.7399748981731094,0.7551801256495931,2.6476644411536956,74.66376185183948,0.695001881287073,0.28206535000709154,pedestrian
0.5765105852821353,0.6198332531262808,5.438647521689544,18.03392246270346,0.7733025524940849,0.7041231434177663,cyclist
0.7448254330570991,1.0575283304655132,2.4644267650830587,85.05263063280161,0.5632852758885709,0.43812193738311295,static_obstacle
0.7509702745945389,0.6230055193671249,8.22212981960428,34.97865881164643,0.8117649032486827,0.6732008879604325,auto_rickshaw
0.17516226755023268,0.6308035724047333,5.9969471435956345,84.24138905545209,0.7005875494094168,0.5401975656901996,auto_rickshaw
1.0218895187686357,2.5005374418577957,15.439298797897719,31.644548339515392,0.7863651477344195,0.8315685413916724,vehicle
0.8959175781346453,0.7863311763282885,8.51033591824892,56.234403839163384,0.6400751544086211,0.7401035115483052,motorcycle
0.21890961010214868,0.31568550906190557,1.6311324302674424,11.816965225012016,0.9084218773872124,0.2997368790012043,pedestrian
1.036072329361911,0.26533283418161124,8.837216713913486,87.34712282248056,0.60538655385362,0.4476159996272078,motorcycle
0.7455524261150586,2.391632840186088,5.890497931159315,58.33281880567348,0.4155601969880587,0.6644313407911852,unknown
0.5578159499175228,1.999055090781602,8.621639649063717,30.640324146455285,0.8445496625872538,0.6188962669677047,vehicle
0.25809995801885416,1.7980583197923967,0.0,92.23378729652295,0.5428518155143246,0.3866519023671423,cow
0.2878644974341154,0.3194628607141235,2.0210834899365087,7.0783978684567845,0.9455902630298646,0.40398428164877015,pedestrian
1.1365998590719557,1.8904582982836946,8.874791143746872,49.790760966644314,0.694788445659767,0.8769359606020594,vehicle
0.3705825903788056,1.005088127659365,7.203574421054187,32.27085673679838,0.7056311636953022,0.6498977466886366,cyclist
1.2047096772630397,2.514695990646758,3.058026587922535,90.91297615076031,0.6138269327507618,0.48230978531044866,static_obstacle
0.5489255424284765,0.15215250572818306,8.298636249541781,40.493522925059345,0.7536147660115375,0.49072927636913766,motorcycle
1.1557815665346802,1.892854984595051,0.0,38.53491716272703,0.8784784269607647,0.4605124969614826,cow
0.24214831099122808,0.1,4.169169681121073,81.79753117057429,0.6997553092274218,0.4896420211480588,cyclist
0.8036878632286941,1.0614797695374452,5.024540748151958,23.469489265735895,0.7822638830038052,0.49549653964111723,auto_rickshaw
0.05,1.133230399953806,8.538705865597759,90.8811144687271,0.5974641960764636,0.2586920550487171,motorcycle
0.16034069032632986,0.607449282664113,1.4966645287282971,47.99372201225082,0.7044933321987196,0.4590097194035694,pedestrian
0.631617432480347,2.275723647395579,1.7173640268138897,40.436501707695236,0.5918926150521109,0.5612907475134509,unknown
0.05,0.1,2.2570336542944465,44.19750881024694,0.7424100238902771,0.2847089111663637,pedestrian
0.8071947947369039,1.2200706877794556,3.9471156315659295,20.455248881905433,0.8847520725977477,0.5669831088198035,auto_rickshaw
2.2967599852816285,0.8645384100140034,9.27668017014535,90.53281771617429,0.5456235849404981,0.6387247650669565,vehicle
0.05,0.7845461976539452,2.169949525865702,78.25043704176625,0.6958311609894653,0.20485697590761592,pedestrian
0.8828327085741376,1.9411124135538185,6.850529677274894,87.22120683378874,0.5550722460663682,0.8064233021810754,vehicle
1.0758190208769547,0.1,0.0,83.18099752177272,0.5829075178633291,0.4711820539828162,static_obstacle
1.666132063332196,2.0687113274441766,6.749917435682588,65.68368454409813,0.721034323593356,0.7679380515956064,vehicle
0.05,0.1,2.7428822975055644,76.39371374512015,0.6591977408044238,0.23560199432550277,pedestrian
0.9044377315308918,0.9672889925110417,0.0,36.21930073722982,0.7997470277544648,0.46014758910729175,static_obstacle
0.49905607618142456,0.5990194905562289,11.27308296795402,75.06024912772924,0.4949092438085595,0.49945952778026337,motorcycle
1.4439608489976137,2.691206094409934,9.38104244976823,54.26084045871766,0.6401486665532979,0.7659593928914031,vehicle
1.635905707293333,1.805286495216204,12.728685144523316,58.662037759769916,0.6604345004537697,0.790138452237083,vehicle
1.3019454431375461,2.421485015154366,20.543754702626472,35.07665010733043,0.8074109952294114,0.8656077773400893,vehicle
0.05,0.1,0.0,80.50039474550199,0.5535647177251898,0.09241791924142581,pedestrian
0.8432521446831759,0.4793495380838845,3.992646776754131,54.32857085699974,0.6330579207505431,0.5874733256885295,auto_rickshaw
0.6425146016177326,1.412273367061921,5.965980416079394,5.98836813255215,0.9045260807895414,0.3670239089958285,auto_rickshaw
0.7928785572788799,1.1801401401098217,0.0,29.62131921316153,0.7661008672736916,0.603849646844292,static_obstacle
0.8279099742575107,2.683998410353889,10.260214258713884,41.6783508257247,0.894031835244319,0.7302860380598847,vehicle
0.5456126315085625,0.7497549678507843,5.150986024030978,36.24146827215612,0.7392460253840998,0.5566024999614345,auto_rickshaw
1.3654143579847524,0.8593622836863559,1.5494948333687166,34.27058179942893,0.7108656509680569,0.500636233773444,static_obstacle
1.1201289606849962,0.8051454493597303,6.309686592735191,83.02589724333974,0.6576967016354206,0.3787661763839017,auto_rickshaw
0.5599045080568826,1.0201855458153903,0.0,50.849598024241494,0.6948720940615022,0.49982235513904255,static_obstacle
0.7069337099448817,0.989728162882166,9.015939221308344,8.720497040136769,0.8551225046138138,0.6117213123913449,auto_rickshaw
0.05,0.3692814816215022,0.7299989135676812,85.40141494661282,0.6352645405596601,0.5847411697380018,static_obstacle
1.1922942979477784,1.3275837605155854,17.901794131040017,94.30960467745066,0.5885355087801759,0.8321545025973238,vehicle
0.47344009100026674,0.6271702020820189,9.475349086434303,33.77380692059471,0.6888643024048968,0.5282001261084288,motorcycle
0.39820807943710884,0.48391469178908575,6.93194092378456,42.515999367417805,0.6467465258021541,0.42289261403297373,cyclist
0.7562439504798995,2.3539974761204663,1.687402339371961,91.93805429615163,0.6080544225710287,0.41701163421641907,static_obstacle
1.269672975819893,1.458263743111903,11.507095733114946,33.048434591671345,0.7511524288891043,0.8795198205271396,vehicle
0.6005029161202422,1.4176696473467603,0.0,50.168940409342866,0.7914758759315703,0.34101011233413325,static_obstacle
1.1098929424170123,1.2607722268928292,0.0,59.54014658638412,0.6680407437288025,0.5449485988827794,static_obstacle
1.3019512252510081,1.6223275850985508,8.394809904091822,41.724256515291906,0.7907847323855118,0.9036244944857463,vehicle
0.05,0.1270513560290057,1.853471159472076,69.4975007114766,0.6741873051553486,0.4661084408036039,pedestrian
0.6818066306012198,0.49468713759979543,0.0,87.80980060526565,0.5122000399918782,0.41249871510316916,static_obstacle
1.4543280789467874,1.7188658191902406,0.0,83.83734007669699,0.609267872303645,0.37269133430804396,cow
0.09016133183901587,0.1,4.271200934446837,80.93983273849302,0.5882808491477665,0.5011820405992643,cyclist
0.5640304535038064,1.4293544379799763,12.236711608433357,6.011044455408014,0.9896109821336179,0.7580899654158831,vehicle
0.9296843139624251,1.9093722565008753,0.09127300339361691,35.95791657093232,0.8522603992259445,0.5571783815916166,cow
0.16574965388952673,0.1,1.6946513774456538,28.702327239719953,0.6315215320963345,0.3458043580962955,pedestrian
0.9973924613707209,2.080990063780436,16.83767071288427,31.85957188408027,0.9144109425211606,0.8466463307056195,vehicle
1.3069021879703804,1.9326450750357755,11.751578971575697,24.09577612021849,0.7769424536204095,0.7245326141366545,vehicle
1.4602619075553187,2.8914142087200654,6.164146507866657,92.0911821192395,0.6030127543329644,0.6526720365128114,vehicle
1.143588528440235,1.744350236201394,14.073829432656686,13.323870145868238,0.8858103551134255,0.9328411470441882,vehicle
1.1688881859232958,1.6874653315742845,8.812597809861055,25.98331556981768,0.788254323245377,0.9815351069642879,vehicle
0.5000265998286821,0.7567272558338747,1.002799350303021,72.57227312485283,0.6457525533031151,0.24220796625354601,pedestrian
1.3238667101239052,0.662352786365545,9.367725175708038,56.438143779687195,0.8348236811998259,0.6485639534751488,vehicle
0.5492113202496421,0.8829286952065681,8.267189629421507,34.15713247735957,0.7915760014900969,0.5206361652696988,cyclist
0.2451872143259165,0.6615607364717735,6.935226886696195,33.08834486472226,0.6880066052391258,0.5743755709162455,cyclist
1.7835308426620948,1.2370506999893145,12.653555204386288,73.96243677636667,0.6850069358200612,0.7405054811277857,vehicle
0.21889106361435617,0.9349670605934721,5.356559175474104,34.0336813957031,0.8241062489549486,0.5710515792106647,auto_rickshaw
0.20062593918135352,0.28774302930114626,2.3747880792817853,49.87884639137865,0.6893030303247676,0.26957826685402636,pedestrian
0.29723269811562514,1.1083594238978092,4.268635341110249,35.12980898009077,0.6512447139243329,0.5732411922572316,cyclist
0.34855108028814247,0.1,2.0897043587834183,60.30717612101414,0.6517937984985719,0.28116826158250696,pedestrian
0.05,0.4700299734141072,2.101079792463083,94.31163491187966,0.6276595552826952,0.30038879541199226,pedestrian
0.076396417038466,0.6542435901016519,0.0,59.9883970756799,0.7411459048100353,0.3732828513598654,static_obstacle
0.05,1.490417501144674,0.0,88.69247994522348,0.5865829642277011,0.5552366869805488,static_obstacle
0.14259488006949325,0.5825690291648993,4.805347129607309,88.41369110533704,0.6746466310637497,0.6311993081709372,motorcycle
1.0525957381173485,1.1720635658571248,0.0,92.07117043117151,0.581534417330161,0.16559680060771859,static_obstacle
0.4005496779039882,0.1048898369647509,6.674962915483162,47.13270047990431,0.698417615217147,0.6797915000361694,motorcycle
0.4155385633326107,1.1142074162512097,0.0,93.67708522616837,0.6292752400455872,0.2373136469930748,pedestrian
0.3188803142639453,1.1141287938110624,1.4096895041198463,62.415124021626355,0.7195900005318238,0.14589666440469523,pedestrian
0.05,0.18230319936595113,0.894414370280859,74.04133235533685,0.7498941955330548,0.2742011539207913,pedestrian
1.2455014741341968,1.3040887321063175,15.641845330963921,22.605416997164305,0.7920107681606051,0.7990534291462476,vehicle
0.5819503003908578,0.3913454380075615,6.12826732532954,22.841186950349783,0.8448003928880923,0.4113108459326288,cyclist
0.4373693886111012,0.7596888199896665,0.0,38.65490807885138,0.6981213073063326,0.5323190368126941,static_obstacle
0.5567435233480225,0.7929489300956534,1.2337666143752783,50.11391353095725,0.6645340688216158,0.2829091413650985,pedestrian
0.3988786664252314,0.7187894721494827,6.799847514125976,38.8581038696279,0.7444901489197572,0.5587633191115795,motorcycle
0.4544831725175156,0.9817879118344907,8.489636102851982,48.1219676939266,0.6247049952909884,0.5094359618548335,auto_rickshaw
1.0397327760665556,1.9355314950290594,13.725332462068044,92.21373565456716,0.657446651511387,0.7842572231043273,vehicle
0.3146650833978803,0.9187441169104961,2.837400404852613,72.13341386130656,0.6410038061104966,0.29199229978207397,pedestrian
0.8256257602209802,1.38079081891494,9.956921123790787,5.367450289274933,0.8252309805380673,0.8062108290107702,vehicle
0.16211186272612713,0.1913309335217514,1.7977827880966033,33.78137272621686,0.6020012657899672,0.39834656464005946,pedestrian
0.08119347388739018,0.1,1.6305181253226313,77.61889525322036,0.5461435290903318,0.417239916273276,pedestrian
0.5653493389776992,0.5501163301330594,4.7583659135166965,15.85520369953301,0.7684225786648616,0.4329283333114021,cyclist
1.1710260150811516,2.2274344175704317,8.103584264738926,13.53469228192208,0.8595923745983658,0.9540405452335116,vehicle
0.9434318362397568,2.0939299778569045,12.752471828440456,10.219878764251504,0.7963661829414641,0.7178141272200247,vehicle
1.0912643389732546,1.8334447520553745,5.1276553859761655,72.13433451390357,0.35245967013001495,0.40622473252162306,unknown
0.917042246142984,1.5352397865367258,0.030851567817445164,22.50467409356414,0.8634431211675971,0.6319074957643703,cow
0.38336646060761825,1.6622798518998785,8.694236361901705,40.2039430576674,0.6366079882369594,0.3862129606342877,motorcycle
0.4912142336349661,0.814185840957711,1.975102255222846,67.29377844574277,0.5779403291346591,0.36792642953967775,pedestrian
2.0007793560223344,2.649934019332532,11.950482421954629,79.69798450671362,0.7419960056032402,0.767603500683572,vehicle
0.7264394515245328,0.3617616356551027,0.3516404365542485,29.695421145496,0.7712778319665256,0.4892838332891322,static_obstacle
0.7532110135328414,0.7561598479488998,2.0135234996948927,72.98410994922104,0.4665330454041503,0.1665815641290136,pedestrian
0.05,0.1,4.353877377973872,73.60742272268156,0.6138008653338635,0.14883574382884934,pedestrian
1.3042615223387513,1.2554832430944514,0.0,27.446171189350103,0.7725698321021619,0.47341896455542465,cow
0.662235047443958,0.9596041661709305,0.7323695374093576,42.66162936272774,0.8357143949916044,0.4023597339943709,static_obstacle
0.8701239492284885,1.5207472857398274,17.733175440291188,58.57969413281553,0.6010791730149537,0.7969452611357842,vehicle
0.42010800806138,0.8657799251621375,0.4652515698907027,78.18300124451403,0.6306646884168137,0.40866094051596075,cyclist
0.22179357637843544,2.4233442785106027,14.894860355262699,72.74808924342533,0.7060590984641146,0.765217704943635,vehicle
0.8393674198659203,0.1,2.509381660055463,74.83637440827653,0.5920340856868285,0.24126418479121642,pedestrian
0.8827088516271574,2.5347439993269205,12.665674704489785,80.01747424926518,0.6554997183451411,0.7474319354552199,vehicle
1.6351888816335491,1.7468764793743676,21.788089570396032,39.69865944090367,0.7943112949872951,0.799859802175333,vehicle
0.8681623279071828,0.1,0.0,77.70148232974408,0.606134634079965,0.2822854123226226,pedestrian
0.5598472772000291,0.1,12.306850945029208,70.65544806496544,0.6922221212282839,0.32455114271546226,motorcycle
0.48093312727597765,1.5033484861398498,0.0,33.24040688692434,0.7363485669021534,0.4912560918169611,static_obstacle
0.8203577960364011,1.814665288659349,2.2744532537460755,75.20735008235906,0.6382361015501015,0.4368899399217851,cow
1.3603940790628797,1.717974930357374,7.653276156271624,76.40542939728323,0.6690587360215788,0.7429749959477367,vehicle
1.6722375167631283,2.092269112318804,12.712729192411047,37.11677472095998,0.8928448602405297,0.7562984654703779,vehicle
2.449453727595251,2.4648802638422707,13.397141733989592,91.59178788731252,0.5635177662152124,0.7505407256001277,vehicle
0.05,0.48604061373944585,0.0,69.45479714298799,0.6020948769843547,0.2984248629980478,pedestrian
1.556800894362022,2.0937313638562536,12.415533167264375,47.16461631722614,0.7532076693427894,0.7534675929807724,vehicle
0.6350418004202614,1.1192576364139173,6.780398995494975,6.384196508744491,0.8835304424360249,0.5693792451846091,auto_rickshaw
0.6564812368718731,1.1933704677821624,0.0,45.7511409152832,0.7574474664995534,0.46528830070830707,cow
0.43839426944510496,0.7141600229030177,4.315401609768931,7.185484613243,0.7704370293503371,0.6628942731261758,cyclist
0.6052570949423589,1.162264342904661,1.9442195234628818,46.731781244413,0.8053380015954587,0.5400830968189417,cyclist
0.6032321714893422,0.1,8.64671733844293,82.95582487035341,0.7383816833254889,0.3932754212492909,motorcycle
0.05,0.447912405679307,1.9603536801992996,29.093647938830085,0.8802491302912037,0.3290274610828461,pedestrian
0.7239304205315619,1.6183133028851255,7.235001722409358,32.064538295312786,0.7672004825313703,0.7711098754973431,vehicle
1.1362589418331,2.1107800375199,18.923802524154517,49.66104528908085,0.7698519825553362,0.99,vehicle
1.5838217278114517,0.1,3.9821550178135947,76.40053676495975,0.5932009734639809,0.2800207180540709,auto_rickshaw
0.1984209292457963,1.7550712018015693,0.809095589075556,8.222987102437994,0.4129377745439647,0.5772672530936239,unknown
1.5467987575752145,3.305009603244498,10.287010266198248,89.31619894640563,0.5269102806689883,0.636307752503376,vehicle
0.3235354974415201,1.414881674620499,11.424314035170447,64.48878064329759,0.7094015839823936,0.39988941831639646,motorcycle
0.8262966879195001,0.9002309884558958,4.432934034288841,43.86585861691721,0.7590091582536114,0.4655968332613539,auto_rickshaw
1.7581085032921602,2.068691182814347,11.829380884508135,59.76874441348034,0.8163645952840605,0.7900473995747314,vehicle
1.3512232898251573,2.1419835925928608,8.927718708883122,57.17561367800317,0.7530389207410172,0.715629740992347,vehicle
1.2720524949371286,2.9540822085858736,16.65514736678132,57.344642383723674,0.6589740914610593,0.6700486277764092,vehicle
1.3784662318139949,1.8107816741093417,0.3047501785490484,18.548596411397014,0.5277722991067404,0.7370638617590226,unknown
1.0401180495686349,2.3767512119843164,11.608235591446045,37.854870894823,0.7363395874710114,0.8801672809139843,vehicle
1.6518692726841202,0.9445573544064871,5.641881044737921,79.9369000626547,0.5628310051859364,0.42022990767869217,auto_rickshaw
0.9625905571102985,1.5234489761793437,17.49840860930983,43.243212383848025,0.8650905757959448,0.9128478531644508,vehicle
1.153698939752561,1.1363040073358919,0.0,70.08902950472353,0.5130520142809519,0.3748867288041563,cow
1.1726326839229777,2.063919195007689,6.792613677859579,14.56164093424988,0.9213760861973208,0.8749181598919284,vehicle
0.7565224798335363,1.2249041175821718,0.0,40.429989786479645,0.7056331561723367,0.559890510210375,static_obstacle
0.8601489911215228,1.6992277894753083,5.012011361545611,77.86746196355224,0.5999585316878249,0.3674134912846476,auto_rickshaw
0.7433989241597756,1.0854850295770297,5.154129612554159,30.229919064223758,0.7250242254725201,0.5851349567722025,auto_rickshaw
0.45358184338170615,1.35199502131667,6.170228764789992,56.991599670905586,0.5944343228072272,0.6035173330160593,auto_rickshaw
0.05,0.1,0.876063163352556,57.81267448607343,0.6867502053966287,0.39471925667565405,pedestrian
0.7374172686310368,1.3415561713048587,0.4555572917300054,31.889106480523534,0.8469851818604449,0.35836429495196176,cow
0.10190613190214282,0.26545315415244103,3.046624634838616,49.93984655202631,0.7151385478400939,0.3182269175840128,pedestrian
0.9283352240999354,1.7635771466700483,11.512377696928173,11.415998489730477,0.8380721557662656,0.9579870875596279,vehicle
0.5986335892954943,0.611931917401815,5.626192324590897,24.090542518273747,0.8996982108479267,0.5346637027305371,cyclist
0.7187610075527628,2.350307268865246,4.8067467780974615,47.069932166654915,0.780089360029525,0.681485797505719,vehicle
0.05,0.25963667915606276,7.450722818205728,50.91064518898804,0.6427351349685521,0.5172312299104237,cyclist
1.263861157501425,0.1,14.475133785029474,74.94117425769625,0.15,0.36616413242680024,unknown
0.13651387092277698,0.1,1.5126945545752002,16.85249652983055,0.911750902506104,0.24105771568837353,pedestrian
0.6127480966085621,0.9197248321552889,0.0,60.59854876951666,0.7868247845044163,0.4287945289841627,cow
1.6534043250856354,2.0509801962792,8.419173263755763,54.561918558101354,0.7228091176900331,0.780686996996937,vehicle
0.05,0.6736043516450778,0.7329572455175116,88.79536722404198,0.6395864840487624,0.3506760917503327,pedestrian
1.2989602679575687,2.083955262031794,18.980642409863542,9.005073212624282,0.8991649545898879,0.99,vehicle
0.5240707390882768,0.44446117649476335,11.228793110955191,24.14818927674581,0.808352955457959,0.7279428281248803,motorcycle
0.17588103771692037,0.7057144032952067,14.023639871910197,12.70318990893606,0.9164965304592515,0.6032615799950175,motorcycle
1.2743959863695222,0.42656192187272757,10.2856528573087,79.40623737843285,0.560383955421224,0.4608005118747223,motorcycle
1.0312999458485483,1.5809318616140562,10.422404927309213,88.64522342852602,0.24260492252390714,0.41826577533214326,unknown
0.9599706296142028,1.4990846453508087,9.839672374385877,52.89221590108065,0.6473299977395099,0.7729601111373346,vehicle
0.588737918456304,1.7240865998385666,10.074693026144601,64.09277805980496,0.7086323732093092,0.8042694644715388,vehicle
1.0862729964480304,1.4906509306637217,0.0,35.063370018291295,0.9448375098045165,0.4661838281248243,cow
0.05,0.1,5.389586210922269,49.41039946940579,0.5887086617017503,0.5743787561235181,cyclist
1.678229054974627,2.2184336591901226,16.805530849038906,87.90044683134624,0.643696349346817,0.7099513159820845,vehicle
1.0960429008949526,2.1153099791785372,10.566491032674138,26.833454647999815,0.7499838833097883,0.7715805846431649,vehicle
0.8036284455554166,0.5467096465932129,0.0,42.16832373959407,0.7724274089353648,0.5430154672447073,static_obstacle
1.1640939992482464,0.7576533791198073,0.0,82.84374262268302,0.732896311318965,0.43632244452191427,static_obstacle
1.5067772667796118,2.204967097720915,10.911947411786402,22.622725467719984,0.9433381976345623,0.8535001613104762,vehicle
0.3863288028585406,0.7309423772846732,6.1869492745336645,5.546023387477544,0.8256734107207938,0.7167538053335942,cyclist
0.701977819473496,1.1173336591368044,0.1323100916344807,72.09258491714306,0.7229571968858699,0.34886332423413474,static_obstacle
0.9288786924015686,0.1,0.0,82.50211780775687,0.6562499969270428,0.4176569737703281,static_obstacle
0.9545202707445108,1.881236528925465,3.9331658317007734,49.787224986910886,0.6428488586679868,0.8110678741669319,vehicle
0.9299732179215996,2.6745043990948973,0.0,63.787745480471784,0.6285929382052294,0.4715775574837286,cow
0.31366507382516895,0.1,4.814742762376048,79.9834367388871,0.5301036121070867,0.20685458824524283,pedestrian
1.0794400482300677,2.7141013841159425,7.631647903835266,50.09300259188777,0.7559772329925087,0.8201392416633353,vehicle
0.7725051785162396,1.2412643064815843,4.522927873435386,10.849775375940652,0.8763325675036978,0.6537644617815991,auto_rickshaw
0.7304717767105552,0.5228388118460261,0.8862160557811087,43.64128656094804,0.6095007381120854,0.44128813343780304,static_obstacle
1.4276118315842106,2.400798221198184,11.729000905587997,20.130045505336966,0.8182103128657947,0.8028851348090617,vehicle
1.2646472503464867,1.4875484808352728,0.5888972579020724,82.24009959130571,0.6400449129880276,0.4346148913749991,cow
0.19024891348072875,0.9138119067659972,2.4598231351191227,77.50153497132077,0.5643750840212803,0.24561254153672318,static_obstacle
0.07416823313545051,2.1550655292993297,3.801510710202708,91.4250567929169,0.5936684650246076,0.4739738752311634,auto_rickshaw
0.6149420124437529,1.8420052583355586,0.0,37.623883344700786,0.6796502559601902,0.41996141730129233,cow
0.23816792213184568,1.96333436386065,2.7249498806167196,93.86914394404859,0.5560445467120966,0.2460135590130451,static_obstacle
0.5075464211592199,0.7363095751419638,5.471915034423163,54.604500771769224,0.7436125130417793,0.33862163371494636,cyclist
0.05,0.42299575886284374,2.4936848923713693,78.61063568587866,0.6038759821057432,0.16772942428114906,pedestrian
1.9348719147837317,1.1477330702188564,8.16768961978869,82.7474285915726,0.4702954464295806,0.860077454000895,vehicle
1.1294746804174571,1.8987446149825995,10.916835999287573,37.02872680650888,0.8124839028936116,0.7678989387910492,vehicle
1.2281566129793482,1.6997464367948854,0.332684822790308,28.21998051918585,0.7588508383007453,0.5899886572170738,static_obstacle
0.39310969548161795,0.6514312926022955,4.0248115230492205,21.41420558501258,0.8520680662709733,0.5454404461234869,cyclist
1.6001388359978486,2.2445813450843497,2.9826390257096973,48.40878904212978,0.8520726418773839,0.8123633082467563,vehicle
0.3130548490303434,0.23961031921747894,3.50119273458406,82.02254426113443,0.6316699508401803,0.28885923708918737,pedestrian
0.05,0.1,8.151107704718818,92.64489749881609,0.6002107445469829,0.19932199730590194,cyclist
1.022042270753716,2.6041516369405717,9.813313967052897,60.96817645121925,0.7062378425895948,0.6886715760641965,vehicle
0.8243283338652593,2.257064756863276,0.0,68.62564699771175,0.783307263419117,0.4434979342523019,cow
0.25125088922775934,0.1,0.0,43.42067343238799,0.6770557440704831,0.22710460595295237,pedestrian
0.4470734276395273,0.8577835678025639,0.44531343318645644,28.405357001847776,0.8017194077034587,0.6664818473571426,static_obstacle
0.13224728031449656,0.4179323766856117,9.262822664976905,18.451370524727402,0.8693956051822773,0.8117069320697289,motorcycle
1.1725831481320115,1.8893852303505696,8.776343636758744,10.982602765708487,0.7983356018111442,0.99,vehicle
0.5434521427049498,0.6555027633339223,6.0574954474331495,10.753259796220705,0.7471340203970438,0.6920547253341595,cyclist
0.3738941381647119,0.40256327960219696,0.011350210447716558,43.62007036972348,0.7226151181539984,0.30526954886649565,pedestrian
0.4705206484982999,1.4327749624244306,0.5221883005154453,60.4664245342106,0.6835727740668445,0.5162693227216422,static_obstacle
0.7929024077507992,1.1001285081007743,0.0,77.3293857877487,0.5998016978423695,0.27289340220851693,static_obstacle
0.8316464495661224,1.9753450316033423,10.787709706837173,12.999929004002901,0.9435441041735785,0.9270979996870155,vehicle
0.40356296530174673,0.6920071295466601,3.76111997914929,6.360970140712411,0.8177896242825067,0.6691520747005302,cyclist
0.2517884247806011,0.6613890348134256,15.050887433224641,40.61083590390903,0.7050669467462048,0.3735767232066508,motorcycle
1.2530082592369136,1.3215256671217381,13.115764540876508,43.36962757893449,0.7240878615085301,0.8460987707905834,vehicle
0.05,0.1,1.3699482672187029,25.50844965421412,0.7585519214588315,0.30349717913271085,pedestrian
0.05,2.1011411126232997,6.382942858794243,77.84066441560324,0.6751582072459088,0.4346168878645066,auto_rickshaw
1.4723113714436324,0.7169642397107272,0.0,78.68686215930751,0.6656337561335265,0.3662676085893927,static_obstacle
0.37292760094496596,0.5429080422113951,8.128093830703081,5.739441710407036,0.8148121051692602,0.5233165919058669,motorcycle
0.31745512445876845,1.1764282599281652,0.0,80.96996699688482,0.6475303038982221,0.4199546782708996,static_obstacle
1.599101570135171,0.1,2.4356228351130635,82.88300121657039,0.5979955135883094,0.5469565066219633,auto_rickshaw
1.3583836847071453,1.8549529746212259,14.566889203060997,21.804348747936146,0.7817661739402356,0.9868804903088259,vehicle
0.8465663812842803,1.74533153310559,0.0,69.62120871976414,0.6763356667499227,0.5963793385488347,cow
0.44922012402242656,0.8771561046243981,2.6338036845146604,67.26331309710206,0.662797853399949,0.4164318246162715,motorcycle
1.4972418185372067,0.6529617046391536,0.0,69.53569066875986,0.6863707915989895,0.42909114159056916,static_obstacle
1.6084566811917957,2.58054439766896,16.626108532869406,69.21794733157135,0.688324929362642,0.6643336025673082,vehicle
0.8483028311260932,1.317760443853858,10.72116062369676,86.08633111214702,0.6809638932606591,0.6913041175308625,vehicle
1.243121638919714,2.7065815336911587,8.739522298794766,21.887218858833865,0.876118058448781,0.9148791314109368,vehicle
0.060838087999725454,1.9394052124980605,16.43977464031295,75.96908050599954,0.5687906404612538,0.6631319597555221,vehicle
2.0661870936489137,2.184838725703719,2.1800949995852723,90.19570027772002,0.549613457901732,0.7808416640373195,vehicle
1.0397104306114158,1.1668800982655307,0.0,18.86834698123313,0.7471794578954651,0.3813547321461708,static_obstacle
0.5227781611681752,1.3275070110980083,0.0,5.779755710745029,0.8130538841737778,0.5483197006139552,static_obstacle
1.0780968120170924,2.2155169604514477,13.65299536972582,23.434067877845834,0.7744240855226672,0.7928392776153994,vehicle
1.0967083783765852,0.6813034096339912,0.70991000966281,36.44376131220808,0.8056701407022068,0.4261480492569358,static_obstacle
0.28906816120981305,0.23966264945244864,1.8534692504838106,16.46529313769409,0.8785686373182138,0.14172163034006785,pedestrian
0.4974738545123214,0.3165303289562448,1.815283264241319,53.61340218299352,0.8502105195019448,0.36161360877617776,pedestrian
0.612198384549949,2.2127493455643283,14.35400722648969,72.63285774751662,0.6752080866426063,0.8411664621823057,vehicle
0.9224777041982207,0.5861174610436103,3.9120176789628127,46.249715767405476,0.5674639772249384,0.5043346058879283,cyclist
1.0293192769243324,0.7922279501095066,10.987390117574936,75.77217194807844,0.6413497868459791,0.7309736101295391,vehicle
1.427366012842987,1.487318439460763,0.3319336087941662,36.70783167106783,0.8884893737696268,0.8251612566327505,vehicle
1.4773129830314817,1.4234273293377921,11.755225573145397,64.87982096171109,0.6424825969901129,0.8302032222820473,vehicle
0.7238454030574839,1.3335871615182253,7.951163876281621,17.07334924747142,0.8067860925700645,0.5742456209225821,auto_rickshaw
0.1296222719654646,0.1,1.1974949843606888,36.51793377077245,0.7861711010274138,0.27812005287947095,pedestrian
0.08957779905051233,1.0467712974819563,2.4138716930821373,80.534507137055,0.5831518812975657,0.4804551814235826,static_obstacle
0.9589878643044576,1.0311314839582404,1.6755361299810938,45.60968895153506,0.8288617707275246,0.36651884447386196,cow
0.33271734415282295,1.8433633527776345,4.564357302355474,80.53261947546815,0.6538865874459499,0.507338176714784,auto_rickshaw
0.05,0.9344968184615259,8.955168511522208,83.22852644840297,0.6602951926859785,0.5772194847086289,motorcycle
0.46164642867888306,0.30266331086597603,0.0,63.77639829013866,0.5241407063249145,0.1440579384633082,pedestrian
0.8865204094015242,1.9962781850821603,13.414114012633744,7.932725254363309,0.9126259426288695,0.99,vehicle
0.49695646580697916,0.8619579152045977,10.925871337227447,19.36343236081589,0.8807022398474642,0.5801669976253688,motorcycle
0.42871928618572896,1.2576698659729155,7.032237020600403,41.41405744542497,0.8348981927497777,0.6169124720873864,cyclist
0.214249021496426,1.5753190584583012,0.5325788883702139,46.285358203667414,0.7556907601061693,0.487047399317092,static_obstacle
1.2287245017644082,0.6684035924235208,0.0,64.37474650965767,0.6321932695602736,0.43482303206055856,cow
0.11633777097612552,1.5777404544193994,0.528421307890154,72.05095465624191,0.7183852530222731,0.45089866831787706,cow
0.21565131365117057,0.2673644582372573,10.03455810010147,78.9766772383845,0.5472877617790726,0.46523939523765045,motorcycle
0.9862335126559552,2.0515588808164034,13.047687748335136,79.67069472279687,0.4048491007115035,0.474174448333647,unknown
1.073251117042994,1.3759190016688134,0.07933885063605445,47.04416327424878,0.7517098257468336,0.43624709895515057,cow
1.6786985574401703,1.835125518646272,12.88455777270101,25.107068714055536,0.893750487645329,0.7179595746432604,vehicle
0.44501625478842344,0.1,8.162784983669315,29.382378882250922,0.6724213883618999,0.425672963106224,motorcycle
0.05,0.1,1.01219440185346,88.77428564205472,0.5310241743351577,0.113531347352886,pedestrian
1.141998986372242,2.603635516972776,9.364932820451399,10.451051203881125,0.8850090571612838,0.9240075300960998,vehicle
0.07932239930594892,1.7314177082717783,12.177388023963093,69.3826033140544,0.6233518910449338,0.41079200406482186,motorcycle
0.2681985025606315,2.53550507641466,8.861698686703805,85.1973941226254,0.6276639924344203,0.7504446484628,vehicle
1.1927770405296152,1.6604749823805527,13.17675605797327,41.046319788047285,0.8024580063380775,0.8475595852454956,vehicle
0.5892883390718806,0.8744188678283926,1.104439167269736,75.06035412652713,0.6701773204583298,0.2751331060144132,pedestrian
0.6543122384489739,0.9524420791308056,3.458079936572166,30.02664655822692,0.8410488227957976,0.5639130292631044,auto_rickshaw
0.5004973421122474,0.3841562219097671,3.226607535490899,75.57436871197847,0.5966009181237136,0.412526971372125,cyclist
0.491328857717224,1.1629537353877815,0.0,44.55813774732882,0.8473708314020814,0.5407622556692552,cow
1.4231346408902792,2.0898383395096563,14.574675633677407,53.32408169392144,0.7561317287380807,0.6741017686535233,vehicle
0.5908829406987275,1.347466355282765,0.17951572452314773,5.810891344740638,0.9406531721073754,0.4649655488163118,cow
0.08948523636827405,1.3232197977713345,1.4578826498984931,89.72218937914033,0.5679406713193975,0.5141876274149833,cow
0.684293046028634,1.8678261956541744,7.810245708325965,91.52690932026857,0.5730966622536737,0.7296305878780388,vehicle
0.625292639406676,2.331104760221001,16.64277530176658,68.14433469172414,0.6917659345526747,0.6907675249585125,vehicle
1.4252993550352007,2.141890021758598,10.17422403985399,19.50473427416079,0.8427885739852113,0.8234340416109776,vehicle
0.3795425090976813,0.1787328239875009,3.3414251393003926,55.511815958417294,0.4755144196507288,0.41730279280593524,unknown
0.41309113101515693,1.9903120737780533,0.0,92.67750379629368,0.606682866313176,0.5794286824400525,static_obstacle
0.05117959433859892,0.2836894123295953,10.979200830673499,41.394889572215305,0.7749702005459339,0.5137076260893331,motorcycle
1.0482501918254614,2.273111065554727,6.503135553744197,10.55315129687086,0.8806516006969345,0.9187081747010144,vehicle
0.3309781384439924,1.0291209863334951,6.710438720103796,74.40537837222448,0.7153408414391257,0.4537868699979373,auto_rickshaw
0.6899480119627492,1.4431673755027288,0.41710511064350686,28.825855785385553,0.6920327501849819,0.5004203520812337,cow
0.7496612610214524,1.6101541710464908,0.0,22.25344097119205,0.961702979106533,0.4517917803575209,cow
0.05,1.0733909849284442,10.25354425159396,69.8085534676043,0.7933635777356589,0.5500521881256393,motorcycle
1.3539799680316325,2.7118641818433673,9.171602147502067,69.83697975402143,0.7040855300937905,0.6706952759021347,vehicle
0.18606715994905357,0.1,1.543264232827256,61.1653028695182,0.776992867536439,0.3300786264005771,pedestrian
1.0257161539503021,0.9094388559930301,1.0135354116385433,79.78770770855012,0.619541368419512,0.48296494925604827,cow
0.829726590889234,1.5263169746970457,0.0,10.545782869821036,0.880306537370826,0.45732799958426595,cow
0.05,1.2536516984984896,0.0,83.3519680866032,0.6447213718936927,0.6077099031598476,static_obstacle
1.2408384279100344,2.1537063610521536,4.510449957808453,34.60450644859597,0.880863440375955,0.8665119772782726,vehicle
0.4747800424176401,0.6728995053247446,0.8584609768846148,14.735695739716686,0.8924228012761849,0.488515562763778,cyclist
1.3154675842352086,1.453928242533281,15.29490359562131,57.36662614957823,0.689694976109915,0.833569355754459,vehicle
1.0156701995518986,1.9488163650871095,8.510939484112576,14.12437994456555,0.8310647105365906,0.888299636296705,vehicle
0.5492825548734943,0.4859821739061397,0.987116232032686,68.5089848217806,0.567699451960735,0.28641893438536054,static_obstacle
1.4408003329790706,0.29555488187952916,3.1224923801680404,93.28771504241328,0.6867792475117273,0.2754305180303377,cow
1.2656662649305248,3.8772080100863047,5.882852844366548,87.28690082858948,0.4777877279014491,0.7741386068494469,vehicle
1.0057028589279613,2.0187057077471104,5.314306181840399,15.523827370902662,0.9030657863947585,0.9224777970857575,vehicle
1.4293777064532875,1.4135054510356693,10.493615156516126,16.08440266567017,0.928305869792652,0.7747932930215317,vehicle
1.4641652952595747,1.9406500722363584,19.334620476064227,59.891403243427526,0.7904689087117539,0.7213148995785892,vehicle
0.8804097711230708,1.2430389587141406,6.794105082875525,32.02203455019749,0.72114233698283,0.5124935503269279,auto_rickshaw
0.05,0.6953709023892054,10.784141574096337,83.68457899030658,0.5171292768567247,0.4824154064629346,motorcycle
0.7839029232267416,1.995200394736304,14.858723263718684,43.81480584039165,0.8282082132155251,0.6891058863378976,vehicle
0.9410252707912283,0.671703272433541,0.7844629488336226,32.03851699213016,0.7228253945593299,0.4843670212893997,cow
0.28408085114240605,0.3463445079403712,4.724841610137916,18.95299063972431,0.751539569340216,0.47513434845453145,motorcycle
0.5576136721599391,1.38346515049513,2.907519620374083,57.474754955894326,0.6375807795910966,0.34584445695387445,auto_rickshaw
1.3588037566054243,1.9817880434205737,17.3719601547566,7.318203338526534,0.8203992204110795,0.7511462879585518,vehicle
0.505139231012101,0.24345691254890853,9.079727502082642,30.890511540738775,0.7508039191161405,0.6090510513361338,motorcycle
1.8756941535128515,2.6470676153772383,5.998758244277525,8.064156507191765,0.9517876781982195,0.8879197846787908,vehicle
2.1517737343346766,1.5132712294635418,12.125949513607182,84.0269437313652,0.7167101778639394,0.718818989298911,vehicle
0.5381342237709252,0.46141694093426777,0.7969307494431661,43.905189499016764,0.6163890782092615,0.4079485957948607,pedestrian
0.30024866460853544,0.5608784267557018,5.769482431617519,55.71252337641673,0.6246308518927782,0.5994828934784476,cyclist
0.6704227509586109,0.7551004556942648,1.6939180176153592,35.98053986784249,0.7156144831429976,0.39083961661473365,pedestrian
0.8333991135339185,2.016620789428924,15.14446339523434,92.33912370885486,0.5706291474994647,0.7446758434106675,vehicle
1.301548906350582,2.6351504166337296,2.9976073016081193,74.80455300782657,0.6656700310152776,0.7053150949493631,vehicle
0.724393696067135,1.0589958883104296,8.340289052997848,38.50509931170309,0.8153343135170055,0.5112993476896367,auto_rickshaw
0.539251402020192,0.6729541013623802,9.285788995426714,27.991068444286547,0.8208340046383801,0.5290931475941923,motorcycle
1.0418501721885056,2.3392692849413432,13.656371730750488,75.65350631713196,0.707335272482823,0.8263387100695136,vehicle
0.4735316237380102,1.1455743818939408,12.111274521410053,83.12211260493318,0.61376642627577,0.44300364563423916,auto_rickshaw
1.214327087609124,2.127607175454308,5.915591389649825,73.92405764054003,0.6192561279712967,0.5325578918178381,auto_rickshaw
1.2972461311967094,0.9754847283277301,0.6646932033879854,47.73342408371697,0.8763647587639092,0.606383494851037,cow
0.7621964994003276,0.1,0.5668052642964014,94.66047889859757,0.5354078990879518,0.16557972355473172,pedestrian
0.9389035664729309,1.255206968721163,0.0,17.67401342825932,0.897492648342507,0.6065910872083601,cow
0.342620720112018,0.5109307470331461,13.448910668385766,7.553173276911558,0.819351241015932,0.4816387334980409,motorcycle
0.6724504663857733,1.5163164038045573,0.446664867306488,12.493764806746832,0.8312083351784765,0.5420670274706154,cow
1.45525795120687,1.5267489957289384,12.551006410297797,75.48088443350922,0.5748099005445011,0.6390926767428777,vehicle
0.05,0.5577428798550803,4.208806572183168,84.09844087964349,0.6324034547292685,0.36145404826696936,cyclist
1.4455240986735196,0.9039106060563645,0.23056324059176334,46.702714209763144,0.668891619301264,0.42482415650608807,static_obstacle
0.15187500568299303,0.5187627097086145,4.715096833071104,43.281263563012246,0.7830124749875687,0.6417660338960048,cyclist
0.23196262910335583,0.4140542434214075,0.7997949859901389,11.642580304749732,0.7796510053105621,0.3684776702048278,pedestrian
0.885823011360195,1.485234415586775,6.919473639796259,12.139289155321384,0.99,0.920508962968427,vehicle
0.17168225056515024,1.2533327999983903,4.975496578798127,88.77930937322772,0.6447046620913477,0.35673047658495216,auto_rickshaw
0.23276597551479522,0.5953692972890051,2.3668647098971247,65.02226249771127,0.6882421958444751,0.21368896704725582,auto_rickshaw
0.32396536617576066,1.2947103813670688,0.47062195599793477,89.1684371176764,0.5994644924934425,0.1950177059382861,pedestrian
0.34810214718780663,0.18693914706690407,14.360252248113788,17.328101636740193,0.755294907284902,0.549856721472499,motorcycle
1.6441495929470986,3.2891273156427356,16.680186959191005,49.38445348100301,0.6127034923012544,0.7131764108869686,vehicle
0.794039602067587,0.9049512415171796,0.0,54.17876553720287,0.7932730112335038,0.38153876807069437,cow
0.8004174159440027,0.952410838628999,0.0,63.376227917320115,0.6136369501410723,0.45257863685217875,cow
1.0743569393803363,1.1679355741122328,4.093463061685993,45.93818695264039,0.6532291269620389,0.5155582097873844,auto_rickshaw
0.48392340773917664,0.5141689907814853,12.78041915293768,24.333627585753682,0.8531474253635998,0.7007818680017207,motorcycle
1.2728298953645143,2.081967658600581,8.707138026810023,16.226378224486453,0.9276844040941667,0.9748659268150165,vehicle
0.7161411991933515,1.1510419598131756,3.767474574925081,80.82655975201757,0.6208567284144362,0.3530661384449786,auto_rickshaw
0.2544599245567708,0.25796211734385077,1.652934164442777,5.694214077575017,0.7886367204948374,0.38493589320820654,pedestrian
1.7376663804237888,2.277745426338204,1.052076903713913,51.00778580360235,0.6610121059158762,0.5138697582426606,cow
0.6738505730279611,1.142511091213045,0.0,34.504764719692254,0.7919209919828959,0.5931205573349011,cow
0.8090741870698571,1.139407110118047,0.0,89.48569648710344,0.48579264315944604,0.47832887161295046,cow
0.7535422009461099,2.567030904639851,5.75534014695098,55.0776961626541,0.6379238732516448,0.7533150957116828,vehicle
0.3995827165310999,1.4569521475864302,12.881832765665516,65.69023202432678,0.6639190925458788,0.5356449444347794,motorcycle
1.5133727484633772,2.033261523956431,12.486519578525298,80.12224145498844,0.5963219649551202,0.8246575121774216,vehicle
0.22360655323959305,0.3586224736175939,2.3075458170605923,31.328101045249667,0.7653286966226215,0.4416447870326609,pedestrian
0.1704671030289706,1.0574480761874443,1.5685728352912258,60.25423260209354,0.7097493777370392,0.6094293603178165,cow
0.48162895262539757,0.24528343246798212,5.797050906509459,59.982695337188304,0.819327649852654,0.41587330243397425,cyclist
0.657824965400764,0.6427793228514884,0.16550164442085114,34.117355162022534,0.7236604155546155,0.4281215010015681,auto_rickshaw
1.473318472036882,1.4845067779770111,11.60639567347589,74.61965555810437,0.6170942964159843,0.8399242301082657,vehicle
1.0404581489063816,1.0929140611856152,12.163270077982034,47.34061689980392,0.7808938124352452,0.8720902076596877,vehicle
0.05,1.469181760295805,0.0,72.89128124111171,0.6432411998564215,0.5019256041065674,auto_rickshaw
0.8191363108100316,0.6283742458828736,2.048261909746036,55.91451893612272,0.6729474854458214,0.5936423908667383,cyclist
1.420933042251216,2.1505786884581792,8.305495611930711,86.89723786294837,0.6727061366496303,0.801041481529855,vehicle
1.2972182934765308,1.7473411432586226,0.0,54.640808392646115,0.7190439865013765,0.4663974353651709,cow
0.5535771905701867,0.7709587293996921,3.1484036359148284,5.24413777354813,0.8524521680568934,0.49869365461863163,cyclist
0.6262564607769889,0.9209644567531193,0.0,37.89380314067261,0.7120570807313145,0.6000548192666104,static_obstacle
0.1647368887358331,0.6567333186562774,7.03451384488509,67.05408329163446,0.7346922491068992,0.5678798173130286,cyclist
0.8431648958673711,1.0309819615577025,7.876911943058555,31.29835086875425,0.8563094947725091,0.6716769314571445,auto_rickshaw
0.14589126120601748,1.3015166628352484,4.502301794013296,88.53149521298806,0.4498694728863148,0.47550282123638543,auto_rickshaw
0.6621338638268395,1.1071721106112642,0.4105907758900773,10.064366736022512,0.7947437871999092,0.5421522135633521,cow
0.404334963184808,0.6615503263078498,1.6197504611174776,26.945782290015607,0.8639603395867261,0.3675009324248689,pedestrian
0.6568484656348255,1.957132066936036,5.123774808774364,44.24991951665835,0.7318500115908537,0.6173391049247706,auto_rickshaw
0.8974727149109976,1.3126959194729142,0.1829766961856044,5.69481451637211,0.8743122527332167,0.5418403769269247,cow
1.0276983997212257,1.3514657502820253,1.605178003671752,35.276086245696916,0.7441308281659229,0.5346188209108333,cow
1.6053363880854687,2.159977334655341,13.900748350972544,18.62348293933569,0.7820056846745314,0.5557204414470565,vehicle
0.7034913506966334,0.6878335863239564,15.363061208838975,36.579842322895416,0.8017435849991822,0.5448680815509559,motorcycle
0.9774751722039485,1.3275797018656152,0.0,34.75795420266766,0.8091225112982214,0.5186491749377447,cow
0.17897646243711318,0.22792243566328838,1.3206467177277341,43.45479898145175,0.8016103061071629,0.20980197983645874,pedestrian
0.9899329521584131,1.7761400678447739,7.784820320726908,89.8614360541443,0.6680409136203184,0.634752359592549,vehicle
0.5843875802928791,0.1640593507111196,13.581652818574709,30.285077632571532,0.790657614733872,0.514594623401706,motorcycle
0.05,0.73638963152756,1.4954402211283344,93.64952947126291,0.511151415827966,0.1885587420877437,pedestrian
0.06706114905759944,0.1,11.73324038620198,84.82610352700156,0.5703265756527618,0.3549977797958826,motorcycle
1.0558450374443507,1.0621816901926127,0.1653177021521689,18.29492768439693,0.8505077483939035,0.6154567358809065,cow
0.05,1.2681374755410477,0.0,59.935625616571194,0.671865343760816,0.35772858523644746,static_obstacle
0.9992983484669229,1.7524541093357273,22.266722937825424,11.59943042439677,0.7774094966949652,0.9615739978108421,vehicle
1.4416946166175888,1.4244769983832524,12.99305390667163,47.70616492369634,0.8360976913057564,0.6977848906046141,vehicle
0.05,0.1,7.223640015047766,60.04766115389957,0.6152605106780821,0.5213139266134406,motorcycle
1.2440605931725794,2.2426141347009803,21.710123044531194,10.015225902429053,0.9074346265173998,0.9778900377953639,vehicle
0.6737904496763355,1.4353476979922282,7.360696690362261,56.39827271184188,0.7600549338608551,0.46124751616590465,auto_rickshaw
2.2029265045257196,1.130339095099134,9.120688340116555,79.1842968246008,0.5538031457602315,0.8670707044007658,vehicle
0.4270315560249087,0.7671767830817751,0.5085255455227393,32.21626197337766,0.7582705507997664,0.29283993910916295,pedestrian
0.43256203994006714,0.1,1.627693838764581,33.774613200287625,0.6910123213342042,0.36581560815413955,pedestrian
0.05,0.1,3.588190186206158,68.57786094457228,0.6539918607284456,0.40551546498117896,cyclist
0.05,2.054876708598284,15.694554732707596,83.95280187004819,0.3975301719590998,0.396405649210634,unknown
1.17578827934899,1.3706525648828038,14.32410974347033,31.836681238741587,0.8374482418153114,0.99,vehicle
0.749286898427066,0.5449047808009497,9.183550590061403,90.20302861954532,0.6440542481915355,0.810279328114532,vehicle
0.7774849599021221,2.6623587192728375,22.511869484562528,50.598149357806165,0.7781926532466034,0.766684782493026,vehicle
0.06329811219999992,1.2218430441985852,6.728880863428861,34.73484590222017,0.7854194312666157,0.47656595470406127,cyclist
1.2382021864359136,2.078314899106405,8.227668875184426,15.389361757829557,0.9121364978938578,0.9228907517378067,vehicle
0.36690479262535414,0.5555724773245759,11.532151157086384,45.46577479413804,0.812028153369599,0.5720862509629402,motorcycle
0.2845410819706601,0.24093645512710288,3.0027114363217535,57.331928381608634,0.7254969892877229,0.5305854319926321,cyclist
0.1555085972521867,0.7436919105186323,4.358537412444195,28.03971970766482,0.841601169341641,0.5656945067677266,cyclist
0.8807667339955969,1.0027683747672271,1.6910838267425166,82.87443280805137,0.5413852648856129,0.30359858840373777,pedestrian
1.1352328626260804,1.592455953211829,9.727828461072336,53.89057632236535,0.5152849311537685,0.3850151467511215,unknown
0.6420086816969697,1.3352154196722734,19.102721899124695,91.14952086073679,0.5548871031377087,0.7506262833854276,vehicle
0.21353793648884684,0.10267416030380444,1.2193534111924935,18.58180779481551,0.8080421297761965,0.43951576190952224,pedestrian
0.8318345358940554,1.4129775065577421,0.19848114586046842,5.042227081776628,0.9242205001195938,0.5572461542357101,cow
0.24096439026347694,0.410649354850563,0.0,70.26510139368682,0.7023262752583076,0.5078411371745956,static_obstacle
1.4553407280445871,1.9507378747227617,16.850392139660457,63.9420081910089,0.5511887587313705,0.7391831000974025,vehicle
1.4646693603479626,1.7872190150028169,11.735225114186699,11.303828530518619,0.99,0.9263710291583429,vehicle
0.7940327633092388,1.1630155042525978,4.464088909883154,66.5962239878618,0.7251133942194462,0.5810374069241787,auto_rickshaw
0.6433454131748404,2.5260307482099194,11.433270695521223,53.95109814913946,0.7150680168265778,0.7872643111623717,vehicle
0.3990623306946386,1.2548465055189866,7.4156600625188425,44.59864348545351,0.6795426521848655,0.5729181511017919,auto_rickshaw
0.5542512820257637,1.6069455941028254,1.829550358829705,73.08194107455802,0.6576977572188798,0.6299954719011644,static_obstacle
1.2719811158997412,2.0010801512444627,8.632851780380616,86.33640935027168,0.5474496729404837,0.7577770884344096,vehicle
0.4807113060546525,0.6422902271133619,5.881660119829321,10.358899696874941,0.808729833477233,0.6929772066060338,cyclist
0.253656361735755,3.4592483111591936,16.126507799196453,85.50413873932891,0.6394634321020823,0.6163811133248738,vehicle
1.225366683433076,2.58685944365026,2.9307620738838693,91.47217668250256,0.5670394816430882,0.39224255106717437,cow
0.42292859445259073,0.9125302973291558,3.6892582519321673,51.1754958649839,0.6651065403203089,0.4355392456641386,cyclist
1.634333003726038,2.9137254007451845,9.50439810347476,91.90409532011013,0.559270684995407,0.8169359236592721,vehicle
1.1263964006926235,0.9547911968738751,0.0,87.45333001137858,0.5306332059477668,0.3794550589099137,static_obstacle
0.11128954907480429,2.4947429461253154,2.8603708407381028,56.959300859302395,0.43566278823826404,0.46115878974045404,unknown
0.9540182102372611,2.321719760721311,15.02563033361354,40.384889235105646,0.8922204239341402,0.8402940744487192,vehicle
0.13846021248455115,0.5665742247432798,9.572477527331168,36.76414657795968,0.8138820148962079,0.6365962248490116,motorcycle
1.3379479285953426,1.70071424791933,9.384053994059297,9.169668933863864,0.8165053809029978,0.6619736717241016,vehicle
0.14338011558299515,0.1,3.1643002718757236,55.51060362714904,0.650753486394848,0.0862434584681063,pedestrian
1.1556396376234486,3.245541311799149,8.666449349928435,53.772953053947994,0.677506550524902,0.9630159976705506,vehicle
0.7798503610305076,2.5394603146486743,11.582209964022708,80.73814165103987,0.6859072238632093,0.7221021340702194,vehicle
2.1219428164837115,1.808836561670287,20.90811231175561,81.6195307994007,0.5946658192014065,0.752781616144841,vehicle
0.05,0.16058809360847154,0.2764697547651698,91.72364384135503,0.6693682326712989,0.26880159764457084,pedestrian
0.7488080664143529,0.870988771604638,11.47230293206747,63.181071469929755,0.6734765653796418,0.502799338490799,motorcycle
0.39081942807025,1.1070778779446107,5.340999968632106,8.843478230765095,0.9312025325695493,0.538365100006214,auto_rickshaw
0.8696338196590592,1.6061843616540663,0.0,86.83349301700284,0.5444832503194678,0.41912424215805555,cow
1.3338696548685312,1.4320562640857601,17.166567298287397,15.600691448873416,0.9784306702095011,0.8222531809220089,vehicle
0.06033422525157606,0.33737928066318723,1.3619220764782796,14.580786973424388,0.8548510044107898,0.5567230165687661,pedestrian
0.42969430812520254,0.14631524306789545,1.6780857638085238,33.77909553442903,0.7448947707324975,0.19943343414635756,pedestrian
0.4195334867307374,2.0371892566643615,0.0,53.31487597656932,0.7242990585027554,0.43805802757019985,cow
0.05,1.6020507557245196,6.723062717735477,53.82767186584437,0.8115350195569592,0.45211561671392125,motorcycle
2.171607323510736,1.156949495407663,9.461578949300419,84.54837163814909,0.678894211903716,0.6979593918098994,vehicle
0.24471066378560732,0.8070420173800524,0.9937217510075482,47.6384797675795,0.7635541928542312,0.28737853911339256,pedestrian
0.5095112495216232,0.7514330885406681,5.8004414931112835,13.646854452927,0.8463025810343004,0.4785445847828206,cyclist
1.2451476222178757,1.5996970076358026,8.430181429286861,28.201786205381104,0.8044300756876777,0.977826424059268,vehicle
1.4441580554325788,2.352108537166407,15.679785403940521,23.759120206305074,0.8475082198168317,0.99,vehicle
0.3873755961576917,0.957981028109989,0.0,45.06700059644518,0.816871057375168,0.36383612751719496,static_obstacle
0.8814112950495607,1.5696675165384164,0.0,19.765301961568145,0.9021536622975027,0.42404949505438116,cow
0.05,1.2585790330689166,3.203530496390463,74.3131515076587,0.7028525773409381,0.2280395107493648,pedestrian
0.13385870251067006,0.6708252291478216,0.6086276611630649,31.55647801789678,0.7906922642996868,0.2525779048108915,pedestrian
0.16282348706673366,1.3071803515842157,7.196330341712397,40.88187787179635,0.5979461394314177,0.445380015084638,unknown
1.2440160268302884,2.081074249431514,9.1328237056274,20.015176927836826,0.9473618019243613,0.8379902158005726,vehicle
0.3991047990457574,0.4247568291481619,0.0,34.30154111347689,0.8598877416307487,0.34602412575043673,pedestrian
1.2013685724792074,1.7744584545000865,14.854037244566388,22.548547600131943,0.8766121508265242,0.801905616494968,vehicle
0.12211380076089434,0.1,0.7554365401783201,23.163608646725443,0.8301426253112761,0.45564493752393637,pedestrian
1.5408583836149923,2.0430455036477086,12.77807152603475,80.89475090090812,0.5792028517255244,0.7166361907760392,vehicle
0.2124478633985849,0.1,9.618022267463486,76.66613654756499,0.5612315438325508,0.3525379510075821,auto_rickshaw
1.3301182778661371,1.7628476991039617,12.53687947413862,35.33285409512689,0.6908312134783952,0.913394614502455,vehicle
0.9883329953305363,1.4791822481584131,14.436951237600447,5.297750400827553,0.99,0.8929266094957442,vehicle
0.7838348806159007,1.0903955776948342,0.34420228072857845,57.63353727977323,0.8179399091094821,0.47986012211546136,cow
0.9057267521188601,0.24614842516128665,5.5454437178014535,64.43495949732889,0.562882903531838,0.5457736699492491,cyclist
1.0198397609575711,1.7191024214440134,5.194038882117363,85.95933260997444,0.7059860739762913,0.3536296279524877,auto_rickshaw
0.2579679495307058,1.0000427156722012,8.564668689564538,39.97781219644137,0.8024899634204633,0.3676242455808801,auto_rickshaw
0.09562115814068103,0.8067367025866172,0.0,63.697581337244166,0.6002764584384256,0.05093372592631143,pedestrian
0.6689463301588736,1.6168352575975127,8.572073811678852,9.066945744330908,0.9277114313642552,0.8176657737542719,auto_rickshaw
0.27257114532231475,0.3364429775329832,4.70167112688409,20.312958338814088,0.7479358372863439,0.5656930331426426,cyclist
1.945420166287889,1.2872728637869355,13.32459507073359,86.53311068077733,0.18693049803267173,0.5067738179751857,unknown
0.9126776582558943,0.1,5.472481951092916,73.6255955580017,0.6021845393128662,0.4226830129670835,cyclist
1.2980043307094946,0.5619909598557563,6.924829257779145,54.99435757656422,0.40800197931074095,0.4081283248963128,unknown
1.220447723535155,1.021695261564028,1.2374719435597354,84.91962857337195,0.5724522222188875,0.40884224666932195,cow
1.2973646791666285,3.1777836664500105,12.04462946476594,47.836173027570354,0.7481012154511552,0.8389708095814393,vehicle
0.3742141842755111,0.9841531330393077,8.091589414568555,32.99049385623315,0.8480155350949591,0.6376077835304785,cyclist
1.107585387005869,0.4981296298920009,2.75738256135182,33.64757395013963,0.2357991995911789,0.6803185687832514,unknown
1.2607553306855177,0.4472964564553883,5.43000088829829,55.17072765016134,0.724116495916655,0.5255567286964303,auto_rickshaw
0.05,0.6051499662737454,3.3914000969546994,88.49952457153327,0.6159832430900964,0.1826438823478948,pedestrian
1.351283718350592,1.001719856685541,0.0,64.40534098672678,0.7521922150088555,0.4093352666407011,cow
1.2914911374338274,1.9784755693987661,17.241414812182235,27.102861521669865,0.6755583242913594,0.8886005096677952,vehicle
0.05,0.1,0.1963814866421334,70.76296845738952,0.697791228622098,0.10326832100191216,pedestrian
1.4577869956180303,2.2843442908576805,15.394864207655125,47.93587445045283,0.8241249570274825,0.8745572662316845,vehicle
0.7488763005236914,1.2454234888172382,16.503906428457604,17.54093878645703,0.892338259703704,0.9130917529989875,vehicle
0.2691196358007968,0.7609685238207546,5.448686538578078,64.75267571228788,0.6410175861939236,0.3753157478206522,auto_rickshaw
1.0913715599662968,2.469660714486484,10.952954134027168,15.954153689859348,0.9209757908410139,0.8208350150355366,vehicle
0.9617918078769601,1.1207518516521136,6.01921236164656,34.58621449143987,0.7298008704302262,0.523474601115973,auto_rickshaw
0.48839249115710925,0.46540035285922454,4.082016659844572,48.888952161418,0.8761855766122877,0.19971595994538893,pedestrian
1.8714578561781445,1.5945831385234976,12.260571982376986,73.98272541697033,0.6036838865146494,0.7777344907973616,vehicle
1.4677499293705916,2.334200178435605,13.516477141130359,44.860236044450076,0.86608454764643,0.6378702390518752,vehicle
1.414442720390581,0.2700201234472446,13.156204719222153,68.06009106906822,0.6087844034332487,0.8194945400489264,vehicle
0.2748565518976516,0.32188394694779177,1.8186551639323507,11.632637396720787,0.8981397902657451,0.5432322174106994,pedestrian
1.505991172206765,2.6627079956323456,9.687696399026075,84.16980294422012,0.6165462445708061,0.7764111233411437,vehicle
1.117330462438527,0.8269447527924799,0.224379368955014,10.885677866542293,0.8908541763296496,0.43105518195276915,static_obstacle
1.233025227981203,2.3138527323672253,15.791949122315096,71.24804379795286,0.7554763470923975,0.9258698790973492,vehicle
0.9383793352849599,2.05298953857766,4.528735184129607,14.006802463766354,0.8146201998412399,0.9558347568608737,vehicle
1.528573500462163,2.2989394718142258,21.925632020324787,86.93439186595138,0.5711869237860896,0.5891428157766015,vehicle
0.05,0.6818927479080885,9.337150346113413,75.28484031442241,0.5017179142123303,0.3833027784026497,motorcycle
0.05,0.8169378000807265,10.444223021688734,49.71813386283608,0.6980079618898124,0.4165053156962562,motorcycle
0.6320084740598572,0.42590896061797856,2.4298606146899293,87.78666377379287,0.5225338226866688,0.6234742806844744,cyclist
1.3962685409432891,2.384164608380595,10.094594054362103,63.025503593698836,0.6739435554598899,0.7360939163322916,vehicle
0.8089635858473287,0.9193326399104025,0.0,78.81259271253626,0.6146425459152894,0.3128103953768583,pedestrian
0.8817961312748428,0.42117350915430507,10.577323003886157,81.50686177307517,0.6489341188168675,0.4293413483355458,motorcycle
0.25153237560099256,0.2916176480684522,1.1671429015851995,12.716050733315669,0.7552685357681808,0.3070385679073134,pedestrian
0.9964536746591193,1.9499175815473144,13.072044268362756,10.683559688185948,0.8853892557314257,0.7860302546149585,vehicle
1.1899475563470452,1.8530689608467064,14.363904918351347,38.28902500467066,0.7358372919179301,0.8925080055982199,vehicle
1.4892520470533621,2.2751311791507485,15.005524715559185,31.974453857560558,0.7053079813481437,0.8130713170789958,vehicle
1.0831835503754255,2.4128222054845856,8.087392783707559,7.572475084981658,0.9206524473875275,0.8956149574523544,vehicle
0.5549055082735769,0.9294728034389392,8.259200960631453,31.652281685292383,0.7983530073415155,0.6381054559556097,auto_rickshaw
0.31173491045030394,0.35260666683768893,1.1555716003750844,21.06591838583402,0.7747810274754727,0.3668448028195497,pedestrian
0.8165899272432537,1.4636103556900752,0.0,13.92272368875253,0.8538458478724417,0.4814697816062489,static_obstacle
1.4592830378877941,1.400633035596855,0.0,78.01353312617599,0.6771267503870302,0.16978403513910123,pedestrian
0.05,0.48635042163783193,0.9812596179385055,37.842918042567085,0.7498165344156281,0.42564963112563703,pedestrian
0.05,1.1624220376548,5.696459647442064,78.67439007886689,0.5014582198807906,0.3078664933233338,motorcycle
1.493910034018891,2.0377160952606994,18.39609814472094,16.100073565139176,0.8938579666072459,0.99,vehicle
0.435978759124395,1.2504755617031402,7.0093507779598605,58.878410383058885,0.721344440343231,0.6437614440096199,auto_rickshaw
0.15904318315973937,0.5895710016129412,3.744788860508266,70.33796589796295,0.5220204125046567,0.3954467977678563,cyclist
0.302138509083676,0.3182535490359014,2.036701633105848,38.45911324601227,0.7052345702937067,0.1577047714219069,pedestrian
0.05,0.9588747751864264,10.66680974536024,66.86345648162383,0.6471557736599113,0.4476927070391872,motorcycle
1.5356327110535666,1.9570570921286365,14.501750695633683,26.567105996496764,0.6680840407293065,0.7231240178766608,vehicle
0.6836766206121462,0.9785660775734059,6.341418531403223,17.583186331406914,0.773260712514586,0.45816385415135574,auto_rickshaw
1.141059725646934,2.56866901677348,11.089453043679933,33.631281792832574,0.8454438096912195,0.8347141711137976,vehicle
0.2680200334752668,1.0956649820000885,4.832271366762032,48.46877952443651,0.7778272504876315,0.4793785321519074,auto_rickshaw
0.5217733631747286,0.5575431596597971,0.0,76.45169450134065,0.5245039820550136,0.2891410909766967,pedestrian
0.05,0.5697019484036885,2.5901323435520993,33.537176327395535,0.8528910196337416,0.6055112545635423,cyclist
0.7043111794061554,1.293129725758171,0.15595018773636937,11.103269032229038,0.7792075197570199,0.618323480540894,cow
0.786385005696087,0.9026456234423117,7.942318965915786,89.91755490116161,0.5218316750348556,0.4317426983177966,motorcycle
0.2832888586683887,0.6018425126354725,4.308440083216503,40.34952465841384,0.701105074730824,0.4593234078689292,motorcycle
0.05990476447176596,1.058369551648552,5.278319633172038,75.53435130843128,0.7109313365013475,0.34973696921525915,auto_rickshaw
0.41337939627326714,0.799133676133395,11.510350229471637,30.55096278632643,0.8625390263221996,0.4695937792583304,motorcycle
1.3066510183554845,1.7983273410381186,9.915077362871633,29.746276180153593,0.8137834230766579,0.8287321307196418,vehicle
0.9540469021333783,3.2569028533484787,10.398954854250757,65.36103615095314,0.6145211109797356,0.7943308708260535,vehicle
0.9096778733666336,1.306943807057071,20.698613712149925,87.56033847931052,0.6585161026280015,0.7579625429780168,vehicle
0.9412198956975063,2.115927364330015,15.621391541660357,36.58471731840493,0.8780524184296363,0.8233144013320485,vehicle
1.035843666335598,2.8893177548771707,13.632451823873549,16.214956740490916,0.8389657273895532,0.7712410291153569,vehicle
1.011760932306056,0.6303702434310627,8.12749068410888,55.29564963547385,0.6598007797309287,0.31392749642535633,cyclist
2.3131967856690805,2.281557116617124,10.749735008770722,66.16677639903843,0.7008309508210497,0.6416811722983201,vehicle
0.820824614805153,1.9562713413189359,0.0,31.025663058679292,0.8000148284004107,0.6882302261173465,cow
1.2435864312019076,1.9550277790848607,12.874659686548377,44.88020503488254,0.8676417004472958,0.9020866578237099,vehicle
1.1152366890864707,1.5797281460307846,12.464339872248154,31.227971798275206,0.8627498937873768,0.7712128508843854,vehicle
1.000800387480406,1.077150082951374,9.65267576984436,68.65071961615105,0.8513471265000018,0.5782867112846197,cyclist
1.0881589969976204,1.5823972819571404,4.581361427948799,30.699199225006534,0.7430211375753659,0.5030357081158201,auto_rickshaw
0.9371587741443801,1.226231052195134,0.06248740511087947,48.712148638858345,0.6438252526434516,0.4152107147781676,cow
0.8262003761051456,0.46412651585236175,0.0,33.121657764184526,0.7730899084666348,0.5260457236482485,static_obstacle
1.6446844222903247,1.517854976129989,17.679023559242843,70.44456566016069,0.647784081286356,0.8385112872756255,vehicle
1.1810666971284338,0.37118778625621296,11.612163163989347,79.38061005715578,0.5834651946928182,0.6135941093863357,cyclist
0.3049141687775803,0.6854863955356385,1.9232811015545732,68.88663048288821,0.7370293994879287,0.32314257751128495,pedestrian
1.333076932464146,2.4103853901622774,9.779641355463845,80.40996595871287,0.687219041928626,0.7004365108991966,vehicle
1.2018866491128164,1.7795783521579431,10.881765422416295,17.13066278648024,0.8184725557839193,0.7551902290177164,vehicle
0.3166064268329439,0.25203145739234406,2.0467163643516333,32.72385411986167,0.8667788553669997,0.4309986437241182,pedestrian
1.021676536640887,1.6692934289437333,16.758496555538954,66.15343034526772,0.642750016829996,0.9165023084879178,vehicle
0.38141428208198774,0.5179655299237489,11.961562120626743,9.659915026666663,0.847344142741383,0.4857865051158848,motorcycle
0.45866890774917135,0.5575524136828743,12.311787203977069,27.488274388319695,0.868771523368361,0.5672996436684951,motorcycle
1.3665118602041662,2.052639206959214,19.78578650181453,41.567734459742496,0.6507985637698337,0.794905378569544,vehicle
0.05,0.29667940256147046,7.229045384981276,81.05284402016513,0.5945041717030339,0.19588146703448672,pedestrian
0.8019350802504124,2.336903088781156,17.628026991148687,18.608050653811556,0.9440561654941918,0.7609899949653487,vehicle
0.9578233106631439,2.64097680342881,8.085865439464968,57.76421483861247,0.72411619841352,0.718498238249653,vehicle
0.05,1.0885502721444962,12.506516845562105,75.54829969904978,0.5953456476175459,0.4195508179233208,motorcycle
0.21569320355331573,0.7257975168937847,0.39567914550884886,66.4287533662663,0.6184049835972937,0.2469051921974876,pedestrian
0.716127663088111,1.3986783661616145,0.06219749004268344,7.995063643894541,0.99,0.3778780153958995,cow
0.43454672530245664,0.46504340552718776,0.8766030854591427,13.323818984666133,0.9032485504409917,0.37318214846521264,pedestrian
1.3440071660290007,0.29455615915976696,10.52319814005552,91.69572880827718,0.16914775629159198,0.29858764075886457,unknown
1.4394078369226349,1.737852179779972,17.28834497205676,40.142363074024715,0.6411978951227206,0.7745812835164632,vehicle
0.6301669665052565,0.9132237774257717,6.920230229409087,21.60363471196619,0.893734286648437,0.6934842635925711,auto_rickshaw
1.5393380575888291,1.7061072305300422,13.096711936810676,23.458626325220216,0.6692838845055749,0.683700165550216,vehicle
1.2579849545462756,0.8368991647728233,0.0,91.98935948452284,0.6272454513035667,0.36787311337279555,static_obstacle
1.5136148842921526,3.060910057747846,16.372885083529358,86.86031181594635,0.6238639919384293,0.7288310589724796,vehicle
0.3257321505581061,0.38030628571970976,1.6771127727260033,13.230574768532987,0.8368081154658497,0.40077590230531707,pedestrian
0.5111898660471859,0.2682702312777494,8.996700657635964,69.73242110033165,0.52056968095618,0.5254432982841188,motorcycle
0.33605474307906585,0.6527837076684048,18.173660638830423,12.043251869081129,0.9169698597362623,0.6904394893784135,motorcycle
0.4634647313512388,0.5233385599424243,9.303249311547043,8.986465106280024,0.8044026428963283,0.6853155883043922,motorcycle
1.7579402234852415,0.1,0.0,62.748778678693924,0.685205789560637,0.43919631756429556,static_obstacle
0.5279263981560818,1.3448129377416973,3.438500786263914,30.88775762912985,0.763817484883859,0.6392208802475059,auto_rickshaw
0.2909060433952625,0.36145299074377324,0.3835357481956947,57.37464897922911,0.6866414619693197,0.24133187978605905,pedestrian
1.2246011053074533,1.5901700973315354,7.989832295740841,65.51669023604738,0.7229216459189904,0.6706155701605828,vehicle
0.9077720562107126,0.6740643447894004,13.724002435789997,69.68658699376496,0.7401412139769131,0.7728491861317378,vehicle
0.8021272468706165,0.9895695329906211,2.123004094555817,53.881343162908856,0.6617145304183832,0.47978378356820484,static_obstacle
1.4398901076079968,2.210837012194803,16.604636002689,54.34468893889827,0.7534276123605272,0.9493498782622551,vehicle
0.05,0.4933308074495516,1.7634493453338345,39.33183560231469,0.694014109785311,0.2683661384057556,pedestrian
1.100122028323512,1.3969347641963341,0.40874144381989796,30.5543627920282,0.9649954439776919,0.5559692072992767,static_obstacle
0.886460161770717,1.0710435514756527,5.265440191780125,35.15629681283522,0.7471535535240632,0.3832625798062512,auto_rickshaw
1.3336231923152868,1.9645293802609871,9.16506019887002,58.245563411555494,0.8381767132768354,0.6988882248452901,vehicle
0.05,0.18705509688637886,0.8938266020296345,45.74648290639356,0.7783668633100885,0.09903935544627113,pedestrian
1.4496569163638522,1.9962094380451267,10.431677878699906,35.22585345786702,0.7049083073519744,0.946767355833372,vehicle
1.0905745962258564,1.7482886564215359,7.60502853204091,86.57108102428076,0.7095382406577282,0.596964774845153,vehicle
1.397836563304626,3.6565803347794934,9.166205495147569,83.1371214729183,0.6424341787243639,0.5686592568527828,vehicle
0.05,1.23473418757452,0.0,46.267979785525355,0.6136164266504017,0.4633509984271099,static_obstacle
0.7442891665207293,0.6351141642914271,0.0,82.42481841573078,0.5392287753612234,0.35932722676732365,static_obstacle
0.8212086306024092,1.58721539525085,0.0,15.426058294135157,0.9321574860519142,0.592391267650658,cow
0.4591354642102039,3.3430187383073235,14.36774933917576,62.82080783709934,0.6694846631064552,0.8615870698755289,vehicle
0.6792272159589414,0.9008788787878517,5.196138608165294,91.91524122704136,0.5813648490353492,0.4777124045964889,auto_rickshaw
1.5137615879005064,1.9459230861560939,11.067494017120085,7.496279505576389,0.8269372767112607,0.900343440552072,vehicle
0.2110171444847544,1.0800024127318628,3.862447743023741,52.474388890621285,0.6170097310314203,0.5328333491900122,cyclist
0.7459247169456792,1.326170441299679,4.750075119845048,44.63509897985715,0.78164792484016,0.621626966725997,auto_rickshaw
1.033243722603502,1.9192775407752733,6.783389145033884,35.210666232066714,0.834843419270597,0.7228563971213346,vehicle
0.36844879248525775,0.3207302042167885,1.4699185625650633,16.903336454934244,0.7720262857652573,0.4711234140830605,pedestrian
0.6668603048562853,0.5826282971093603,7.236636953949093,27.956841852503686,0.8673183315347375,0.6148093337421757,motorcycle
0.40941702681001957,2.021152121529097,13.399397364746665,89.76680483889237,0.5409828892285402,0.8192663594403008,vehicle
0.5201873400563801,2.1343061916174193,1.1081141486075137,56.4711851852885,0.7232257051918238,0.3744707124816883,cow
0.05,0.43347104259290936,0.0,74.5368474500335,0.6702375316955659,0.17502520495570978,pedestrian
0.9098900612841879,1.4853169845541039,0.4077704462979489,11.303889278687603,0.9402647440834492,0.7935238308384138,cow
1.192680291637708,1.9443641685053592,8.172801995677174,58.491459700455074,0.7045071986168951,0.7266874660659897,vehicle
0.33192150794154035,0.23297573642099983,1.16169805396232,59.829017955534205,0.7727469557805874,0.6436636563002016,pedestrian
1.1860721615595085,0.5719690894319622,1.3078439868346132,42.55364669920164,0.8080468194721063,0.5024225429706196,static_obstacle
1.0626564898868944,1.9293303327012135,11.413245363746427,25.302391378312137,0.7881990517930145,0.918543384204139,vehicle
2.1864252832091844,1.5533840047422725,6.959476142954184,50.68458300213799,0.5926636953709844,0.7757633959634384,vehicle
0.5971508965611982,0.1,2.455590104042612,71.878746886518,0.6842900132639189,0.2594882065200573,pedestrian
0.5794122189043168,0.5913469281026484,2.912880714634496,48.13925835348759,0.6810424752368679,0.479376672216038,pedestrian
1.4188306906159638,2.3683235794894517,18.96926481431741,70.26803969233164,0.656230728775292,0.803966613526287,vehicle
0.605761620277081,0.48065023884962144,1.8335348675873768,35.85882846725649,0.8865506726515577,0.2967154507619054,pedestrian
0.23204792556294496,0.6450521556479643,8.001517613132968,29.897340538983258,0.8258724597910613,0.5294104564623506,motorcycle
0.27426134125215446,1.5420117001409146,0.7835999552281744,60.40213328050575,0.5682396876462034,0.30943968713578296,pedestrian
0.8257761466429487,0.1,2.889898938911317,71.0542370147662,0.5589144113703133,0.5421910464225107,cyclist
0.10896725911301497,0.7832134652211099,0.6672841128903373,24.629443809705453,0.7840474708572317,0.2822667463851203,pedestrian
1.0782312451709115,1.4961492253666702,10.954779360609233,68.94257213015018,0.6175434936161245,0.8313782315608057,vehicle
0.4342185653461327,0.1,9.101628733766503,79.43312969132596,0.5332969755694279,0.5567291665170264,motorcycle
1.1336857081921456,2.185394164358377,8.699556534395953,37.05357990567059,0.720835952846882,0.7445145980880146,vehicle
0.05,1.380821834313642,6.998545794411684,74.65960548695439,0.5850498802403186,0.2512906121630917,motorcycle
1.8148994159458227,2.0545212938428152,15.169248159622239,57.331693624604156,0.7977695875365511,0.6143126703695662,vehicle
0.4827440366967905,2.221574696130544,0.44665479877669045,71.24952260993008,0.5949618056781771,0.5193047394060202,cow
0.5700289422872976,0.7173115288279313,5.488911626530961,20.80236687278131,0.7472001364644688,0.5524352987730707,cyclist
0.05,0.6321929804988032,3.998252133738897,61.97688913246387,0.7683290670635329,0.5609032653764379,motorcycle
0.8340327761066723,0.8119935156238425,0.3556847178351791,59.226299613283764,0.5124826986352796,0.31369261458394093,static_obstacle
0.45950196609948923,0.8898664510065571,3.2391770760150216,88.33911472226745,0.47511881002149725,0.41335465962493867,cyclist
1.5577105111127951,2.760946707798836,11.831523374927539,82.87145488097977,0.6910037200790355,0.8500816731631529,vehicle
0.965261115891715,1.5952930810439776,13.375701975108067,48.47318706339693,0.792259654190983,0.6944529307898388,vehicle
0.3004240414494348,0.26245337217505094,13.121917117960205,93.52687975577076,0.6329339148169421,0.36119628572922746,motorcycle
1.326917089651924,2.219598448225061,8.070099029092471,15.634887797467332,0.803559538351943,0.9896565198861446,vehicle
1.1800177572463837,1.6874583120587792,18.230198107969084,23.13010324101912,0.8718202960810465,0.99,vehicle
0.7409609869008866,1.6755291880926486,0.22667049091559194,63.70808962506007,0.6249942311364006,0.5195897472487889,cow
1.2863732668125296,1.7798000508162855,10.917176143893958,72.57334766091745,0.7205323302874137,0.7651453246763811,vehicle
0.3845950496338695,0.9796991980383452,11.792715976669438,73.56967213803571,0.6734819211096713,0.4022559834892171,motorcycle
0.9716550638063834,1.1857673146065184,0.6127737691628343,82.82462636457723,0.662517142515998,0.4825731123672601,cow
0.4999562479147682,1.6589955917608223,0.34815866667102396,80.59869637507184,0.6364760818653743,0.39388357325245726,static_obstacle
0.1823570490762395,0.4560353846504442,13.115596646442242,23.048312783080817,0.7386217130161956,0.5368115690349899,motorcycle
0.05,0.9975414726801732,2.131407920575885,80.43220559583224,0.6636866731568587,0.17688936306580152,pedestrian
0.8242732448770448,1.3682549694246098,11.456296948890795,76.35240507653951,0.618975894065609,0.7631390333814734,vehicle
0.3977733711811843,0.5340389904753532,6.142447219255638,27.458441795225866,0.7043979638905394,0.500226131248369,cyclist
0.17810194537832313,2.458133593529443,6.1021217848441855,49.58292923524105,0.6696403607953907,0.6603163092281604,vehicle
0.8281448795229407,1.7848996563229538,0.17418273383057797,52.44625855599969,0.6501058631197308,0.5240037939875962,cow
0.05,0.43821446766508326,7.2584436593385995,45.172579118057705,0.8315783366573013,0.5263808949845926,motorcycle
1.6068726680190522,1.9065527144234684,9.053812677720558,86.73668949941613,0.6247048151619633,0.7945627665246882,vehicle
0.7854471884583527,1.6037814368999608,12.107099048393053,25.808427594935218,0.6672069070576139,0.734894198307563,vehicle
0.3649978986423592,0.5897126600697861,10.039410750454206,52.83812631223817,0.8360676136790322,0.463948520239194,motorcycle
1.0737668811784864,2.0278581273116276,7.457648469115488,88.04957049869097,0.5214248831351184,0.7778129874499078,vehicle
0.3786652155803413,0.752002422814966,6.405554912938905,30.518124914956815,0.686586110706488,0.6550722146124371,cyclist
1.1264019001322128,2.371137900643464,18.195673528369934,42.30207632774428,0.8519194271673841,0.6562279249889081,vehicle
0.546245011285319,0.705146174640617,10.837911881802347,62.97464816880223,0.6474524706393564,0.6237060978750792,motorcycle
0.9858358765581239,0.6952029128544205,0.0,30.279924546718433,0.8265843302840615,0.6203668470641144,static_obstacle
0.8104938819082392,1.4797190188682132,0.0,14.489333826093432,0.8996070846192968,0.5362840622135052,cow
0.5121442483450034,1.1715527924645734,4.006674483624639,21.11193874766815,0.8212111195040568,0.5356715386798224,auto_rickshaw
1.5673068255510434,1.997654299938233,9.005340636139847,69.03028148191481,0.760835343127428,0.8282258301569293,vehicle
1.5526400531633744,2.2062522216668903,16.171256306023725,32.38200983265017,0.7886206780814194,0.7458644741351026,vehicle
0.5267549117207652,0.5351232605951846,4.341906162699905,49.70913252560146,0.6925613770812384,0.3607729018476825,auto_rickshaw
1.2878207397474908,2.070431089376497,14.542253129951872,17.178153697658505,0.8788566528779488,0.8305512884150524,vehicle
0.3826527743929747,1.3556420770601771,4.96897273701238,83.48324645210742,0.5652893631103106,0.3837788985078591,auto_rickshaw
0.3845243684388907,0.5189702869323143,3.857200736741939,10.780373137362794,0.9216253094408859,0.6582448065383296,motorcycle
0.858267692859596,1.845200738843108,0.6115778764092514,46.31789656894589,0.7561958540647057,0.5948902471150301,static_obstacle
0.8972962807846279,1.3337850469318469,1.4031962366266146,69.13898180242451,0.6146368752458291,0.31299817544822517,cow
0.7729645692940352,0.8914955876026948,4.788984117056353,35.26265328041686,0.7458179048825079,0.5526590657336268,auto_rickshaw
1.6016842382523544,1.5125424328777146,6.8176513929095,41.02458399977094,0.8208498468697332,0.5771521652333472,auto_rickshaw
1.286477184996357,2.578919461775479,12.782001303666675,25.93274594473524,0.8758363680104668,0.8812259289125611,vehicle
0.7648828445909688,0.7532413451208602,0.0,87.78620724738191,0.5227516177140431,0.30318113932875,pedestrian
1.1972589032895364,1.2374995365156352,13.163374539732494,46.98502645493126,0.831733015407278,0.7689839093127556,vehicle
0.9322806252239231,0.9956426445822341,0.0,32.54237818937231,0.7278707192384407,0.5231819801982464,cow
0.43491147987115586,0.6254387443402382,6.708374786985557,10.335003704678643,0.9045429493326351,0.4274371612338068,cyclist
0.6993529148989267,1.405791786158072,0.0,13.783584407155914,0.8246561549610366,0.6023880784623233,cow
1.724109365832947,1.6099092482105897,9.932018381373561,37.22281814342339,0.6524927431484195,0.830312636743227,vehicle
1.8921729900391808,0.5061339349654589,0.0,74.33034488022265,0.6508703363802839,0.6699764692869828,static_obstacle
1.19759026673264,1.4653278160792453,20.754917211794638,42.76538417014646,0.7266318992573391,0.6875568424204975,vehicle
1.266706132650581,1.4313182644778348,0.30982395650976335,39.678647419603394,0.8502625025109581,0.44698936938264777,cow
1.2746291363707918,0.4814284517837945,5.099600092196927,72.96096703062415,0.6547775204201771,0.44735636235574805,cyclist
0.9221756777626392,1.8167660530675152,7.706149627332144,29.297562842502877,0.7107577625114502,0.8229847803939834,vehicle
1.3859377855505342,2.370566569477825,12.725415295131212,78.70071480958755,0.6534427554153563,0.6188275208635864,vehicle
0.49349574759070824,1.2378666207204856,0.0,40.08750322747014,0.8592687072819902,0.7226222448340004,cow
0.7205979929186257,0.17628211245668868,8.395872324731815,41.58198629566767,0.7498331212873202,0.6169212161017825,cyclist
1.2022011856050412,1.8026271877284628,11.670983031690007,33.50685297668811,0.8640614304324935,0.8302516732582668,vehicle
0.5037334195615375,0.7079649547641158,12.278261555800034,35.34887750549317,0.8186536579131215,0.6484910463131923,motorcycle
0.785972045163322,1.373141117646084,0.3633371828946703,43.20417234261913,0.8448214463185,0.494852089781893,cow
0.07890581062967134,0.5553053956185412,10.016247054795542,72.3243297758079,0.6286892052186736,0.3681665995200394,motorcycle
1.1890242499877899,2.246584873118968,18.890034555490608,57.509054395489066,0.608566866059439,0.7907391532965973,vehicle
0.05,0.9396082933321543,3.817222871452381,44.03779236866038,0.6764655203009206,0.505077176268977,cyclist
0.05,1.0043329342562126,9.571707835021424,60.30759535908635,0.5485842683205474,0.41783612632427064,motorcycle
0.2996914819910883,0.44876776483576825,5.069154237976666,90.22454145430261,0.6290556606520281,0.5547547710139231,cyclist
0.6067095643814321,1.8428725636162933,0.8547422869369271,64.46019162198809,0.5853662421749809,0.5061452598121917,cow
1.7177950847088057,1.846896954660522,15.922091712512602,47.13441478901331,0.6722972566690407,0.824106231400041,vehicle
0.5041753402784718,2.715567399117108,12.497196527394392,74.80726553020914,0.6497811662063531,0.6979974886220297,vehicle
0.5480542077579005,0.5676386440114031,1.227899829292844,23.503398876301993,0.7912209137445984,0.3308700057646381,pedestrian
1.2469337382932348,1.5677845506414643,8.625377878683823,13.243045942031614,0.8441568092711981,0.7363031573608485,vehicle
0.05,0.4456420718911895,0.39354124012048763,38.04185184860284,0.744832166175772,0.4529883550136533,pedestrian
0.4934164228871415,0.20060431130684625,1.4405074344274478,51.79321540603692,0.6478662953216119,0.48735403486872975,pedestrian
1.1760179421529309,0.841603817682983,1.900453408054202,33.217159263461085,0.5185648536983734,0.6243894571710807,unknown
0.8424852826777882,2.007200757458234,12.310545548798629,55.16650257122721,0.7824742047683373,0.7369191150466248,vehicle
1.053367959353412,1.5485041962426498,0.14857910220029608,6.154267361990383,0.9198339577656405,0.6161793072175515,cow
0.82251970463129,1.1552459109718018,7.071020490968592,20.65795860396642,0.6927533905648557,0.5914053976390768,auto_rickshaw
0.3992992473363135,1.155886025705265,1.525740865199637,38.65854351708508,0.7034371600123618,0.5226352878254227,static_obstacle
1.060134330315453,1.6211657216169062,15.992806253622609,93.06846620580917,0.6121949623991695,0.6987179134551825,vehicle
0.8425759538502957,1.5068491746161081,0.26578290320724296,6.82717010818025,0.8419426175860151,0.5830659594085339,cow
0.10016375999603407,1.2292914255731993,0.0,51.055327297355234,0.7023253388659798,0.3838044921490887,static_obstacle
1.0152191489517959,1.050086319574778,0.5112053064738917,70.24979629254672,0.5415875187144398,0.6887654631210819,cow
0.13051481300436119,1.5193892215400662,0.3159390959158812,63.314738193679965,0.6184980775824993,0.4405031652265924,cow
0.05,0.11743423565093081,9.02608272711273,53.389232073237935,0.5329577431079668,0.40738273389615287,unknown
1.0099996067247432,0.40041269623808606,0.0,29.422983003986243,0.7954950629653993,0.6986449661725167,static_obstacle
1.3251067717488234,1.8987896504363164,15.565912928339225,73.0179961060208,0.5958381254076599,0.8266613380401234,vehicle
0.8049663342094902,1.3488828514457416,1.549455572883513,71.46807001798992,0.6457298807684719,0.5112455672491933,static_obstacle
0.7058583276746528,0.8017286389123978,3.4139608509120642,79.58419725045393,0.7430006023384609,0.23177347537294168,pedestrian
0.05,0.4377288359939877,11.062521494891776,94.83120671250566,0.4772776626932305,0.3729579496233806,motorcycle
0.05,0.1,0.0,78.09639127991353,0.6250206053234961,0.35378271231607805,pedestrian
0.8822517951303892,1.5609137974357727,13.085433033834908,24.475191811836392,0.8904724452041543,0.9146136884579733,vehicle
0.9882131876052743,0.6227526298570001,10.554871310315722,48.24616112206438,0.7692140697662055,0.5038296718762194,auto_rickshaw
0.5830409548217177,0.9568588360026362,0.05871383402305553,11.94682350822923,0.936450843896283,0.5453344661599947,static_obstacle
