relative_size,aspect_ratio,motion_signature,distance,sensor_confidence_raw,reflectivity_signal,traffic_light_state,turn_maneuver,waymo_schema_aligned,object_type
1.5659832936912401,0.6948829374702403,17.836122778988397,79.47670298956727,0.7066009779998114,0.7391757183762757,YELLOW,LEFT,1,vehicle
0.675067839106469,1.2478458383745643,7.972271003726067,67.32791883833971,0.6986229184267999,0.3213877569857021,GREEN,STRAIGHT,1,motorcycle
1.7952829784714701,1.0307450053576193,2.061366221262411,89.33819256129154,0.4945177100954048,0.6322680743416628,GREEN,LEFT,1,cow
0.9916080268122948,0.8179070295562496,0.11929513484474807,5.547987341585516,0.880697298810264,0.47873783377888873,RED,STRAIGHT,1,static_obstacle
1.379857342309935,1.5121231732013471,9.390745836067014,31.326358196366762,0.8175034427134908,0.7894895391451198,GREEN,LEFT,1,vehicle
0.6805951416833788,1.8088491040264791,18.182711788290845,83.02401215166952,0.5822824831935925,0.633233606316057,RED,LEFT,1,vehicle
0.20564626930911095,0.5506518571676259,1.0551762671698075,41.130106782187426,0.7396170170454003,0.4773477599889401,RED,LEFT,1,pedestrian
0.756569645578148,1.4477616416555428,3.6723192531559565,47.02711999672496,0.6837495596423007,0.5244270870829686,GREEN,STRAIGHT,1,auto_rickshaw
0.8586721143117555,0.9307904171594716,0.0,55.816614589753684,0.6405463768370189,0.5281369478712222,GREEN,STRAIGHT,1,static_obstacle
0.9007350729976713,1.5066956686059352,0.978859961841441,62.09057657400839,0.7562354610001736,0.3432093409472976,GREEN,LEFT,1,cow
0.2469402300195868,0.25648266400546216,1.8792735861743113,38.404545330716765,0.7843125123411393,0.5699112804198156,GREEN,STRAIGHT,1,pedestrian
0.05,0.1,10.11050178913518,65.01799944958296,0.6631060671964844,0.20608315107484404,GREEN,STRAIGHT,1,motorcycle
1.0182829144100378,0.7428114678930374,6.2040459819761,58.561850741511336,0.7937170992512311,0.45910678604801325,GREEN,STRAIGHT,1,auto_rickshaw
0.9838526127755863,2.1883824899433346,18.674323467553236,31.397774970250822,0.6751663576919172,0.7435755868188212,GREEN,STRAIGHT,1,vehicle
1.2616566585789604,1.5169328470572383,11.178355547570124,25.54118271443292,0.7362032499885647,0.7827045500243743,GREEN,LEFT,1,vehicle
1.7936065703917086,1.0056287066558764,14.424057471180474,75.31896701725745,0.731866836260009,0.7256852056690792,GREEN,STRAIGHT,1,vehicle
1.155365674767931,2.4186865683779146,8.66671142041821,85.11270236564131,0.4895880531484948,0.6767808183224684,GREEN,RIGHT,1,vehicle
0.1251646189866138,0.6288056233954121,8.18732090320124,46.36983833623951,0.6275666283715499,0.5404447096533724,GREEN,STRAIGHT,1,cyclist
1.2081854077268368,1.256638452447392,12.439709962687552,58.42048418409074,0.7930943505684722,0.9224062479260758,GREEN,LEFT,1,vehicle
1.3423808663242263,2.2570743360164203,9.870872169213163,74.44642198807469,0.5559193398204294,0.6426880169216183,RED,LEFT,1,vehicle
0.6706836153698341,1.0029249678576149,0.0,13.585934958188957,0.7218338714319205,0.4125020834020271,RED,EXIT,1,static_obstacle
0.9060037362901032,0.1,0.0,90.58357350522935,0.5546053422350757,0.06620575331732009,GREEN,STRAIGHT,1,pedestrian
1.4536842259814153,1.9634453665750045,15.976309243319799,20.76995948952446,0.8701139636728911,0.9542483038386488,GREEN,RIGHT,1,vehicle
1.383495486840887,1.3799756067081157,10.372349217217227,90.1810861835365,0.5527107957208252,0.6830146737011009,GREEN,STRAIGHT,1,vehicle
1.0007905377956643,1.1391078392840408,7.292629952949379,89.6706068452797,0.5563932944758996,0.4629242928596009,RED,STRAIGHT,1,cyclist
0.7255744673482141,0.5040315304449293,6.1946271677437625,30.42251837330033,0.6823628062981781,0.4361614961628246,GREEN,LEFT,1,auto_rickshaw
1.6760633361709845,1.4706987154207325,4.923943308006191,92.01609498193568,0.6749889862997748,0.7739321329683934,GREEN,STRAIGHT,1,vehicle
1.3340043648987805,1.0113909463287003,9.039626067468017,86.17461770742351,0.46325714179052246,0.4844987871126128,GREEN,STRAIGHT,1,cyclist
0.8381533811953167,0.9914731106838116,0.0,59.13984913698417,0.7271239478436983,0.5899145077001166,GREEN,EXIT,1,static_obstacle
0.5185304658216866,0.1,0.0,67.51358845279569,0.6659456788440048,0.3587288353148851,GREEN,EXIT,1,pedestrian
0.7800899957429395,0.9614139677961321,0.5860205363872895,49.66328775941254,0.7386947713164033,0.4005297168306671,RED,STRAIGHT,1,static_obstacle
1.3359487773072818,2.759111764169388,12.732039145200705,92.03317477305316,0.5389860196531034,0.6042195177662426,RED,LEFT,1,vehicle
0.05,0.1,0.0,76.7013257472235,0.6969486719207729,0.09508781420998796,GREEN,LEFT,1,pedestrian
0.3587816476023463,0.40082814727599364,7.3034567086139095,41.40746470164827,0.7263193902403394,0.5435689710215926,RED,LEFT,1,motorcycle
0.17743250723831225,0.4212962789783147,7.538209876301561,94.13256037985347,0.6722556264702277,0.5152598127126683,GREEN,STRAIGHT,1,motorcycle
0.6178689864210707,1.0217939534017095,1.8427804906808853,40.78511406975835,0.7405885441504857,0.4637617634017568,GREEN,LEFT,1,auto_rickshaw
0.7968411922782297,2.840607621564501,16.4417798705062,63.365433810681935,0.7411958338157174,0.8073280540186858,GREEN,LEFT,1,vehicle
0.4405231831276637,0.4030041652912916,3.0403671919820816,68.10256349757263,0.5904954432618282,0.32025546559421475,RED,STRAIGHT,1,pedestrian
0.7755430033008255,1.2082902759967409,0.0,5.748794800447281,0.99,0.7266478182681542,YELLOW,STRAIGHT,1,cow
1.2439180870176563,1.7985555239118858,10.268529313399192,69.2647451040314,0.7165940677418705,0.7034651856549329,RED,RIGHT,1,vehicle
0.674337552042388,0.1,1.4488282710693026,77.45812866460965,0.6740840487278771,0.22415236071284456,GREEN,STRAIGHT,1,pedestrian
0.28032943549209705,0.7801613030534068,6.762439990071382,29.196816294397415,0.8410187602014754,0.740857902728017,RED,STRAIGHT,1,cyclist
0.05,0.3178250350832191,0.0,79.22689136123068,0.5019941382952057,0.38590941762442005,YELLOW,STRAIGHT,1,pedestrian
0.3704707609029316,0.5800784015520908,9.700416525390695,19.354303628722246,0.8727016271049653,0.534143245981862,RED,RIGHT,1,motorcycle
1.1166207466912694,2.03301710282588,13.825063129014737,24.445410462028974,0.8292164985865986,0.9544210306159261,GREEN,RIGHT,1,vehicle
0.05,0.3090471792124535,0.0,84.59388923206741,0.6662780571362732,0.1547060249202662,YELLOW,RIGHT,1,cow
0.5511496982168484,2.02416224205849,16.267773527937713,52.87001711067627,0.7564235838988264,0.70611660493284,GREEN,STRAIGHT,1,vehicle
0.442937595123833,0.8901331280896251,4.255836034848227,24.07048973960982,0.7639395443765022,0.6054968057809507,YELLOW,STRAIGHT,1,cyclist
0.5040685586356868,0.6732926485842986,4.401214713287914,72.82351676711777,0.6559373283289658,0.4536014300386866,GREEN,EXIT,1,cyclist
1.42311141367464,2.3839504748546276,16.851636937949557,51.105628151913656,0.8475261765733395,0.8915278586241513,GREEN,LEFT,1,vehicle
0.2863081213663058,0.1,12.865517687272606,84.34071094466813,0.6257576137052354,0.5743341417666515,GREEN,RIGHT,1,motorcycle
0.4303302833311523,1.6861463733223965,9.417432678083184,84.43038890951125,0.6549199209097138,0.45029315212546045,GREEN,STRAIGHT,1,auto_rickshaw
0.05,0.1,14.394778193482228,77.3433090674102,0.5596870336897092,0.43232240356711094,GREEN,EXIT,1,motorcycle
0.1965731187736188,0.5985142231751175,14.741189092339887,39.13038834624041,0.7701404972364557,0.5921898772899914,RED,STRAIGHT,1,motorcycle
0.9504010842562045,1.358876065657379,0.22868626299451142,17.62920663741635,0.8853724627402941,0.584470813288288,GREEN,LEFT,1,static_obstacle
0.2574469686261164,1.5723755946913025,9.96183002516553,85.0215131546009,0.5653762310991652,0.30709712212041734,RED,RIGHT,1,motorcycle
0.5072008828025785,0.398482721988374,3.333618473029032,70.19099656965857,0.5259071237512403,0.4784236827895456,YELLOW,STRAIGHT,1,pedestrian
1.4631014010183478,1.894464369570938,18.709463054571046,52.58519771885921,0.7419011565179078,0.876463520156116,GREEN,STRAIGHT,1,vehicle
0.05,0.15869419463654716,3.5085866569810236,46.75911183179825,0.7826119976666156,0.49615559453606095,GREEN,LEFT,1,pedestrian
1.0235340063527265,2.623003351563245,7.229943665011194,78.14422579037559,0.6072476413015094,0.6909081645629184,GREEN,STRAIGHT,1,vehicle
0.9263600986448803,2.7669219718640625,8.887621139653032,87.494297147817,0.47076656258524574,0.7443683456297239,YELLOW,LEFT,1,vehicle
0.9329606719906792,2.6940988974734825,20.026438936944473,17.459194399645487,0.7846131728082221,0.7293025216749214,GREEN,RIGHT,1,vehicle
0.7070303687854208,1.4348497246902958,8.041191674487155,46.5050211128519,0.6661221755316615,0.6678288889100155,RED,STRAIGHT,1,auto_rickshaw
1.09315473197316,2.36205916611546,9.619150875219152,23.37499032514187,0.8437573121922504,0.9250190934936627,RED,RIGHT,1,vehicle
1.851661022210742,2.6388607307463263,12.953684310844134,57.60498159777112,0.6985942878155466,0.8657981019953764,GREEN,STRAIGHT,1,vehicle
0.05,1.1722855572082629,11.096836616161438,92.85682774892753,0.620121938555824,0.4300025794890267,RED,STRAIGHT,1,cyclist
0.4614569008277074,0.3573861437477399,0.6176554903149928,36.27563741826629,0.7130572099855923,0.2596001846609595,RED,STRAIGHT,1,pedestrian
0.5170506088234734,0.7309743790408555,6.626800971783263,44.461104372552036,0.6335599599394087,0.3810883633252634,GREEN,EXIT,1,auto_rickshaw
0.363678138951409,0.5929153874178644,1.0696850784987164,20.310387557835334,0.8173203997407497,0.2888238157065044,GREEN,STRAIGHT,1,pedestrian
1.4506522851906165,1.0614700920506543,15.22100428741583,20.68190614808416,0.40882818717426517,0.5081865392766683,GREEN,STRAIGHT,1,unknown
0.5514520842791415,0.939486355645375,13.499764642106118,94.25955928813245,0.6032857879076308,0.5957460187120693,YELLOW,STRAIGHT,1,auto_rickshaw
1.3320687015476507,3.1102788970635773,9.293506039231964,76.97461222568477,0.6937304569228465,0.7498808343008729,GREEN,EXIT,1,vehicle
0.6579853972422678,0.26718310985562843,4.157232515215467,88.90904824059898,0.6708070635449013,0.05,RED,STRAIGHT,1,pedestrian
1.191859852784283,1.145168857822609,4.117991889490457,89.50054640371475,0.7407619652399391,0.4834408484182257,RED,LEFT,1,auto_rickshaw
0.6525617324302906,0.8826807338977221,0.2273147626062005,59.02533144752333,0.7442102746811807,0.556164617542599,YELLOW,RIGHT,1,cow
1.618519054557059,1.9059311147854348,0.9771922291697294,51.162994829728916,0.7263551373580075,0.45692629319905587,GREEN,LEFT,1,cow
0.7903756394723108,1.414998993991531,2.461760778213483,47.14971673404321,0.72115737482482,0.658890558186368,RED,STRAIGHT,1,auto_rickshaw
0.05,0.1,3.1222318388371852,88.01307362030926,0.5843112715694107,0.2418329044986618,RED,EXIT,1,pedestrian
1.0435322542224035,1.5676697801264041,7.611851563453775,37.92972286011924,0.7066791367373126,0.8361356222956358,GREEN,LEFT,1,vehicle
0.24237053604503306,0.351534268114157,1.0289037600555242,22.30789064302647,0.9269887512802685,0.3069785167811673,GREEN,STRAIGHT,1,pedestrian
0.6707806554377331,1.2414583031330635,5.068021344654585,44.20803114108588,0.8222806132023591,0.46372594773140874,GREEN,LEFT,1,auto_rickshaw
0.459327232083257,1.0960084961913545,0.0,29.565499525833907,0.8007894229767409,0.521301145060637,RED,STRAIGHT,1,static_obstacle
1.0522270857895877,1.8095444498803688,14.334240573160578,69.54085116249742,0.7200290888876261,0.7686171396474946,YELLOW,RIGHT,1,vehicle
0.44397492828266577,0.1,3.487687085721885,79.02451843612043,0.7855045732276574,0.08168334864189972,GREEN,STRAIGHT,1,pedestrian
0.9652751765466396,1.7927699956525494,12.460368372207018,6.365919405814421,0.99,0.8157164792625391,GREEN,STRAIGHT,1,vehicle
1.4346799453306114,2.1755859744719284,12.982669493090082,37.53872588786347,0.8521720026976375,0.8542213690577709,YELLOW,LEFT,1,vehicle
1.0800553667221737,1.6783785279318517,0.0,27.16197448735401,0.705239428840231,0.5678046631983452,YELLOW,RIGHT,1,cow
0.4049775503192488,0.9878947004356504,1.740579344821199,72.06615458326529,0.5962594046336819,0.5394156130157586,GREEN,STRAIGHT,1,static_obstacle
0.46002291058080685,0.7975028615366657,6.7375799176996125,56.88251938019785,0.625146678428457,0.23740222589830534,GREEN,LEFT,1,motorcycle
0.282790393477768,1.210773424646441,6.5749877840983455,92.40358166314572,0.43889747763701614,0.43761447710278784,GREEN,LEFT,1,cyclist
0.1986822196484146,0.1286796454725446,2.2872076951184726,41.2886980519927,0.6586114994040699,0.26186792594732794,GREEN,STRAIGHT,1,pedestrian
0.9675382978807013,1.4115952125159332,0.08453312547604826,19.113143478512512,0.9086801317257853,0.6310459885546609,YELLOW,STRAIGHT,1,cow
1.3005819267170364,1.3346488037978552,2.1943071359174535,72.71580940734091,0.7096939578553005,0.25786141082660285,RED,STRAIGHT,1,cow
0.05,2.266467927457808,0.0,80.97910927575288,0.6007391755445985,0.3516534853895176,YELLOW,RIGHT,1,static_obstacle
1.3574127159437763,0.8083802722031453,5.7848711210744375,90.20806202230166,0.491526119809866,0.4768229070729642,GREEN,STRAIGHT,1,auto_rickshaw
0.3741802301557154,0.3817432148213236,8.748098166924292,42.547407670811886,0.8665084187706971,0.46654903627372246,GREEN,RIGHT,1,cyclist
0.8125200456941577,0.1,7.489399075190457,92.72215364436963,0.6067361075321521,0.37340637825504264,GREEN,RIGHT,1,cyclist
1.4053686129545895,1.5993329383355082,13.724604302402087,32.57895404330344,0.7987794190540166,0.9195191694350424,GREEN,STRAIGHT,1,vehicle
0.05,0.8250981907739443,0.8981683456910335,79.91271856948954,0.41565030682260595,0.20269235719884032,GREEN,STRAIGHT,1,pedestrian
0.11745874045343405,0.1,0.1747301769976477,52.694652823720965,0.55567925762427,0.2556183236966136,GREEN,STRAIGHT,1,pedestrian
0.05,0.1,0.08061166637729378,67.74473229241823,0.6584281247296891,0.31607334425955924,YELLOW,RIGHT,1,pedestrian
0.6414489991895593,1.1640119332467047,1.7827378145766353,40.72929459867267,0.6948532911506179,0.5897736267606708,GREEN,LEFT,1,static_obstacle
0.8794577738429692,1.898690730842355,16.788524766943073,42.007142828254196,0.7951322636876637,0.720754076269612,RED,STRAIGHT,1,vehicle
1.1535048954112557,1.0711278975669578,10.165610321571709,82.90061448549831,0.5220189263353698,0.38175395740273815,RED,STRAIGHT,1,cyclist
0.2415585486747062,0.30622857312624296,6.580079874527785,67.31188755389728,0.6105174476420362,0.3059433755640596,GREEN,STRAIGHT,1,motorcycle
1.9440475268725141,2.1028981304543146,16.01154600128855,61.045905406355,0.7622636110930212,0.8288618187308832,GREEN,RIGHT,1,vehicle
1.6514789128495981,1.6747692561332126,14.650946840039161,58.281515851015655,0.642247744369753,0.9138458143026682,GREEN,RIGHT,1,vehicle
1.170547276614583,1.4139483166750053,0.2240595263619462,12.350054827408663,0.8334999657860829,0.5511796153651681,RED,STRAIGHT,1,cow
1.511389271611811,1.1927539593211374,8.103322853174273,49.90740052223894,0.7284832996943995,0.9560573202398659,RED,STRAIGHT,1,vehicle
0.15142277458893966,0.1,0.9190634577129109,40.090977166197256,0.5749015209590077,0.29407202717646297,GREEN,RIGHT,1,pedestrian
0.4508074795136038,2.6315997815758445,14.946371242855964,58.30712339558861,0.7291635896780605,0.8513369786167638,RED,STRAIGHT,1,vehicle
2.2131276200922434,1.4465796368717907,13.64308532829031,49.28490404441605,0.755218192428679,0.7260388389745035,YELLOW,RIGHT,1,vehicle
1.4022472733179745,0.5328700453545375,8.028262704293681,92.79257254826196,0.581138061628983,0.4980477268370217,RED,LEFT,1,motorcycle
0.28340757634710584,0.23565813506161004,4.602904694769902,70.71995459815243,0.6297129360422642,0.44300352135151155,RED,LEFT,1,auto_rickshaw
0.8911442711166895,1.6454805985490308,0.0,34.82169968626853,0.7514409895356912,0.5641818493803807,GREEN,STRAIGHT,1,static_obstacle
0.8363408212138344,1.0331225160359185,3.965222990442173,50.53384888876026,0.6136451141564548,0.27144362584024323,YELLOW,STRAIGHT,1,motorcycle
0.4617969026949515,0.9799604746891201,4.507070862838829,22.787529853201715,0.898307145254236,0.645258556401706,GREEN,STRAIGHT,1,auto_rickshaw
0.9678031559528342,1.609740235330497,20.088384107045087,37.728082302750465,0.8519089425102097,0.7921144637127748,YELLOW,STRAIGHT,1,vehicle
0.2740166989768442,0.6964063062649435,0.4137909303620569,33.721114083841634,0.7418658334977206,0.5226732517083861,GREEN,RIGHT,1,motorcycle
0.8728425589244335,0.672344306999418,4.885484280303627,92.38462246441567,0.6467650920241277,0.3477373531921134,GREEN,LEFT,1,cyclist
0.4842528223668123,0.9407942592495541,4.752607427631575,39.28566605211275,0.8320807448823778,0.5632492434845717,GREEN,STRAIGHT,1,auto_rickshaw
0.6858875207088839,0.3431381426452263,13.207638676772707,76.9805028001205,0.5815175134556189,0.4445453166676824,GREEN,RIGHT,1,motorcycle
1.485621438727398,2.049517444964038,14.527762738808661,79.23683907383932,0.7176312837709838,0.5966673416006972,GREEN,RIGHT,1,vehicle
0.2590850528076597,0.1,1.6621609369977837,90.71737753969792,0.48422328947824145,0.15380794536316428,GREEN,EXIT,1,pedestrian
2.0557251697972205,1.6064723976351103,17.272589158368266,75.00301200126057,0.6729937932510821,0.8616215423729904,GREEN,STRAIGHT,1,vehicle
1.7779621504853733,2.5605624015647153,17.389617284018584,67.16536836019368,0.6756839478100035,0.7631290182051202,GREEN,STRAIGHT,1,vehicle
0.3061001509581015,2.0740352415604946,1.9569462322185793,60.57762035560804,0.6909718044137424,0.5213203774020201,GREEN,LEFT,1,auto_rickshaw
0.3101395981199345,1.9306986951780918,7.142625629885408,91.54542263415492,0.6629121916866143,0.3408910816088167,GREEN,EXIT,1,auto_rickshaw
1.2580861935212568,0.4282638352835988,1.0775503757370597,85.11242481022227,0.5372418589135979,0.4181027271206617,GREEN,STRAIGHT,1,pedestrian
0.260221811645572,0.37463404232867664,5.684666341961112,36.893946468752176,0.8390852558955539,0.4198808591763252,GREEN,RIGHT,1,cyclist
0.9198627401222152,1.5495000442805877,11.624498355452307,27.908648862949505,0.7953226895832459,0.8480981614554134,GREEN,STRAIGHT,1,vehicle
1.1271994913883117,2.098102978492603,9.247280645365231,87.07636257796699,0.5728385608448493,0.6586910647856398,GREEN,LEFT,1,vehicle
0.05,0.39604985550174016,0.2524430375500014,37.548238535694004,0.8351363271000426,0.17720879196407713,RED,LEFT,1,pedestrian
0.8218802953629037,1.1700021678505146,11.60576335412586,31.61728063355186,0.9340610535693243,0.892789142681742,RED,LEFT,1,vehicle
0.05,0.3769030964650437,15.724509607949196,57.10798818987307,0.8448086599587242,0.5611916169360628,YELLOW,EXIT,1,motorcycle
0.7360018609216118,2.0422609680026103,13.344977694654503,94.72544756705027,0.6118581230664872,0.5972827295099348,RED,RIGHT,1,vehicle
0.548017540693654,0.79162517967592,4.354921436648123,33.13382224174701,0.8680529149315972,0.6391735667384472,RED,STRAIGHT,1,cyclist
1.0100881304308058,1.3551943110101283,0.4768610709788172,16.764559123078158,0.8951085803026474,0.5163339545870618,GREEN,STRAIGHT,1,cow
0.392243099684102,1.9161703425118988,13.738821461327113,75.50484979962546,0.6763116478379869,0.7035869423688047,GREEN,RIGHT,1,vehicle
0.7470690458859658,1.6561196265531162,13.140068670164244,83.79397853563069,0.3925559225627314,0.4331298896195328,YELLOW,STRAIGHT,1,unknown
0.10559740359053836,0.7414211632494884,7.904116484990723,15.795764755787284,0.8559188775133111,0.5862001511894126,YELLOW,LEFT,1,motorcycle
1.9064059441898595,1.008576472402403,13.833871282612929,62.45155196783886,0.6237046667996538,0.6985688898699881,YELLOW,EXIT,1,vehicle
0.12993005731718663,0.5603421864075601,4.631391442612468,17.77948334168762,0.8026013574740172,0.616621907318498,YELLOW,LEFT,1,cyclist
0.928777142145797,2.0138712474658833,6.444489148090197,82.71361475322038,0.5346303743999941,0.7194701751088539,GREEN,STRAIGHT,1,vehicle
1.5107207096646258,1.0555829808111772,19.26128779388381,83.22573716627785,0.6771947517673704,0.8131577962673012,GREEN,RIGHT,1,vehicle
0.30399254473904824,0.631892507830106,1.95779504664142,28.364295533763066,0.7697837871754915,0.25089276531317783,YELLOW,STRAIGHT,1,pedestrian
1.115767920912765,0.9733770362851529,0.5008894217743411,26.79571853127235,0.785015639314998,0.6251987031102213,GREEN,STRAIGHT,1,static_obstacle
0.8170678417665806,0.7468693894750336,5.54900591343441,71.51822797936578,0.7112164379167829,0.27109080693190124,GREEN,RIGHT,1,cyclist
0.4596621637285624,0.2597458375095794,1.6226960933537444,84.78522739777122,0.6020085224812659,0.20105573654865005,GREEN,STRAIGHT,1,pedestrian
1.3249439900308053,1.9868557354659573,12.620169206990528,37.69455167590096,0.8874549003309499,0.704697173213371,RED,EXIT,1,vehicle
0.948063215288031,0.49009597161326723,14.128248973180211,69.61394218460916,0.5526570525366267,0.37555195249862333,GREEN,STRAIGHT,1,motorcycle
0.9093448152781688,1.8470996738403354,14.621821179484598,19.389178702979724,0.8337513357353278,0.7416592655085192,GREEN,STRAIGHT,1,vehicle
0.33305738429433707,0.16987322588806722,2.38979931587497,42.216487726096325,0.7945670741822419,0.43528567301005017,GREEN,STRAIGHT,1,pedestrian
0.05,0.1,8.87767820366633,89.42577256113182,0.4936263224508285,0.31271133403202406,RED,STRAIGHT,1,cyclist
0.5385342453080151,0.8512157071973216,4.913366747690851,16.904184358863354,0.5426666538199236,0.5511975593743623,RED,STRAIGHT,1,unknown
0.8998546706297812,1.7457669490194991,15.402409769591417,14.887680236670466,0.8574354200717874,0.8506856044089567,GREEN,STRAIGHT,1,vehicle
0.7658791127944748,1.5531064579354847,0.17899700196906604,13.078355050414142,0.8750519599947252,0.43482109738382535,GREEN,EXIT,1,cow
0.9739741219664959,1.2685452142208868,0.0,34.50543789650307,0.788363020522291,0.5485427471648536,GREEN,STRAIGHT,1,cow
1.465366952426368,1.5299943081058247,13.145693611752217,91.53956589238096,0.5138651801799603,0.6776155925090981,RED,EXIT,1,vehicle
1.002573305978557,2.321668897281327,0.0,61.088933576120624,0.8267828263756339,0.4456193173985529,GREEN,LEFT,1,cow
1.0635452295607248,2.471366749200485,9.339549099059338,21.777782436857713,0.9059989620501795,0.9514038922627334,GREEN,LEFT,1,vehicle
0.9447232733958915,0.8852922731347324,0.0,27.6955589745977,0.7605154679322346,0.61176199922371,YELLOW,RIGHT,1,static_obstacle
0.987467419002581,0.1,0.8761299834106278,92.78693309162706,0.6475418809278778,0.3547287051446385,RED,STRAIGHT,1,static_obstacle
0.05,0.9795658936624838,3.720507233305188,83.26847163309542,0.741848283572494,0.49051377756926073,GREEN,STRAIGHT,1,cyclist
0.28409161726406007,0.30653128476626,1.3446767826157082,8.734759295891573,0.8659554620635609,0.4136414805225364,GREEN,LEFT,1,pedestrian
0.4839818048537707,1.394499380900312,3.6576837145475882,19.96297973147306,0.9149129949523307,0.4551084906460598,YELLOW,LEFT,1,auto_rickshaw
1.3548313699646,1.8217250123917572,4.485430218114599,49.080728118941664,0.767378680179031,0.604289766640403,RED,EXIT,1,vehicle
1.2537203176263676,2.973865973604413,8.972210134722912,50.21346379748859,0.6362180085481726,0.7964527235111144,RED,STRAIGHT,1,vehicle
0.068412113888564,0.5565298396267295,1.0265252967845682,60.27676198871102,0.5378620439852413,0.18094716344087647,GREEN,STRAIGHT,1,pedestrian
0.6009453209790411,1.4003592718186588,3.951033239241293,80.07476973875973,0.5052913467786471,0.2546661873650146,GREEN,STRAIGHT,1,static_obstacle
1.2004807641227357,1.689293638755867,0.0,38.01184885816416,0.7850165008760461,0.24006843633512892,RED,STRAIGHT,1,cow
0.4817921323483467,0.24380122490391837,2.200847938115058,33.62356505250679,0.8680041968011378,0.3223185905962972,YELLOW,STRAIGHT,1,pedestrian
0.660417166841985,1.1395814011557324,6.21015240747806,66.48028571507419,0.6062536167722458,0.4949662123915042,YELLOW,STRAIGHT,1,cyclist
1.0494762753220328,2.3024871521642867,8.013043318604465,32.87225399946702,0.8465072861729642,0.7979438258855093,GREEN,EXIT,1,vehicle
0.5380395081259135,0.6714919216695006,0.7382184209184361,23.818762813065284,0.8330869402527276,0.638320961608225,GREEN,RIGHT,1,static_obstacle
1.2386026097846947,2.20784394848378,13.274100497109487,17.03260889594926,0.8710369642260603,0.8069453065618124,YELLOW,STRAIGHT,1,vehicle
0.7050344877540394,1.2514219497852683,1.224534105780969,39.85008270891863,0.728145161506074,0.6761787530318522,GREEN,LEFT,1,cow
0.7345065452972861,1.8399852343224723,10.638825607059408,25.549812713174976,0.8748684493091131,0.8696607097137127,GREEN,LEFT,1,vehicle
0.5649323468247478,0.3201634938987813,12.832713185686888,64.82652844197617,0.5968488829511386,0.4853692786097349,RED,STRAIGHT,1,motorcycle
0.22417936193938703,0.8931195176352213,1.2888022179383154,37.374787571924266,0.7885811386858907,0.36639001257198756,RED,STRAIGHT,1,pedestrian
1.249286162873153,2.1271805926357104,10.225670903149455,15.003579180498065,0.9319936715838579,0.8753345897299584,YELLOW,EXIT,1,vehicle
0.11470593810521598,0.39467336681305987,0.7883855932216833,23.1265678292017,0.6817653329685038,0.22599328212830117,YELLOW,STRAIGHT,1,pedestrian
0.3471511102679864,0.4454304603563565,9.181196620600494,16.2182686093532,0.8670142431816931,0.5515718604977495,GREEN,STRAIGHT,1,motorcycle
0.540943217678163,0.9298262757982383,5.409205000110089,40.02877567610949,0.8089520981486266,0.34922497609469405,GREEN,EXIT,1,motorcycle
0.9460383780212437,3.283591802616199,13.653166213185848,79.12810352777818,0.6238138597791663,0.5956478675162086,GREEN,RIGHT,1,vehicle
0.856746841647863,2.3218590226093907,0.6166862244812192,61.26945125282944,0.6700331578766272,0.5462076264712896,RED,EXIT,1,cow
0.5093455963551232,1.1540537555633321,5.563446461939279,26.30437752603828,0.7760619036324499,0.541154311004258,GREEN,RIGHT,1,auto_rickshaw
0.6373963189933946,0.7204535756256215,0.0,35.41833954228525,0.7776393627220868,0.650890829904486,GREEN,LEFT,1,static_obstacle
0.6743179625569662,0.15214939445990716,5.861661255282401,63.89118136875719,0.6597575662588527,0.3151248315503088,YELLOW,STRAIGHT,1,cyclist
1.1682471370031522,2.531935593266976,15.11703893024336,58.96375340396486,0.6673117537220292,0.8233355554986579,GREEN,EXIT,1,vehicle
0.4650002347323709,0.2428291014081851,2.9461855250343576,69.00440787749895,0.640035252097156,0.261790218742306,GREEN,EXIT,1,pedestrian
0.6639015033637876,0.1340769072645584,8.288803559709809,30.04408947368927,0.7676094042139848,0.4414463425678952,GREEN,STRAIGHT,1,motorcycle
0.6026798939071926,0.1,8.370666892229812,68.36283073324913,0.6154948302874466,0.2996754549895243,GREEN,LEFT,1,motorcycle
0.4797060089378148,1.21727774455909,0.17363615352135714,6.133676114460826,0.9487335871368863,0.5679360722080254,GREEN,STRAIGHT,1,static_obstacle
1.4927454597158027,1.6912454569299455,1.4268034083132677,82.59902809897443,0.6487153908250369,0.9120706706494558,GREEN,STRAIGHT,1,vehicle
1.319300491784911,2.7835285361028497,9.251205712102344,45.4341342619073,0.6880425234995659,0.6257807770770009,GREEN,STRAIGHT,1,vehicle
1.5733801834168197,1.3387948682782753,1.1297727586507615,60.89956924191827,0.6110170941394932,0.5498025958525894,GREEN,RIGHT,1,cow
0.05,0.49609523170703285,8.474735039887266,49.926780583999744,0.6615826765032558,0.49207587361028776,YELLOW,RIGHT,1,motorcycle
0.8677850312579591,0.3198355418427345,8.09327598669326,79.53672823911077,0.6046311706012274,0.7175405355029683,RED,RIGHT,1,motorcycle
0.8118500612187787,0.8232936259274285,0.5363976919701058,20.354101215947992,0.8770806350022131,0.4978014446909438,RED,STRAIGHT,1,auto_rickshaw
1.4891279296218696,1.3540279392849182,0.4843699538025613,53.52719715622697,0.6566430997593667,0.6069068997448904,RED,EXIT,1,static_obstacle
0.46928207672299266,0.46045103821276956,2.1156694263838,29.76531012392612,0.9246750612772604,0.3065316791223367,GREEN,LEFT,1,pedestrian
1.3179992973313375,1.8837919717805318,13.552317222944712,14.227627840502123,0.9129063181422801,0.9247858759232989,GREEN,LEFT,1,vehicle
0.20849026660658107,0.4682598152107311,17.771777740020546,35.05122243738985,0.8669382657284674,0.48040100708841293,GREEN,STRAIGHT,1,motorcycle
0.2736116455814898,0.5497911605233228,0.0,57.90186044345163,0.7651754761398901,0.6030559614217975,YELLOW,LEFT,1,static_obstacle
0.40143471923172797,0.32549812772730574,1.3678926665660571,23.529378936048904,0.7571807102619578,0.4813229281132584,YELLOW,RIGHT,1,pedestrian
0.05,0.5188869213946024,0.3607528114161762,68.29495049592065,0.6451862939086541,0.2600175764153678,RED,STRAIGHT,1,pedestrian
0.5574748638265891,1.3212975915405587,0.04421520267069906,17.981601900629318,0.9484315819695553,0.7317745049792903,RED,STRAIGHT,1,cow
0.05,0.48813314952659614,0.669442282712797,45.317449074397096,0.724177875709015,0.37841237046335713,GREEN,EXIT,1,pedestrian
0.996248871952679,1.9842008103461837,12.58140746616149,45.75950243739605,0.7111923841519394,0.8428863872815545,GREEN,LEFT,1,vehicle
0.3683168259474552,0.67941649184909,8.432036307905431,22.746468377125964,0.7888923664218157,0.5713085972990009,RED,EXIT,1,cyclist
0.9663214910716693,1.6501532488050894,0.06135635831573727,19.725458372444862,0.8974117912662379,0.6371733807591612,YELLOW,STRAIGHT,1,cow
1.0336055979290717,1.2262018903915974,0.5207038755351682,44.39885494893156,0.7789166211913815,0.6505204158956275,GREEN,LEFT,1,cow
1.3974846469163102,2.3745094781641707,6.586795166956725,7.530935565013138,0.7992786117686357,0.9068683625900174,GREEN,EXIT,1,vehicle
1.0520416382345037,1.2344254575896256,0.0,29.266700789046453,0.8516633238817624,0.622358525361179,GREEN,STRAIGHT,1,cow
1.2617417103907131,2.0646668166299307,11.623862994604401,35.80029723010141,0.7826637567308706,0.906799683470872,RED,STRAIGHT,1,vehicle
1.2712982869151173,1.0441075327901819,17.443773530318445,68.77251911910427,0.6270981694951054,0.7347005361302363,RED,LEFT,1,vehicle
0.9646304443837772,1.5264689215492888,0.9152658982503539,84.79358973521585,0.6694425421579188,0.3465235531269947,GREEN,STRAIGHT,1,cow
0.7824953721073449,1.4191775659491925,0.0,19.625995876771068,0.8098170535448211,0.27699736410672,GREEN,STRAIGHT,1,static_obstacle
0.5380154525396236,0.6555258901745937,9.06048636082876,69.62613450807747,0.6881863434926486,0.3062539963161691,RED,LEFT,1,auto_rickshaw
0.05,1.3873326503038854,0.22643759341694866,45.32769385547689,0.761554594378648,0.6482470485853223,YELLOW,LEFT,1,cow
0.7086183436924408,0.7045402779917643,0.7529739485302441,49.3130343831124,0.72953334020554,0.7168667989720894,GREEN,STRAIGHT,1,static_obstacle
0.2644937662218572,0.43888341421424587,0.822430626212261,13.923150104986155,0.8641584610310054,0.2865367157238527,RED,LEFT,1,pedestrian
1.0128486919876685,1.9122795138490167,12.147120318892544,30.686366161708023,0.9124533036595267,0.9492105743060553,YELLOW,RIGHT,1,vehicle
0.9074983556830847,1.6773482910745097,15.19791944513304,12.076403989078223,0.8132784673120332,0.8675756896321942,GREEN,STRAIGHT,1,vehicle
1.754255484231659,1.9745068321113641,12.384337504587513,66.22256194973366,0.5909310220330559,0.62303434965931,RED,RIGHT,1,vehicle
1.5466680777552724,1.3034002345593145,12.100367279658734,41.03209641558476,0.39798901832655836,0.47161189347657695,RED,STRAIGHT,1,unknown
1.32350392136824,2.744065703390894,16.952349221440183,18.49183279224257,0.7739495601057751,0.99,GREEN,STRAIGHT,1,vehicle
0.30232429676263184,0.7761240887228097,5.305831991943162,66.59918249623767,0.6938816501328732,0.5927363478149685,GREEN,STRAIGHT,1,motorcycle
1.002885495962632,1.1379659158692599,0.025098151784915514,7.820840197298004,0.978954586714314,0.6863532679520408,GREEN,STRAIGHT,1,static_obstacle
0.7081467883790535,1.091839462989931,6.228017366224164,5.056476496561055,0.8623201896420767,0.5410112092689342,GREEN,RIGHT,1,auto_rickshaw
0.46331700381919183,1.1438204117795157,0.14074629017502227,77.20242613116027,0.5665011276692787,0.49082747103417756,GREEN,RIGHT,1,cyclist
0.712000248909444,1.2823772168790615,0.1992767661481008,35.68699071162362,0.7155762395436293,0.592116399735246,GREEN,EXIT,1,static_obstacle
0.5247476227157178,1.078516557160353,5.653539868444851,74.5850922572263,0.5248124144098238,0.4276273644438835,GREEN,LEFT,1,cyclist
1.0799162410035559,1.6740181117290485,4.782109921051178,34.58841147990049,0.7511147132169387,0.9309548015611947,RED,EXIT,1,vehicle
0.5996468123535594,1.1012788067248613,0.0,57.5083593629682,0.6886452021449381,0.3931717640306117,GREEN,STRAIGHT,1,cow
0.9492954508703942,1.6498735411313958,7.964511181424331,16.120983866141856,0.8051482822375797,0.8417604334008929,RED,RIGHT,1,vehicle
0.41944742415548214,0.23229281447101252,1.7686551242071404,59.256174235607276,0.7473661081681665,0.13017377401460445,YELLOW,LEFT,1,pedestrian
0.8257668388257374,1.4916748409896878,0.0,15.081054176138512,0.8968223831355041,0.4720904279538493,GREEN,LEFT,1,static_obstacle
0.5658938835783183,2.0971906146486603,13.862849599549786,50.48183014140435,0.8455068042139473,0.761138832826542,GREEN,STRAIGHT,1,vehicle
0.44635473080416244,0.46583438846787906,13.375220317554048,19.35859610195812,0.851682700996221,0.6986742463172287,RED,EXIT,1,motorcycle
0.05,0.5790326015505874,5.7203297087126295,67.27346269399328,0.5866426833903667,0.531246703887321,RED,LEFT,1,motorcycle
0.13258932683581443,0.39821138971063835,4.609571210579968,26.917550500958267,0.7658433537586555,0.5765086176230658,RED,RIGHT,1,motorcycle
1.4667611375041145,2.3488008720340114,7.71622780856214,40.12146946255955,0.7808887935581452,0.829548434835745,YELLOW,RIGHT,1,vehicle
0.05,0.1479069755320566,0.0,59.604458177300344,0.71845140315639,0.2561025439885303,GREEN,LEFT,1,pedestrian
0.6025930067592444,0.45404184344113585,10.258180471937429,64.71413106158391,0.7627530016398689,0.41337149405051865,RED,EXIT,1,motorcycle
1.6824232520106093,2.010388519573212,18.412325728250117,74.75736203052072,0.6569666734941336,0.5403148431279783,GREEN,STRAIGHT,1,vehicle
0.05,0.954386325475143,6.416663845018339,53.19184546912587,0.8072741991901728,0.646491094115839,GREEN,STRAIGHT,1,motorcycle
0.05,0.31825307654732365,4.261768719699914,38.85714218926599,0.7509627440008766,0.4661333298999948,GREEN,STRAIGHT,1,motorcycle
0.9095893746480127,1.190708192856253,5.0366435799135845,12.593380679465454,0.7895293655097533,0.5393186156203718,RED,STRAIGHT,1,auto_rickshaw
1.2171633504692634,1.8056293936071464,11.794875313718027,29.05328166323556,0.7813502513059414,0.7710343099797073,YELLOW,RIGHT,1,vehicle
1.349482124133386,1.9946209841356963,4.264943876978849,79.27237999869628,0.6143170229591095,0.6399916025049361,RED,EXIT,1,vehicle
1.3278031673633486,0.4059916078520366,8.003455801459975,53.743723051863824,0.8285580802214128,0.5891068624434963,GREEN,LEFT,1,auto_rickshaw
1.3173236439484937,2.928061607966822,14.926191146298192,57.33085531357618,0.7632889938907995,0.6888283222991898,GREEN,LEFT,1,vehicle
1.3851469308338602,2.5547867433316913,11.73047203136102,81.4139383260737,0.6415939011807874,0.9474323668374796,GREEN,STRAIGHT,1,vehicle
0.4993760782905886,1.4681664337224063,0.0,31.932357733414438,0.7627961072366818,0.6225533550173493,RED,STRAIGHT,1,static_obstacle
0.05,1.0465166985542769,10.365226882040533,84.8697521677239,0.6650391477853644,0.5846302717637936,GREEN,LEFT,1,motorcycle
0.8738074257897586,1.4734394526831875,0.028641721820146883,15.32677625043727,0.7945358379511382,0.5666859369954272,GREEN,RIGHT,1,cow
1.3132487787933724,0.1,0.0,94.71643558532959,0.5098995949738188,0.423550320458144,GREEN,RIGHT,1,static_obstacle
0.2136033546748058,0.41371671315638,1.7284466952737851,9.982383524456857,0.8303688175377419,0.40470737182094696,GREEN,LEFT,1,pedestrian
0.5074746148531473,1.0039618344292913,0.0933332785536556,5.9042282949348435,0.99,0.5147111726890944,GREEN,EXIT,1,static_obstacle
0.45400338133557905,0.22502783433937198,3.3213119618637887,16.757094340162375,0.6219949661184253,0.5762685287904675,RED,LEFT,1,unknown
0.3039610806393428,0.42439006481888203,1.1649849667882006,9.709957157059655,0.7749855171627658,0.3231700181575209,GREEN,EXIT,1,pedestrian
0.49827229551419727,0.6092653683924453,7.052629772885883,7.233549030063423,0.9350877747837144,0.6180906836185802,GREEN,LEFT,1,cyclist
0.4607855041440295,0.5472727946398932,10.271101061188983,21.964986751600502,0.7187983396163516,0.4532175279288817,GREEN,STRAIGHT,1,motorcycle
0.46700927848191454,1.6488358798507514,0.0,54.85729548904474,0.7534152238305354,0.4097240347475145,GREEN,LEFT,1,cow
0.6583453938109847,1.1280544144427656,0.12380005089194868,54.4788096139418,0.8067916533848567,0.5556202900624794,RED,STRAIGHT,1,cow
0.5955721349855624,1.8351701193692047,0.0,44.388167239184185,0.7144133744687381,0.7493380556098014,GREEN,EXIT,1,cow
1.2652750681878124,1.9762175084506408,19.30996298423251,7.621140649019475,0.9467098102432419,0.8214292001673467,GREEN,LEFT,1,vehicle
1.427959871646559,2.0583000184947315,19.839767074514874,10.138528445889554,0.99,0.9143066088877774,RED,RIGHT,1,vehicle
0.7264375784721482,1.9837480964575325,8.348560138501337,92.54198689349768,0.5309072651295663,0.2706943788261992,GREEN,LEFT,1,auto_rickshaw
0.7120529172656758,1.1805949494612489,7.998664375018633,25.40608042085253,0.7536682437508436,0.6431317411050532,GREEN,STRAIGHT,1,auto_rickshaw
0.9477226496156815,1.3890016399527392,4.68949578302225,41.78693865276751,0.6756984029392059,0.6429577207935275,GREEN,STRAIGHT,1,auto_rickshaw
0.5042995825797094,0.8945019259227178,10.536438940534087,88.93757244199361,0.5686394205632221,0.2610079087985907,GREEN,LEFT,1,motorcycle
0.5228071195576721,0.5022625951590368,3.4562256981845203,25.986879897945467,0.8493052965536121,0.630297977654153,GREEN,RIGHT,1,cyclist
0.19463901093594838,1.2519843316196595,6.583819428506193,31.52312328969752,0.7723154841694745,0.43890679992841514,RED,RIGHT,1,cyclist
1.1218513545421138,0.5160082140349902,4.234087549085997,42.35964591694393,0.7515918479304906,0.49726262502882523,GREEN,EXIT,1,auto_rickshaw
1.1807208772563056,0.9062605263624129,0.0,36.01369361542746,0.8826593717712543,0.3670205144610471,GREEN,STRAIGHT,1,static_obstacle
0.7205381632065767,1.4227585685199213,0.1089411651790711,12.781175640813709,0.9807544230454679,0.5075500452740712,RED,EXIT,1,cow
0.7706734337433785,1.041110048780602,4.044359325520345,25.906068868680737,0.79966687647599,0.5323308530280166,GREEN,STRAIGHT,1,auto_rickshaw
0.39200145823469734,0.1640253865506643,10.425421403554402,33.43422401470731,0.7885088757945059,0.6198261685616441,GREEN,EXIT,1,motorcycle
1.604739122420864,2.5551317507720377,14.375307408686814,21.913336208641585,0.86272536230486,0.8601072402604631,GREEN,STRAIGHT,1,vehicle
1.8908737100306772,2.3953329020301686,12.15388215089866,89.21743353720953,0.6878679390772133,0.6762012480339046,GREEN,STRAIGHT,1,vehicle
1.1046548961718314,1.3463333630643062,3.3600752674883037,89.1642715138959,0.5830416421633299,0.05,RED,STRAIGHT,1,pedestrian
1.3149663739100546,1.0662318518546496,0.0,50.67581850223983,0.7146280606631623,0.6720246321476745,RED,LEFT,1,static_obstacle
0.10910149737771035,0.1,2.152025658358127,38.3263759797186,0.770740663286746,0.2768678276487344,GREEN,STRAIGHT,1,pedestrian
1.1527357835064724,0.4839048678688219,5.33062817353838,70.9554503545174,0.5225918006158634,0.45192729481173793,YELLOW,STRAIGHT,1,cyclist
0.9535383773780193,1.410214167402052,6.265106603451122,47.934340266141916,0.7120059575741647,0.6021317379243541,RED,RIGHT,1,cyclist
1.095719068825431,2.2316354499642603,15.810385294356218,37.063530391366314,0.7877458524085733,0.7329196314927675,RED,RIGHT,1,vehicle
0.938820777392538,1.55590422913279,0.25250186391409213,20.495181969738418,0.8468550267158466,0.4354803036719547,GREEN,STRAIGHT,1,static_obstacle
0.15832332821118417,0.24038658270889104,1.766879249966314,9.441460732767915,0.8935343764472903,0.3414852488149251,RED,STRAIGHT,1,pedestrian
0.05,1.268061150600941,0.0,68.98048974144875,0.6453547163715265,0.060776828865125476,RED,EXIT,1,pedestrian
1.2151143001423854,2.5285378839267025,6.470229567221893,83.36043213928886,0.6334014228143442,0.5114356911096397,GREEN,STRAIGHT,1,auto_rickshaw
1.2074273330765564,1.1950892855721316,18.79814906549615,36.821761126904754,0.8293354425379806,0.8608234296791141,GREEN,LEFT,1,vehicle
0.33558417772426613,0.44456848461504994,1.135984733088958,19.366948109609613,0.7340158445843097,0.2293042729374475,YELLOW,STRAIGHT,1,pedestrian
0.5210989096470848,0.48376653609859566,8.479262349002992,36.149765014796685,0.635684500243069,0.4486928746105793,GREEN,LEFT,1,cyclist
1.091314657006152,1.5510759162205763,0.0,60.51962803686634,0.7017573807689665,0.4794187578608157,RED,STRAIGHT,1,cow
1.203849330680155,1.236450257045624,10.949797613579067,66.93970274669623,0.6448497303130943,0.7546871266032869,GREEN,STRAIGHT,1,vehicle
0.7418253630677155,1.1451687765673668,0.15974187437671544,46.410546488299296,0.7162815318098816,0.4748459279438366,GREEN,EXIT,1,static_obstacle
0.05,0.4666938899459334,2.714123238707537,24.930580223592052,0.7587811938591879,0.3703320596594115,RED,STRAIGHT,1,pedestrian
0.16324446843392132,0.22655043964137828,1.900406924986711,8.88532617766473,0.809548900872143,0.43165195587440386,YELLOW,STRAIGHT,1,pedestrian
0.3477673972552441,0.6094747030241624,6.097519998892069,14.458779519227448,0.9383845354919802,0.5667866296277494,GREEN,STRAIGHT,1,cyclist
1.0246743143261485,2.0281308196073025,7.414000736437676,73.90871030346648,0.7352298390541849,0.706528845358791,GREEN,LEFT,1,cyclist
0.9338084439573971,0.5044312717732328,0.0,61.34882917883421,0.5687155559940384,0.5099419971910225,GREEN,STRAIGHT,1,static_obstacle
1.5635344185961904,2.6878826376382365,0.0,70.783523233973,0.5637430552161293,0.49058274378752464,RED,STRAIGHT,1,cow
0.9378362602853904,2.3310336499178153,8.92497697728097,86.44656921529226,0.17433521591621515,0.4115700881503832,GREEN,STRAIGHT,1,unknown
0.2350339853008972,0.7267252184149217,4.831058163855776,20.820543424734364,0.8462629131669034,0.6116600566177702,GREEN,STRAIGHT,1,cyclist
1.6237523544131758,2.327708351855219,11.432906237957901,28.858025187683253,0.8119954141043473,0.8151404160683947,GREEN,STRAIGHT,1,vehicle
0.6708468290354508,1.194384241527941,6.033445845231874,6.019933388403879,0.9828167165383844,0.7365189940239703,GREEN,LEFT,1,auto_rickshaw
0.983616252256943,2.331772092790715,11.267702475745809,11.582825853045554,0.8707569245678431,0.99,GREEN,STRAIGHT,1,vehicle
0.7425435681507562,1.0275213917906911,17.597675302247094,44.61995536305486,0.7150810960409028,0.8274361412628332,GREEN,STRAIGHT,1,vehicle
0.22978217212925126,0.7946284397703299,1.4199952616317613,45.10749207399457,0.6736995782186747,0.11241946491234955,RED,STRAIGHT,1,pedestrian
0.3686881915522344,0.28903626636822266,2.2313778655449448,10.782745065914995,0.99,0.2678049662718437,GREEN,STRAIGHT,1,pedestrian
0.05,0.4126983478494249,8.281011472005547,69.25108400569383,0.7919448388181081,0.3056905584032609,YELLOW,STRAIGHT,1,motorcycle
0.9823753676490502,0.8369711789855174,4.4659276240709325,22.441021702101935,0.8266101978984617,0.4276660458650592,GREEN,EXIT,1,auto_rickshaw
1.335592473066682,1.7086336781241955,0.0,40.66495362425305,0.7889781682088348,0.5181895741187651,GREEN,STRAIGHT,1,cow
0.12337449201092798,2.0512702186309677,13.016341555614463,73.441814564846,0.6853566368987316,0.519299125500981,GREEN,STRAIGHT,1,vehicle
1.4481270913699755,1.9026250519281538,15.893805170097124,86.08169572402916,0.48036676017116753,0.7136745102508889,GREEN,EXIT,1,vehicle
0.7162891214287679,0.9310552223279576,17.151061656523204,55.503519119165695,0.6846831495224193,0.8555964191006546,GREEN,STRAIGHT,1,vehicle
0.23215876469671448,3.373084881607666,4.641554048715639,67.15537811479727,0.6911381506579297,0.759752498647265,GREEN,STRAIGHT,1,vehicle
0.7562637565603039,0.5250967124732441,3.6113145504266146,21.362761910025476,0.6991476987147813,0.5311444651230596,GREEN,LEFT,1,cyclist
0.7879811754360024,1.1471562264032507,0.0,64.92059613219838,0.5794243156964365,0.5036482519108324,GREEN,STRAIGHT,1,cow
0.2860284716527439,1.6997678448450704,0.0,63.028105393108355,0.619286368095325,0.42922384990678486,YELLOW,RIGHT,1,cow
1.3103310089777147,2.338875175151604,6.081168186499195,94.9014229786769,0.5126100368285447,0.8202635485348073,YELLOW,LEFT,1,vehicle
0.31970382797700436,0.4952944516863214,13.290963596018319,35.0728720145476,0.7373543985121039,0.55098232841506,YELLOW,STRAIGHT,1,motorcycle
1.0085254023094703,3.1387189119692733,0.38128084643159066,83.99416646272455,0.45523487899402115,0.3677615287384758,YELLOW,STRAIGHT,1,cow
1.2575018070315915,0.7019010407073725,0.0,84.53600499482482,0.6339841605633544,0.4913420827165288,YELLOW,RIGHT,1,static_obstacle
0.10592821246560549,1.6151177430972685,0.0,34.21479182872502,0.8921605690415602,0.45728453783580236,RED,STRAIGHT,1,static_obstacle
1.0126050180922956,2.0720256197821567,11.569368909293756,46.05428670078402,0.6944618540649037,0.9519236038785811,YELLOW,EXIT,1,vehicle
0.5622545712311431,2.1413629260707783,12.583983462513496,46.30727462588139,0.9057441816498997,0.8482605856352664,RED,STRAIGHT,1,vehicle
0.727258858352133,2.041586351135585,6.886481391532239,61.77659347806006,0.7624348245606394,0.8636531837372075,GREEN,STRAIGHT,1,vehicle
1.0395229158860024,1.7750457436850013,0.15462341828438153,25.140054764387862,0.9043063346837638,0.4186580724160881,RED,LEFT,1,cow
0.05,0.1,0.8031573160621835,44.99169764877455,0.6762160437614587,0.4130006959570977,RED,RIGHT,1,pedestrian
0.05,0.3447692079142102,0.6029999921675937,81.28762965583296,0.5760349638069039,0.29473413341273363,GREEN,LEFT,1,pedestrian
0.1507464484864594,0.15456689117785088,1.963350152529142,36.25588995374071,0.7497101383230977,0.33461618066094606,RED,RIGHT,1,pedestrian
0.05,0.5663035928080776,4.744508350767051,87.98439219143965,0.6193310489388528,0.24085205624017056,RED,RIGHT,1,pedestrian
0.8398411411209991,1.0680946116188108,5.2627892650495784,22.086739424387222,0.8381343816806358,0.4344307093235995,GREEN,LEFT,1,auto_rickshaw
1.1229306722781778,1.5056360330538938,0.12855220661435174,80.2204763769141,0.7331965271133762,0.337407333659784,RED,STRAIGHT,1,cow
0.194599370474849,1.4061831001496627,7.10467576736424,57.16692123816364,0.7451084248422519,0.5325217344295732,GREEN,RIGHT,1,cyclist
0.2664337513220261,0.1,2.9286391788813217,57.41559575676528,0.6493421563459401,0.24980175005780686,GREEN,STRAIGHT,1,pedestrian
0.2353634919500277,0.8225733165078807,2.1036932509234103,44.345484460415946,0.6279356427736977,0.4510671210130848,GREEN,STRAIGHT,1,cyclist
0.5470376452200897,0.7884641310381881,8.622835304305495,56.03295051511048,0.5967254522279619,0.5589114416142913,YELLOW,LEFT,1,cyclist
1.7427803736641856,1.729656686585574,13.100709814471932,19.62640802814038,0.99,0.941534275390939,YELLOW,EXIT,1,vehicle
1.664482619987711,2.074084841738652,13.159688565133091,59.24029648500546,0.8237831625970812,0.7428714932425631,RED,STRAIGHT,1,vehicle
1.6208600482850137,2.3479220600943216,9.941512173669773,88.13688181399837,0.6749798443741244,0.5855596736826335,GREEN,STRAIGHT,1,vehicle
1.1932657668669668,1.4909015873105385,0.4862196432261084,40.96386604587811,0.6642893440082713,0.5749203450888709,GREEN,RIGHT,1,static_obstacle
0.05,1.2779353811483443,0.0,45.84817579963425,0.7582851665696064,0.7464481871683426,GREEN,STRAIGHT,1,static_obstacle
0.9436904286170307,0.5580192310529163,2.853106665558135,57.79816949974326,0.7783690373863011,0.08116477972786695,GREEN,STRAIGHT,1,pedestrian
1.5428377313475299,1.1579898543260017,8.989863155110534,78.22541533826474,0.6370075879453282,0.7833533252702845,YELLOW,RIGHT,1,vehicle
0.6732437935152709,0.9568040939983682,0.8998280518109539,25.562441832532134,0.7893201702062326,0.5825721013597159,GREEN,STRAIGHT,1,static_obstacle
0.35149653872747705,0.7885640398349839,3.659667575293469,6.306358507484791,0.8894948953071055,0.6841579418523993,GREEN,STRAIGHT,1,cyclist
0.5413504249325239,0.8468699368301383,4.007467696290032,25.184607641771475,0.8051544938409348,0.6944903621706121,RED,STRAIGHT,1,auto_rickshaw
0.3151933063979909,0.810167765429743,0.0,56.40925186533178,0.6706625880140069,0.5571898039891727,GREEN,STRAIGHT,1,cow
1.558847367242163,2.1513100719212126,10.815801165886612,32.86033713617661,0.7955296677409518,0.99,RED,STRAIGHT,1,vehicle
0.05,0.1,0.6066932220069161,47.554306240667216,0.6540562447177516,0.22797143357653044,GREEN,LEFT,1,pedestrian
0.8782848749913712,0.6511064309848852,0.0,34.17216564495167,0.7792619200312312,0.594384788838643,GREEN,STRAIGHT,1,static_obstacle
0.411629055980608,0.45905745621891997,1.6165663443389988,12.108253942960852,0.8967059943117066,0.3633970812963967,GREEN,STRAIGHT,1,pedestrian
0.7376052737762278,1.329849703650652,0.26531222813226557,8.230347607003917,0.812561086434408,0.7422487206892519,GREEN,STRAIGHT,1,static_obstacle
0.13013162561700248,0.3269634724454598,7.091068626555236,34.0763961565176,0.7744729513399903,0.5096872382484608,RED,STRAIGHT,1,motorcycle
0.05,1.4274899852991536,0.0,69.82411315526561,0.7476245174925217,0.4535071244228272,RED,STRAIGHT,1,static_obstacle
1.0080273157487896,2.654506810036827,7.5023204580471585,62.30236229221475,0.8017256744199406,0.7746263758434335,RED,STRAIGHT,1,vehicle
0.8603110213586439,1.2508613035985012,0.0,25.707604267172755,0.8207137565385049,0.5197272797502444,RED,STRAIGHT,1,static_obstacle
0.39247981357295253,0.6879488358263178,4.87296054190719,29.424325557162614,0.6979265210537281,0.4979218309749417,GREEN,STRAIGHT,1,cyclist
0.4836936333100619,1.5938967274037021,5.055837911991363,48.2583225481168,0.5557077924744336,0.35356523470799656,YELLOW,LEFT,1,cyclist
0.9807083931982681,0.1,5.465687280875542,79.99441538322631,0.6279564510861052,0.5869503755497611,GREEN,RIGHT,1,motorcycle
0.7257375333707795,1.9187936205474874,6.545012970939639,25.673208382592094,0.8673779274680651,0.7938114546891221,GREEN,STRAIGHT,1,vehicle
0.313403758128297,1.5728438480273974,8.066209484155811,77.66110590803316,0.6641847690057705,0.5419688952207573,GREEN,STRAIGHT,1,motorcycle
0.586320853416366,0.49991607482765343,5.102237207587031,52.68505000658632,0.7875259431608821,0.5753468515661495,GREEN,STRAIGHT,1,motorcycle
1.0167194985470676,2.3366483552425135,17.36588013909056,76.15426682927799,0.6352878662719729,0.926217152949094,GREEN,STRAIGHT,1,vehicle
0.241682668018855,0.46326402470535655,0.006232907693825673,75.31312584045669,0.712290459582593,0.2492398205904841,GREEN,LEFT,1,pedestrian
0.6993558423506625,0.701117398734866,0.6026094595954081,56.48491752632433,0.5824814272291867,0.35389782748248305,RED,STRAIGHT,1,pedestrian
0.2747820169655902,0.15783913612048434,0.37234313223081167,17.070766043881115,0.8832915898731992,0.4021871955466367,GREEN,STRAIGHT,1,pedestrian
0.9551548851684827,0.12003110098828174,3.069471860920153,73.19614500520643,0.5397435404635348,0.3598176881093931,RED,EXIT,1,pedestrian
0.5343347262876315,1.127016421628721,0.0,88.38930026758779,0.5382598365728256,0.3754698652404693,GREEN,EXIT,1,cow
0.4247990002261104,0.13107817048842973,3.0732307205409906,73.53129500925428,0.6657414218233244,0.44355048361889005,GREEN,LEFT,1,pedestrian
1.1375109574201867,2.3627500565961497,9.900572185221634,8.653638677213607,0.9315440407868962,0.735008306509321,GREEN,EXIT,1,vehicle
0.6850420252083195,0.8490226912966318,5.131198548782417,8.126595270030334,0.9500672966473137,0.6148650835699636,GREEN,STRAIGHT,1,auto_rickshaw
0.2117930595985028,0.2799492252283088,1.259971155419393,7.262575318068276,0.9110042766387612,0.3952826414105027,GREEN,RIGHT,1,pedestrian
0.7652431569485763,0.5244340156975084,11.178762636885905,79.71733067626143,0.6225606927055058,0.44545659688677475,YELLOW,RIGHT,1,auto_rickshaw
0.10342046356600187,1.3163902143292592,15.99248617695429,90.12061816168601,0.6060344048089008,0.8218636377034293,GREEN,EXIT,1,vehicle
0.16263865943611777,0.22725049790211022,1.730625101026606,14.989533252962959,0.738517369748849,0.251080671091531,GREEN,STRAIGHT,1,pedestrian
0.937563578242556,1.5218241856586476,0.3053428663767193,6.118303441453904,0.8731493805210633,0.6378803865698467,GREEN,RIGHT,1,cow
1.0738877459018341,1.350058847632156,1.2645881473324134,47.34259877094411,0.7878084097645512,0.4325263285058031,YELLOW,LEFT,1,static_obstacle
0.05,0.5510587411941456,11.102787857179608,53.432336093979636,0.6781631422856735,0.48716989661282156,RED,STRAIGHT,1,motorcycle
0.9829014728848089,0.9023985054483107,2.930799138081966,58.55417104313851,0.6950864991063221,0.48272024254681656,GREEN,STRAIGHT,1,cow
0.47583077990017875,0.15103185898851557,4.558209170024701,45.9034459659821,0.8697874496625149,0.44909126249469256,GREEN,STRAIGHT,1,auto_rickshaw
1.2277290411659154,1.861375110536097,9.840244129309744,25.525563521001793,0.8788249427556324,0.8448016951580817,YELLOW,STRAIGHT,1,vehicle
1.5139249458550532,1.703176476969183,7.2009084961781875,29.305261949140014,0.8266829941485426,0.7664478774060226,YELLOW,STRAIGHT,1,vehicle
1.1122584797212667,2.0380921378811445,0.0,90.04863070002588,0.6276996176950241,0.1491483530618305,GREEN,STRAIGHT,1,cow
0.6411374912370561,0.7167580639280663,6.419077685211601,24.8116319777774,0.8439629087480819,0.6439823528380468,GREEN,STRAIGHT,1,auto_rickshaw
0.47417303802884003,1.821363660898776,2.1481516488629118,25.842469216009945,0.4371012799058192,0.37063249541037757,GREEN,STRAIGHT,1,unknown
2.022841246319965,2.438552363806588,8.72179163346253,92.50067382947218,0.6103975711142444,0.7069357714960747,RED,STRAIGHT,1,vehicle
1.2579268980362557,2.14699373605002,8.38766517270554,43.19501162652593,0.8105700216764804,0.8377100020866727,GREEN,LEFT,1,vehicle
0.9243652524132818,1.5059692820710417,6.280688842609167,75.86139635687364,0.727842063037758,0.5895152743955228,GREEN,STRAIGHT,1,auto_rickshaw
1.2286284274269956,1.8300595156144395,19.28399388066336,13.612110445220104,0.8400741015539208,0.9107707348768398,RED,LEFT,1,vehicle
0.2877076341977769,0.14606755716663744,3.1955319209195046,84.36693207386145,0.5239891958531134,0.3034970338770509,GREEN,STRAIGHT,1,motorcycle
1.0308117199119167,0.8423913834660967,6.276604880806055,33.1414398525013,0.849175195964665,0.68344673701319,YELLOW,STRAIGHT,1,auto_rickshaw
1.1453654328459357,2.5174411904217697,17.250061045282518,88.47653141370421,0.6661687910919413,0.6014762142911596,GREEN,STRAIGHT,1,vehicle
0.9394921811451982,1.6520493349141703,0.15104126067781481,43.118651951735735,0.8032294404783087,0.5569330526203183,RED,STRAIGHT,1,cow
0.8340271163778794,0.921812904769702,0.7773335911739303,28.364956270989047,0.8218907704821699,0.414221484180027,GREEN,STRAIGHT,1,cow
0.7065058922396652,0.7517361137134615,2.130126889031596,54.81412431789416,0.7750197419008793,0.3475729760583494,GREEN,STRAIGHT,1,pedestrian
0.33568182244083195,0.42246735631266974,12.094808949501127,48.107350530812425,0.8893861755902146,0.4169930526632597,GREEN,RIGHT,1,motorcycle
0.25861667777033914,0.9487960150364174,2.2859184565680986,90.24535551590546,0.44295134128110353,0.43041758600317226,GREEN,RIGHT,1,cyclist
0.40759001197354433,1.1706501945305652,3.4347182654369446,20.857496554782276,0.7348873048893876,0.8024071791376268,RED,LEFT,1,auto_rickshaw
1.0727163616225615,2.2336551355167913,10.667524646394666,47.40553034403277,0.8011705461460461,0.9745436526533017,GREEN,LEFT,1,vehicle
0.9462209406185855,1.0618670366063327,13.077274170599118,77.53731158038585,0.678776567422,0.48578647513611795,YELLOW,STRAIGHT,1,motorcycle
1.4235543992440596,1.5799391055909588,8.395717960139104,64.15869426406452,0.6871313146114088,0.7576373015236196,GREEN,STRAIGHT,1,vehicle
0.22365529368829548,0.3657357631397459,1.5106917460323432,19.428842423024093,0.8498367575486128,0.4195393058387353,GREEN,STRAIGHT,1,pedestrian
0.3347238369750958,0.6772740108337993,15.20992345731998,39.654561128325504,0.778376166670602,0.4227042981736057,GREEN,STRAIGHT,1,motorcycle
0.07037055540632156,0.5904853858767196,1.5397805868446572,28.692155734748994,0.8205832602802658,0.29306647407871245,YELLOW,STRAIGHT,1,pedestrian
0.4231538518193222,1.6021461564109911,9.159963430896376,65.13625957621146,0.76269281017615,0.7556348884576959,GREEN,STRAIGHT,1,vehicle
0.9860533107877006,1.7416765595114327,11.18679237450105,94.28143724571521,0.5395472074303616,0.4278684052886244,GREEN,STRAIGHT,1,motorcycle
0.40027516621359444,0.17029061017022085,13.5013905626865,26.313163470839232,0.7998583347309625,0.48052818197300373,GREEN,STRAIGHT,1,motorcycle
0.7249017674030744,1.690287115844583,0.41485862909956583,69.83744621831086,0.6823045684107631,0.4261102424506544,GREEN,LEFT,1,static_obstacle
0.5953380515703228,0.97181422298419,0.0,88.98018990517878,0.7007445587705359,0.5384456354482362,GREEN,RIGHT,1,static_obstacle
0.9193740847097477,2.0971812873288607,17.42835425403916,82.49079391772122,0.5825645122165611,0.594781483822175,GREEN,STRAIGHT,1,vehicle
1.4789262765949127,2.7835131623772082,14.831792139174553,77.93896222158534,0.6746946699947833,0.7839984519993107,GREEN,STRAIGHT,1,vehicle
1.194016141311646,2.2397261407316917,12.587739608196244,33.98725177846392,0.9264790916659117,0.9666826627041019,GREEN,EXIT,1,vehicle
0.7532559730181019,2.173826785316901,0.2141078963939018,70.90615106831265,0.7322970533002087,0.29563847084339134,GREEN,STRAIGHT,1,cow
0.3560862110998563,1.222795314212547,0.9101329079030098,60.36934069372226,0.6109351392854598,0.6397969148487361,GREEN,RIGHT,1,cow
0.6729744740236592,1.1800791890924325,0.775825480771213,40.033975712814346,0.7865877756239605,0.46442112578153627,GREEN,LEFT,1,auto_rickshaw
0.7923194207975339,0.434805191513329,6.440738372510305,35.52830881447262,0.8166624605667653,0.7242541021983122,GREEN,LEFT,1,auto_rickshaw
0.05,0.7825829444775608,0.3771530719081595,56.42055756077694,0.5482602124000578,0.4051530978822926,RED,LEFT,1,pedestrian
0.557531367909963,1.233938816783607,3.0050503366019314,62.370084084611186,0.6893539273042631,0.4443638303709868,GREEN,STRAIGHT,1,cyclist
0.2868882948527237,0.53914670483626,0.6120923644930787,19.883338296186732,0.9444367245504389,0.35385879485722993,GREEN,STRAIGHT,1,pedestrian
0.17107574214312637,0.7536318928435687,5.157564408028149,12.550816456601838,0.7961881582334139,0.7063058652392568,GREEN,RIGHT,1,cyclist
1.1994512611397368,1.6796552431654777,12.4018744981034,45.884365192438274,0.7839694152689921,0.8037706163968233,GREEN,LEFT,1,vehicle
0.05,0.1,8.570006688152752,90.78121512571686,0.5626571626619407,0.48527157562049533,RED,RIGHT,1,motorcycle
0.7938635530904974,2.2927717900502684,13.650858294164058,71.76494423557936,0.7196792901712167,0.5826379110317271,GREEN,LEFT,1,vehicle
0.07669078458247627,1.4021337313328486,3.067213654997638,80.24713476501545,0.7324347515269926,0.27417640280716105,GREEN,STRAIGHT,1,pedestrian
0.22044065668404006,0.45571621541903606,0.9766119258285704,8.12445369655051,0.8675162110103513,0.3918933391893513,GREEN,STRAIGHT,1,pedestrian
1.0803995839890557,1.3917206170657934,1.570897414440174,36.58298854691115,0.7685423416817322,0.365763681295428,GREEN,STRAIGHT,1,cow
1.8517319188667827,1.5130429442051225,0.0,84.22231950280073,0.6628278635140123,0.5649866709463806,GREEN,RIGHT,1,static_obstacle
0.6851596423058226,0.1471560043548089,1.5965234297104036,37.38943379790993,0.7998226526412688,0.3802203298885456,GREEN,LEFT,1,pedestrian
0.3408385869231934,0.1,0.0,78.64836904888445,0.5487598583566387,0.06302425067915887,GREEN,STRAIGHT,1,pedestrian
1.029273264283197,1.4417655191516778,0.8161041412966127,16.886012969213674,0.828601934518976,0.5802594842989659,GREEN,STRAIGHT,1,cow
0.13309483578590803,0.1540715787281185,2.3758933806007203,22.23440689377221,0.8308712156611273,0.348755329777794,GREEN,RIGHT,1,pedestrian
1.115122391826639,0.6450151995906233,3.1941414486506376,53.399524214807904,0.7245311532616712,0.5137577274407403,GREEN,STRAIGHT,1,auto_rickshaw
1.2737043252500087,2.2413556312665106,0.0,54.93802252992413,0.7254016456598371,0.5762964189451985,GREEN,STRAIGHT,1,cow
0.10825373551522915,0.1,1.6222304753512002,51.874585748666746,0.5653234162394464,0.4122425936887259,GREEN,STRAIGHT,1,pedestrian
0.22957586164822355,0.37330882620653477,1.3213149384427532,6.332797501936263,0.864993364076745,0.5442683478331833,RED,STRAIGHT,1,pedestrian
0.8295976846574744,1.5035177230749257,13.539012856233029,77.6472773361944,0.15,0.3721538904795794,GREEN,RIGHT,1,unknown
0.9596448468776941,2.4369066572210007,7.802487804104089,75.76896255224693,0.6857419092334318,0.7517906576812411,RED,RIGHT,1,vehicle
1.0860072240642449,3.7786567989947755,13.846397795713083,89.13190727061496,0.720103215358915,0.6583401995896324,YELLOW,STRAIGHT,1,vehicle
0.5700914701980254,1.8624132479849627,4.667960541080292,53.70454031905926,0.7206251859113254,0.4080242900902996,YELLOW,LEFT,1,auto_rickshaw
0.5176574796280455,0.7345868371923887,17.088721201149053,86.3772086797185,0.5759489429944327,0.6215984707527826,GREEN,EXIT,1,motorcycle
0.24377564302013296,1.8099183037544053,10.855376655574311,72.95613837184627,0.4630640640307587,0.510311629232134,RED,STRAIGHT,1,unknown
0.9678327435289837,1.7890063996579988,0.0,46.487263299128564,0.8235234716921561,0.5526854582715931,GREEN,RIGHT,1,cow
2.7699187742203892,2.2939912113821723,7.621982690587153,66.80910160374526,0.6858089077040875,0.9071117674459683,GREEN,STRAIGHT,1,vehicle
0.15159298705133217,0.7658255798938987,0.0,83.62704403712301,0.6639717364207145,0.05,RED,EXIT,1,pedestrian
0.723194453904046,0.17764693898834016,7.898481251812466,28.93766581887009,0.6957519611312406,0.4556237040611756,GREEN,STRAIGHT,1,auto_rickshaw
1.041102729826512,1.42368238766221,0.0,53.13208792272513,0.6066338184311125,0.5096535357468078,GREEN,STRAIGHT,1,static_obstacle
1.0224891600564654,1.745149558278852,16.246349240629627,51.57149084458621,0.7396460796385268,0.9136934816056576,RED,RIGHT,1,vehicle
0.25367370118602206,0.5929200016815039,5.734787874819271,21.998316808656895,0.8094294897952881,0.5206129908813819,RED,STRAIGHT,1,motorcycle
0.33173715102697854,0.1,0.0,59.118514190253606,0.5899607509122871,0.26121286364489055,YELLOW,RIGHT,1,pedestrian
0.592809750438998,1.0436150913919031,3.4475489481745525,32.43914216520864,0.6846841297921107,0.6495480322812937,GREEN,STRAIGHT,1,cyclist
0.06689182495465454,0.7129498375213038,2.662031507540456,33.421608005742605,0.7327044425290853,0.3610031292827285,GREEN,STRAIGHT,1,pedestrian
0.7009782682987523,1.054798786908147,5.726584854200797,43.93411933612345,0.6747272901308107,0.5055903155142086,YELLOW,STRAIGHT,1,cyclist
0.05,0.1,0.0,90.548102707535,0.6281640058880893,0.2783713537684298,GREEN,LEFT,1,pedestrian
0.057316206945464854,0.1,1.7805814547041372,29.84774796403361,0.8438519644902902,0.29404975152769586,YELLOW,EXIT,1,pedestrian
0.31056080540359277,0.2155706240892245,1.0848462116630615,19.010769148781392,0.7844405056171382,0.2928770429728084,GREEN,STRAIGHT,1,pedestrian
0.7826884408908339,0.1,0.7835822107960757,40.458875694174964,0.796419212087956,0.5228066448591524,RED,RIGHT,1,static_obstacle
1.2782520387483207,0.9921596909894652,0.0,57.396266253017586,0.6886747031890004,0.37874420413873466,YELLOW,STRAIGHT,1,cow
1.0948699892459393,0.3506012229394836,0.0221689056274708,27.704218064076134,0.6866899486800591,0.6989753945633008,YELLOW,STRAIGHT,1,static_obstacle
0.4691018248810155,0.8502522452332676,13.461107650244827,25.21946300945643,0.7533154095973491,0.6859936983981738,GREEN,LEFT,1,motorcycle
0.9289418095181043,2.2399489476680077,12.529804844760925,67.97417694389034,0.7384160323258765,0.9087460607509174,GREEN,STRAIGHT,1,vehicle
0.8108029560100956,1.280136150144484,9.705482605860146,58.58201502592807,0.7235421701875154,0.7779529863547735,GREEN,STRAIGHT,1,vehicle
0.35047664604668743,1.0571462743253992,7.582031081327138,33.94962242552723,0.75963470668277,0.45178967175361406,GREEN,LEFT,1,auto_rickshaw
1.2670131157370708,2.8843310514480507,5.694410946415043,90.0452678739354,0.6975241934575357,0.790343085237537,GREEN,LEFT,1,vehicle
0.05,0.3784890275271159,11.486215155611683,39.91569517894028,0.7000335535152191,0.5157243124559905,GREEN,STRAIGHT,1,motorcycle
0.2509923731048437,0.3284894721474546,1.1575463763330975,5.906402134905485,0.8473613005342756,0.3942362952513466,GREEN,STRAIGHT,1,pedestrian
0.19121102207064028,0.4385666419071358,9.326052392580124,22.971688355136127,0.8961871091177367,0.5118957647586158,GREEN,STRAIGHT,1,motorcycle
0.5085373871271596,0.9876914630664985,0.5945325929191507,49.89659213698468,0.6238515388458543,0.34202571216892164,RED,RIGHT,1,pedestrian
0.30082121919292315,0.7426081338614609,11.270588909646992,23.403511507624117,0.8973584048065224,0.41444408054557463,RED,STRAIGHT,1,motorcycle
0.2534071841300438,0.9565561484443386,5.80467507446611,46.17154819272397,0.7520644475360313,0.6075505522738539,GREEN,RIGHT,1,cyclist
1.6642389903223562,0.8429281702580861,2.8042127137389796,56.768746375652086,0.26836649375521526,0.5946390671259991,GREEN,RIGHT,1,unknown
0.054944673874609745,0.6950848683703954,3.2045672923599122,29.036474721417896,0.70208074208051,0.32133887035277714,RED,STRAIGHT,1,pedestrian
1.0736548051179926,1.497986561895668,0.0,43.84857687659433,0.7831876445020747,0.5523201341440922,RED,STRAIGHT,1,static_obstacle
0.46559330716267955,0.5993036235988067,9.51069247720345,17.224918557193913,0.8098637521838482,0.5123239902684545,RED,EXIT,1,motorcycle
0.05,0.9826546968390488,10.70411732449957,67.71159625679071,0.603542098052128,0.32243033877076593,RED,STRAIGHT,1,cyclist
0.9081076899221344,1.7780983800964008,0.0,53.29609517619445,0.6733490050532318,0.523082657745427,RED,STRAIGHT,1,static_obstacle
1.7831574186648729,1.2416425026160327,1.7330905248760757,68.92190077345332,0.6965463210892785,0.3798039367673956,GREEN,STRAIGHT,1,cow
0.5564750138213155,0.5778716072901993,6.9342802261423095,18.94476068041423,0.786222323985368,0.5743665585219574,GREEN,LEFT,1,cyclist
0.8942977338021636,0.7409910911426779,0.34922013235695315,13.003657047952148,0.8697458819613091,0.6059480960260833,RED,STRAIGHT,1,static_obstacle
0.8497919101913128,1.239804234342335,0.0,31.63337140822595,0.8582009992065959,0.5875645527998004,GREEN,STRAIGHT,1,static_obstacle
0.6242507277585418,0.9951383352037477,9.339581324983914,38.57063898907047,0.8105085388946522,0.559119728083377,GREEN,STRAIGHT,1,motorcycle
0.05,0.3465524205681824,1.2389565088872476,28.756476871868387,0.798978893313349,0.408208296614748,GREEN,LEFT,1,pedestrian
1.0058122774265896,2.5689366688725928,14.118142403284748,66.81974705435809,0.805456378666354,0.6631207409279659,GREEN,RIGHT,1,vehicle
0.44906497286548475,0.724359798145521,7.4909347200317775,12.101164654208095,0.7270521550061628,0.511520032401589,GREEN,STRAIGHT,1,motorcycle
0.9728137248997413,0.2263368623740471,9.501395225852182,71.76258277215548,0.6729584217971707,0.35162236549887005,GREEN,RIGHT,1,motorcycle
0.05,0.1,6.793961878761376,88.92426017999118,0.6389485893007131,0.5090598787905449,GREEN,EXIT,1,cyclist
1.1942747265629414,0.9141748801893781,0.15278317529613486,59.739194514161774,0.667563349636633,0.47717652354669393,RED,STRAIGHT,1,static_obstacle
0.960541655590921,2.033835269289364,16.139060939208896,68.73529296520137,0.6573706110709443,0.7456688272192264,GREEN,RIGHT,1,vehicle
2.0612502324586015,0.9092871622802696,24.73167049286512,68.31573296795068,0.6200715515718981,0.8052113271127633,YELLOW,EXIT,1,vehicle
0.5219051167215444,0.7292528712115747,4.293128934936089,58.24393906250657,0.6303272722507863,0.5893710054565864,RED,STRAIGHT,1,cyclist
1.0148912325025805,2.3936761796568566,21.703312455313778,94.39034605524942,0.5533427492576207,0.7782806647498437,GREEN,STRAIGHT,1,vehicle
0.5635840635059,1.1395661997609425,0.4435755940653682,17.32269415960966,0.6970867705343651,0.5361799415531705,RED,LEFT,1,static_obstacle
0.41165968683128196,0.1816591124579793,4.022185951283185,85.98715536642754,0.6417333681666499,0.2004716146566025,YELLOW,STRAIGHT,1,pedestrian
1.0061291895588405,0.7452570664846389,5.0346208023410615,14.707019853816304,0.4652657927976464,0.47898978492236954,GREEN,LEFT,1,unknown
1.2492375350583629,0.8575132331885155,6.561028281134732,48.99014494066994,0.45699097480207046,0.32778444916681904,GREEN,LEFT,1,unknown
1.2925454313743365,1.5987168101039013,0.07820512846031054,27.731170322391826,0.8206276521003331,0.5282036142435782,GREEN,LEFT,1,cow
0.2550121340164342,1.2252668981738768,3.7182401404988994,79.46457742466224,0.7180914829170033,0.43187817632636333,GREEN,STRAIGHT,1,cyclist
0.5893620213671318,1.9628365275414157,7.141718176689924,53.48953275036045,0.7507770723577831,0.5371928817698683,GREEN,LEFT,1,vehicle
0.11331736618016408,0.8184634429103104,5.323681394539262,41.414529465217676,0.7785940534857072,0.48593378965143286,GREEN,STRAIGHT,1,auto_rickshaw
1.0821739760684561,0.6673869431155877,0.0,41.9829412724455,0.8197678474636203,0.4744119198104953,YELLOW,STRAIGHT,1,cow
0.89968516249936,2.6249173875408065,16.228997480236394,46.482869562769366,0.7589160990530981,0.8887700939144796,RED,LEFT,1,vehicle
0.6731441249927896,1.716036172346688,16.509792644919084,85.75189926724775,0.5149431927223679,0.48514739440962346,GREEN,STRAIGHT,1,motorcycle
0.8448587530230067,1.1422332280122314,6.994149243928717,34.75407289730017,0.7248198226528995,0.5177881639178954,GREEN,STRAIGHT,1,auto_rickshaw
0.17955998045692936,0.845470235335352,7.913957847330735,92.02865162252337,0.6187347986900005,0.3569864763589566,GREEN,STRAIGHT,1,motorcycle
1.181265957671206,1.7937556976375444,0.0,51.30316779179275,0.7497374015518785,0.44005585323051855,YELLOW,RIGHT,1,cow
0.5476336166934603,1.3190274923234215,0.2077777548083687,57.649257383172674,0.7391985567216872,0.5020235015303045,RED,LEFT,1,static_obstacle
0.9594746725526434,2.376487624148129,14.889153393296446,36.86176742288101,0.755320511525693,0.6863304054584869,GREEN,LEFT,1,vehicle
0.29690186856290685,0.7687414788584059,11.378625742948522,5.321979014002821,0.8241716931651112,0.4985057908207752,GREEN,STRAIGHT,1,motorcycle
0.6966568290029889,1.454289541514774,6.444598935086669,91.00592418032205,0.562594673634408,0.3621081944331218,GREEN,RIGHT,1,auto_rickshaw
0.13603412658745298,0.48083645445402745,1.3458466826281748,27.505108265913787,0.8294938679472483,0.1681766801975006,GREEN,LEFT,1,pedestrian
0.5105022084089059,0.36597454283330544,1.5522074172391973,14.619503757832824,0.7383167136728934,0.4828798067413248,YELLOW,LEFT,1,pedestrian
1.2137107390672945,1.8997294356829477,12.872615456657712,37.852277363494075,0.8182178958995295,0.8925293234789778,GREEN,RIGHT,1,vehicle
1.2562037925821141,1.4652583776263788,9.47277388624994,85.40991188386386,0.7684613536314036,0.4371451344936647,GREEN,STRAIGHT,1,auto_rickshaw
0.43211591020545176,0.45620574071338954,3.7315187265256102,20.461019852999016,0.7400565301037358,0.5993424114404141,RED,STRAIGHT,1,unknown
1.1517169873857451,2.351568619241604,12.185303995469505,30.979967240791442,0.8551005400352933,0.7704844495837382,RED,STRAIGHT,1,vehicle
1.0468174396076253,0.1,0.1342833282129965,80.47914390432115,0.6437276363835858,0.33432672941336194,RED,RIGHT,1,static_obstacle
0.47445327615885824,1.5170581113581003,18.150584918067587,92.55709442393086,0.5906569550990988,0.7865189095809664,GREEN,EXIT,1,vehicle
0.2683650660973764,1.8289111190463014,4.787977442589606,87.03086031093554,0.6029751515456148,0.515399149264455,GREEN,STRAIGHT,1,motorcycle
0.747819123313149,0.30437381270241437,4.594283116859412,86.93117116777897,0.6527811677869839,0.46988685925155177,YELLOW,STRAIGHT,1,auto_rickshaw
0.9779343470083964,1.0833697332709784,8.442694701071188,50.853446405952305,0.765134248142203,0.5338472585213347,YELLOW,STRAIGHT,1,auto_rickshaw
0.5155996235015168,0.2907881152344996,6.766570225572301,27.783691294065566,0.7633609248358195,0.5583191791307027,RED,STRAIGHT,1,cyclist
1.3634447930406992,2.075614648734621,12.570060608054579,16.390592285608317,0.8396594601642248,0.9736859278724712,GREEN,RIGHT,1,vehicle
1.6927506789087423,2.5047741309619656,8.734849036757497,35.220792515255255,0.7702371192701586,0.9109634947028217,GREEN,STRAIGHT,1,vehicle
0.05,0.4054420896119322,1.043098843711366,63.45594441517314,0.8375693870850625,0.42204585705441167,GREEN,STRAIGHT,1,pedestrian
0.9322772607079877,0.6521290628736965,4.559289950666848,27.639099781965033,0.8129213473529658,0.5000689532286285,RED,STRAIGHT,1,auto_rickshaw
0.4122755059187082,2.2698896625404914,4.664129538775894,66.00817544519708,0.7341805051052487,0.5843226040985103,GREEN,STRAIGHT,1,auto_rickshaw
0.09442604989387005,1.454993594007002,0.7342086205645296,35.12504182231867,0.5121038400416306,0.6365702419349527,RED,STRAIGHT,1,unknown
0.26901016550772583,1.8901792256852346,5.955866931188165,88.74298327673014,0.17249805999117557,0.3280923620188585,GREEN,STRAIGHT,1,unknown
0.6741143088616577,0.7321166699567405,0.0,32.30329510148113,0.8369053823955684,0.5811217146013579,YELLOW,EXIT,1,static_obstacle
0.05,1.6316910301240908,0.0,69.55371728221344,0.7370756524336238,0.4952054926848038,GREEN,STRAIGHT,1,cow
0.08217224697491071,1.0676219190151746,11.624122675391968,33.67439341543889,0.7607871534294444,0.5285594596496154,RED,STRAIGHT,1,motorcycle
0.8316829982114253,1.3579693486320505,3.9403670549879184,58.004928365661385,0.6153253288861191,0.5453361598358609,GREEN,LEFT,1,auto_rickshaw
1.3915745645837145,1.7836366772157748,4.8086857830610334,44.55034009636283,0.7119244780405499,0.830394829048493,RED,STRAIGHT,1,vehicle
0.43794924617955433,0.16264911741618876,4.7117100548634205,70.46575644613564,0.8107977171143294,0.3804112779519437,GREEN,STRAIGHT,1,cyclist
0.27919273139178086,0.1,4.05614315903073,89.6158456970951,0.49042003965665676,0.05,GREEN,LEFT,1,pedestrian
0.2661660938321867,0.7076589246325852,3.123934270652849,37.77375371941449,0.7100144412002277,0.4752406195920193,RED,STRAIGHT,1,motorcycle
0.4697631790075981,1.679992986481858,0.0,64.08243657771484,0.682081512700867,0.4706818627250971,GREEN,STRAIGHT,1,static_obstacle
0.8211141828259143,2.33697536714173,6.060830831870364,89.1083283477083,0.605734050065678,0.7633737703303689,GREEN,STRAIGHT,1,vehicle
0.6688369319676898,1.3030403358396072,0.23330926511552053,33.09075188052841,0.8730122350486049,0.3354756669076725,YELLOW,LEFT,1,cow
0.6657413694516613,0.9801141095792869,0.4485721202035838,22.656254624418082,0.6186007937687984,0.5671469716427615,YELLOW,STRAIGHT,1,static_obstacle
1.1523557028198497,1.981828378479343,4.163276867541286,19.93950146076127,0.8962609842260674,0.90867666929736,GREEN,LEFT,1,vehicle
0.24946679736920188,1.503179773021504,0.0,69.98190290240261,0.675746865429834,0.2657796002249583,RED,STRAIGHT,1,pedestrian
0.8384548971914669,2.8134403492559965,1.6062601520991338,56.02512717316892,0.7176298854763967,0.6067050646317633,RED,LEFT,1,cow
0.05,1.1145205330902568,4.751323191484792,49.391914634010256,0.6887369517935851,0.4287763850858193,RED,STRAIGHT,1,cyclist
0.9520878142973235,1.1897353739007603,7.445268855671521,23.45495840769522,0.9019462333017072,0.35230609321816453,GREEN,STRAIGHT,1,auto_rickshaw
0.6961698079797689,0.34953157367411236,6.579883101081154,58.36896399042589,0.680615441140548,0.29405834130282293,GREEN,STRAIGHT,1,cyclist
1.4805057381474636,0.6157010002556278,7.119959719248646,91.0247746714691,0.6153495430444207,0.4381265554977579,GREEN,STRAIGHT,1,auto_rickshaw
0.2782804598773815,1.200729234503236,2.205532296922447,44.02454300685816,0.7403581305604118,0.48396969098832016,GREEN,STRAIGHT,1,static_obstacle
0.05,2.0066856744760058,0.6161537257554777,88.0887952284971,0.5634064929901895,0.423264379766326,GREEN,STRAIGHT,1,static_obstacle
0.16514760538576786,1.3601133847364264,7.202527986447685,91.93950451017162,0.6698231451499393,0.3718980983919078,GREEN,STRAIGHT,1,motorcycle
1.0948808739503033,2.404658912396915,8.194499328272634,36.851524363117285,0.8483873917895114,0.8179225077355753,YELLOW,STRAIGHT,1,vehicle
0.676590296147759,0.9704498360929021,2.503953134106928,56.24016815984846,0.6744414601549269,0.39664955930982987,GREEN,EXIT,1,pedestrian
0.05,0.20396836181875297,0.45057374852338433,67.87912820731161,0.665793442673691,0.31132936925922006,RED,LEFT,1,pedestrian
1.221203410874982,1.4730392093481983,0.0,37.12853229261017,0.7145799891066461,0.41162635384881474,GREEN,RIGHT,1,cow
0.8594494400537694,1.6051300311551588,0.06186997208909436,6.39342132237638,0.9023370566080917,0.6263211923219008,YELLOW,EXIT,1,static_obstacle
0.4095026776115661,1.8755207122916562,0.0,69.11546256256295,0.6677869923290023,0.29339851233827574,RED,STRAIGHT,1,cow
1.1873730650482033,0.961812216800846,10.411832056080348,69.58810277084685,0.6231148251091231,0.7375445944197615,GREEN,STRAIGHT,1,vehicle
0.05,0.8544954222674316,1.9902837059814975,52.799848028974,0.6794384956238748,0.27274924213211527,GREEN,STRAIGHT,1,pedestrian
0.4522951060801035,0.701757119407118,0.993339055052731,63.20054778439146,0.7283305207207064,0.40821087962104674,GREEN,RIGHT,1,pedestrian
0.4784346598727839,2.937700891539392,7.039011613688698,52.909754232839234,0.834670785373578,0.7547022506147789,GREEN,STRAIGHT,1,vehicle
0.6502869898478715,0.9831337456856157,0.0,62.08051989322533,0.7441032382766684,0.6614783300460378,GREEN,STRAIGHT,1,static_obstacle
0.5141519311953487,2.6379711773151797,5.847572181839558,85.99849491907887,0.6546042336061682,0.7630605559230967,GREEN,LEFT,1,vehicle
1.620827036767428,1.4039109896343003,7.466823898260144,65.48945603123883,0.7340879439332231,0.6223304934023304,GREEN,RIGHT,1,vehicle
0.05,0.28889828364819,8.621119506431388,69.62055890968831,0.6360732836248219,0.5612461090866232,GREEN,STRAIGHT,1,motorcycle
1.6704609215163169,2.14303726744778,12.173124011237512,26.385278017517827,0.794673574825974,0.893663309428727,GREEN,LEFT,1,vehicle
0.05,0.2636555966015455,6.358359252805174,75.52744719330529,0.6868333403360699,0.5207820364027976,GREEN,STRAIGHT,1,cyclist
0.5963741995994115,1.2228498787940614,5.610346830083983,14.17404248443477,0.8725915927121042,0.6184237767287546,GREEN,STRAIGHT,1,auto_rickshaw
1.3308098790636844,1.6741181321053618,22.668506433026884,46.52610717430185,0.7326233757820164,0.6767111537449361,GREEN,EXIT,1,vehicle
0.2781263457258494,1.9670790958703281,0.0,93.47724013577003,0.5725204569617675,0.469003449507886,GREEN,STRAIGHT,1,static_obstacle
0.9393980492233707,1.3723103539241288,7.519583757204984,62.28772784725852,0.6845709980674095,0.46745120155262926,GREEN,RIGHT,1,auto_rickshaw
0.366657960800202,0.521250724124275,11.281579422899469,11.222000223574044,0.7886808188344383,0.40603800248250976,GREEN,LEFT,1,motorcycle
0.32527808035284334,0.2595342457724344,1.130674791273484,8.810145131224289,0.7426781919306522,0.3950621782510476,GREEN,STRAIGHT,1,pedestrian
0.6507933252036143,0.9920776191688436,0.0,90.8832597363779,0.663386904392623,0.5428620966195601,RED,STRAIGHT,1,motorcycle
0.05940538566398629,0.45958345015466273,6.955173172568488,66.60275916906299,0.5162620961724707,0.49204081819652074,GREEN,LEFT,1,cyclist
2.0735624413437055,1.909187791677103,14.389961238057701,71.87017266688532,0.6480739244845739,0.9272157109554537,GREEN,STRAIGHT,1,vehicle
0.05,0.1,5.611626726423696,75.38308428964271,0.5008051247376777,0.4021641272406978,GREEN,STRAIGHT,1,cyclist
0.4775242699074369,0.9599686398657569,1.3368839258098104,44.07967365515758,0.5067626142829961,0.49452992407728363,YELLOW,STRAIGHT,1,unknown
0.13385238484334172,1.057859139076938,7.902066734589743,33.19914232191125,0.8494727154179746,0.47296601766561064,GREEN,STRAIGHT,1,cyclist
1.6724608721699525,1.706333562088763,12.366436170203277,84.4819756094712,0.6357220094714182,0.808109040132435,GREEN,STRAIGHT,1,vehicle
1.1510008471891235,0.91464986962907,1.1235566260639078,28.984748001156074,0.8653483701967721,0.43910055383624924,GREEN,STRAIGHT,1,static_obstacle
1.3565165699630328,2.7439466007751276,16.792538944444065,77.73514224698982,0.6039364835531191,0.912063367099428,RED,STRAIGHT,1,vehicle
0.05,0.1,4.763735499135022,79.37268663708181,0.5761707693624518,0.25907897849419914,GREEN,STRAIGHT,1,pedestrian
0.267479953397041,0.624553942071278,1.250373709759143,30.13863161569531,0.7578763802264132,0.3052077710398053,GREEN,STRAIGHT,1,pedestrian
0.44736225418019726,0.39275526578282105,0.0,41.642724610032026,0.7073035513544027,0.38122733465932007,YELLOW,LEFT,1,pedestrian
1.5180623551160315,1.812919989460687,11.204221912608475,92.13423496047646,0.5843326884410366,0.5123814630799965,RED,STRAIGHT,1,vehicle
0.23201625710630458,0.44943093482858393,1.8594953166061703,14.83354009317715,0.7301214681951441,0.49110459540459633,RED,EXIT,1,pedestrian
0.4613589048557415,1.5570717918126573,0.0,41.29065254127162,0.7482472944352613,0.5664106356464046,GREEN,STRAIGHT,1,static_obstacle
1.0898504082058047,2.0068613413936025,16.829554964087734,15.746057786868226,0.7964599083302395,0.6683025859785278,GREEN,STRAIGHT,1,vehicle
1.3390953839870825,1.9633979516696434,12.938161156562126,46.602971855969045,0.866562682908889,0.7395854269513257,GREEN,STRAIGHT,1,vehicle
0.05,0.5505406925280504,8.636703431884412,35.197492221490855,0.6880533059019864,0.35912642497800673,GREEN,STRAIGHT,1,motorcycle
0.3495246888564765,0.31061023246658886,6.396813932394958,75.33412189327147,0.6828926160483234,0.5891161869166068,GREEN,STRAIGHT,1,cyclist
0.6255599820908222,1.4938851166024874,0.8416712952136836,75.5997387863656,0.6474356955738745,0.45325748351619594,GREEN,LEFT,1,cow
1.0812068304193028,2.244459039559345,9.40186242594508,39.65371140563705,0.7513042798512686,0.803574640209086,RED,STRAIGHT,1,vehicle
1.7148905165981359,1.539184281301976,9.251982068006606,54.660135535312584,0.6965820983157811,0.8253324307606749,GREEN,STRAIGHT,1,vehicle
0.8342041399847748,0.25141688930876815,0.7033155001627313,60.23409636688052,0.7228449490356401,0.16744210988942304,GREEN,RIGHT,1,pedestrian
1.0576071283628519,1.3710959197555712,11.784037194243265,37.327406215026336,0.8045125936920692,0.8786343595926513,RED,STRAIGHT,1,vehicle
1.6211542028084858,1.6200242415474029,8.448385477609737,56.684334223137846,0.7874169126419247,0.7374768901730339,GREEN,STRAIGHT,1,vehicle
0.36361971594285425,2.1545416371496002,8.377377174230139,90.284225144695,0.5941844148106558,0.5981658364482787,GREEN,EXIT,1,vehicle
0.8882071623565662,0.1,0.0,86.12481711295914,0.6969104295266874,0.18423649097787828,GREEN,LEFT,1,pedestrian
0.14237744454036244,0.1,2.087021225762864,27.746840187360778,0.8890782450999464,0.2678596765232997,GREEN,STRAIGHT,1,pedestrian
1.0154315767909963,1.2309617246938163,0.0,68.91305338368531,0.7109222576363087,0.39702963824626125,GREEN,EXIT,1,cyclist
1.1563249265385607,2.142164468410323,3.5284299483997854,78.26467337792867,0.7176106200476523,0.7826535240157528,RED,STRAIGHT,1,vehicle
0.9247923459249016,1.3512869655788078,10.503216799481976,67.48472717922766,0.6494187123929579,0.8071552835106427,GREEN,LEFT,1,vehicle
0.9472441312153076,1.7215836706744017,5.844351819420397,69.33703767803682,0.7392644101284647,0.452704214843181,GREEN,STRAIGHT,1,cyclist
0.6768622263055204,1.2715020037421703,0.028651394534257524,16.932396216306127,0.8391113227761452,0.4215833927928554,RED,STRAIGHT,1,cow
0.7283118918963407,0.6470752038074877,1.7007570281451452,87.99181929764693,0.7037856911125452,0.20279193042071308,RED,EXIT,1,pedestrian
0.6792063839830513,0.9049585499122379,5.997920608979327,52.98805979321362,0.7127490102799223,0.554947763502548,RED,RIGHT,1,auto_rickshaw
0.9377693356514543,1.4385398349460112,0.0,55.71234264315667,0.6904106182918441,0.6309706992678034,RED,STRAIGHT,1,static_obstacle
0.6001290792633394,0.6611573888786191,1.7612484234839834,34.871565640774705,0.7712772109048979,0.3252658454143344,GREEN,STRAIGHT,1,pedestrian
0.05,0.1,11.216307126688331,69.64141954831558,0.5565177802602684,0.7341748518290659,RED,LEFT,1,motorcycle
0.5886699135807429,0.1,10.833769879347141,64.67567442162728,0.6708277060685331,0.5064414211552336,GREEN,STRAIGHT,1,motorcycle
0.05,0.41508713269206776,0.0,93.14784623098397,0.5427148902395041,0.2668968396749174,GREEN,STRAIGHT,1,pedestrian
1.375809314970564,2.30216302476911,8.512790968399301,48.59086120449123,0.8535270505839864,0.854473982071001,RED,LEFT,1,vehicle
1.301884307689411,1.015622203869039,3.495977087891504,90.86142237072684,0.5656260564681123,0.381340793365722,GREEN,STRAIGHT,1,auto_rickshaw
1.2429741452518868,1.1057587618923783,0.0,61.0334416906421,0.6950396525900487,0.46323541841400206,GREEN,STRAIGHT,1,cow
1.4251319247348544,1.263020051927855,10.307999489583517,58.0344585113378,0.7679544986326919,0.8000426788629421,RED,STRAIGHT,1,vehicle
1.3408705002166186,1.8612128914376365,12.750076026548912,83.28311292325307,0.6601156161842267,0.7524970337166149,RED,STRAIGHT,1,vehicle
1.372685000529753,1.6203936933534215,9.267069154152129,11.373323124718805,0.8169109046330398,0.99,GREEN,RIGHT,1,vehicle
0.05,1.1020167849273617,4.3447944952914,53.91895231844978,0.77202416996628,0.4566841066280647,GREEN,STRAIGHT,1,cyclist
0.05,1.7818983667207227,1.7560929937941023,93.49172928251588,0.6527075021278854,0.41739269427896175,GREEN,STRAIGHT,1,static_obstacle
1.434123377556443,1.4697948619434067,10.123235012219832,55.79976574884319,0.6876733712711799,0.7778286660322039,RED,STRAIGHT,1,vehicle
0.05,1.6115695069204958,8.726497406975351,54.30837295734978,0.5131388204153199,0.5285214382456445,GREEN,STRAIGHT,1,cyclist
0.229676897037635,2.540866173357089,0.0,81.41637874131429,0.7098313986789525,0.4823377075064391,GREEN,STRAIGHT,1,cow
0.17480109774980107,0.46180969849889475,1.3695882986770007,21.735810085192398,0.7362594020687278,0.47986757307055333,GREEN,LEFT,1,pedestrian
0.7888239596824741,1.274365729049265,12.824627223913794,92.65465252159315,0.576191812191632,0.6296772746850519,RED,LEFT,1,vehicle
0.9691320605242386,0.8982145904323517,0.0,91.47700191063018,0.5346728070247554,0.41310786638922475,YELLOW,LEFT,1,cow
0.3716814090665692,0.815731436245139,13.182967885183974,31.50176889570442,0.7713078082328104,0.6550567128087411,RED,STRAIGHT,1,motorcycle
0.3717554897789942,1.4703450325034018,2.2507105291244853,43.21795741781447,0.8298559320970182,0.48895544151534026,RED,LEFT,1,cyclist
0.4034271506216719,0.8857378992445628,6.283172604132798,78.87042042556135,0.609794537426513,0.46475527431715097,YELLOW,STRAIGHT,1,cyclist
0.9683702114966468,0.1,0.6479438478267164,60.92060192856043,0.6285007839047889,0.27036703561889325,GREEN,STRAIGHT,1,pedestrian
0.7169974277330923,1.5917510683586462,12.08746005994324,46.905682535416595,0.788813779511708,0.9650376197903607,GREEN,EXIT,1,vehicle
0.4661027648256143,0.6502888458636494,6.452462521998723,13.555861093135446,0.854838952683,0.4476148929366911,GREEN,LEFT,1,cyclist
1.2359658546738814,2.4453554635316967,7.204181205866096,34.040132375874734,0.8500941704088905,0.7101995525300249,RED,EXIT,1,vehicle
1.2830792640922288,2.1867416822730745,16.966887708450404,8.67983877416026,0.99,0.9302836291374185,GREEN,STRAIGHT,1,vehicle
1.522532961246882,2.81930580033612,12.276337828863069,84.91116544954886,0.6859100885713023,0.6656335667342661,GREEN,STRAIGHT,1,vehicle
0.05,0.3002871307204965,0.44364468303842763,47.168424069412026,0.8000565623672453,0.29698187946511095,RED,EXIT,1,pedestrian
1.449015559873887,1.3238236508126071,18.218607118225282,84.65944865814683,0.7044841381109911,0.6328590173182664,RED,STRAIGHT,1,vehicle
0.5910210839036524,2.055381015633453,10.889887911277855,81.12802155843515,0.5636004609506745,0.4929709017726883,RED,STRAIGHT,1,vehicle
1.035019358170705,1.65915929562702,12.269915735284664,75.49499131541326,0.6333175170524875,0.7579837133843655,GREEN,EXIT,1,vehicle
0.0805650913048116,0.1,5.430486572504149,83.16539515370938,0.6394542490171773,0.30885001626980213,GREEN,EXIT,1,pedestrian
0.16760126573688078,0.6046550603863897,13.972500261460157,15.796058697337275,0.9590996962307055,0.4119104932611474,RED,STRAIGHT,1,motorcycle
0.6594286313800016,0.9555198256415516,0.0,8.920461251517802,0.9871163292155778,0.5770081581215716,GREEN,STRAIGHT,1,static_obstacle
0.43604060304723924,1.4468175773317211,1.6531694218019513,66.11334488801958,0.5921654244734988,0.4472800627998,GREEN,STRAIGHT,1,cow
0.7803898337773177,1.132456985856478,3.1487480445360423,79.95641374322983,0.6163052857019111,0.46960670932942394,GREEN,RIGHT,1,auto_rickshaw
0.3660760344242745,0.7418204388976424,4.218486958035976,32.04740815146464,0.6965523783341118,0.45443661837330374,GREEN,STRAIGHT,1,cyclist
0.05,0.9367857695994155,0.16029695466039318,54.61974947230711,0.6057190487063931,0.2476608810334045,RED,RIGHT,1,pedestrian
0.40767871053572524,0.7841222633903566,4.9201559287593675,24.777527015019153,0.7007709506651564,0.6096117509392748,GREEN,STRAIGHT,1,cyclist
1.2198598844556503,1.2204995857075829,0.0,11.675536725643013,0.7872309812948275,0.5736722777150738,YELLOW,EXIT,1,static_obstacle
0.8837198821494358,1.5607790950570126,1.2034723944582268,23.130183348121445,0.7572461318450456,0.4427940777591351,GREEN,LEFT,1,cow
1.530183480292241,1.8578309062138276,9.773534072638547,6.139204563574597,0.9825681759697309,0.9793039690326113,GREEN,STRAIGHT,1,vehicle
0.39828510087490304,0.4305784993920739,1.270882127733999,12.081529124770805,0.7943709130925763,0.2641042408573349,GREEN,LEFT,1,pedestrian
1.5412083248595985,2.264939084301397,14.408277187487394,60.18097763674039,0.7613207040267087,0.8086291621302855,GREEN,RIGHT,1,vehicle
0.49979733573302576,2.3558586697398134,11.837910154916813,70.23103710758919,0.5951920045989246,0.6761005645553094,RED,EXIT,1,vehicle
1.029445215074907,0.5493596054252097,0.1719777922099907,73.0934540612717,0.607260856040367,0.4850193050501304,GREEN,STRAIGHT,1,static_obstacle
1.0009289246919129,1.4666006647291496,0.0,11.778928895066436,0.8261444154569352,0.5566347791949311,YELLOW,RIGHT,1,static_obstacle
0.9818815324099213,2.0625756628564718,15.463654354137145,82.96102605730302,0.5841280202748474,0.6306181519247286,YELLOW,RIGHT,1,vehicle
0.46168438819754964,1.4596906879422749,3.4609298158401822,89.65728957256188,0.2977543747556574,0.5982268783703452,GREEN,LEFT,1,unknown
1.3973462649829316,1.99406950516789,0.0,77.95991961351612,0.5881051501951619,0.5085010446573806,RED,STRAIGHT,1,static_obstacle
0.8918903603797045,1.891401182059726,4.78919381434166,21.18600021519871,0.7832088675595538,0.9413985595071913,YELLOW,LEFT,1,vehicle
0.2167603118300604,0.1,1.2851885144059054,63.9522226764581,0.6136333109528328,0.18968964277828,RED,LEFT,1,pedestrian
1.1636030689437313,2.32071461703301,15.80525881710484,27.12444193698947,0.8369100746824311,0.7519641558098571,GREEN,LEFT,1,vehicle
1.4565941640070672,1.4171315204578385,16.444981703064563,71.06576315207971,0.5814064862517168,0.6877760104789878,RED,STRAIGHT,1,vehicle
0.8315600682944639,0.8127543020082899,10.257016360568295,76.75331230832967,0.64688457264118,0.8462811569627662,GREEN,LEFT,1,vehicle
1.2133649798702706,1.9969325750181808,14.14121318620945,12.620853971842092,0.8119351186525802,0.8208197193481658,GREEN,STRAIGHT,1,vehicle
1.9744438660629322,1.8917478722647811,12.676748250247973,57.97793027444555,0.7049959431768495,0.8385830875435764,GREEN,STRAIGHT,1,vehicle
1.3050503307678927,2.0799422741758082,15.190297033677231,17.336114828640326,0.911913790206268,0.99,GREEN,LEFT,1,vehicle
0.6029941754558237,0.1,4.7363590038879995,89.17252829548997,0.6474108214925461,0.3390432932549852,YELLOW,STRAIGHT,1,motorcycle
0.458018211159753,0.21708685098755376,2.1007466135723134,18.05588551763812,0.8628619119856668,0.39771981213925867,GREEN,STRAIGHT,1,pedestrian
0.05,1.4998888694456278,3.015807711573006,72.49913889275331,0.5598341754370422,0.5017981247771254,GREEN,RIGHT,1,cyclist
1.545465221675666,1.9468435281990502,8.26227536193087,14.790794799610474,0.8286226407901014,0.99,GREEN,STRAIGHT,1,vehicle
0.8363505196275437,0.4076363545101931,2.6281605253054305,81.90918515617608,0.33347288883862236,0.6255600386708527,GREEN,STRAIGHT,1,unknown
0.4819666166062662,0.4056041055062557,0.5448745988868922,66.92993593255865,0.6659157280251536,0.19882637809382697,RED,LEFT,1,pedestrian
1.7914133218478099,1.7255410100163773,7.1822025857835525,16.39926193264355,0.8481461037951271,0.9040987773449474,RED,STRAIGHT,1,vehicle
1.2751800301544214,0.1,8.854371292964142,70.69201824131272,0.7553987315921764,0.5239189188469275,RED,LEFT,1,motorcycle
0.9098048242564063,0.4409537073581559,3.908031287728226,48.97050445263574,0.7803857015936446,0.5224004584336868,GREEN,STRAIGHT,1,auto_rickshaw
0.8910557828802792,1.5601230942451612,6.791715846574204,83.6598210451775,0.6645828383063919,0.18836582738657182,YELLOW,STRAIGHT,1,auto_rickshaw
1.4032564329786987,1.5876323124842016,11.330096270893064,50.58150068903719,0.8463713404166574,0.8323545470319952,RED,STRAIGHT,1,vehicle
0.3169153283910574,1.5478386091444158,15.65388362956672,78.57328415811263,0.6976412913092443,0.7712920029701341,GREEN,RIGHT,1,vehicle
0.48160069192482924,1.603467185393128,0.30103274802247826,12.683190139390875,0.8646170234937679,0.42487872360520207,YELLOW,LEFT,1,cow
0.46288403542389517,0.34296506721452613,8.266397236781632,26.38590958043784,0.8641950937982656,0.5379077772983989,RED,STRAIGHT,1,motorcycle
0.6178808162445271,1.4901737700904254,1.632736965211357,36.99818287073677,0.8267280251144183,0.5847781160137463,GREEN,STRAIGHT,1,static_obstacle
0.5085764673299789,1.6711126658656985,0.0,83.91497260517349,0.7219215149450157,0.4266292036107182,RED,EXIT,1,static_obstacle
1.4579136964970922,1.822641694177765,6.200996271624006,29.852277467287447,0.7797582315825791,0.7965302508600879,RED,STRAIGHT,1,vehicle
0.5957962611011463,1.7147073363267293,0.0,66.17665020707337,0.7385991008454214,0.6613053322705067,RED,STRAIGHT,1,cow
1.724250586774781,1.859465457847835,12.478589402593839,23.69156858578378,0.8167896016081314,0.99,GREEN,LEFT,1,vehicle
1.1780251577940049,1.1527511054946515,15.182570865551792,42.603966755340764,0.6265080725523549,0.7861522183392228,RED,STRAIGHT,1,vehicle
0.8768766503292902,1.3906819249035793,6.416493926312053,67.34366160290969,0.6681013687239366,0.9099434372736013,GREEN,STRAIGHT,1,vehicle
0.05,0.1,7.154865213688925,92.80610334340892,0.5240299495599399,0.5188528568764581,RED,STRAIGHT,1,cyclist
0.7278817475875923,1.1814464426745426,10.997213534903949,77.1960289572025,0.6575744488670714,0.8552718363816785,RED,STRAIGHT,1,vehicle
0.5357383088773195,0.30530651787796553,0.3138189705795318,67.3102548418751,0.7723856337042062,0.22402061893868147,GREEN,LEFT,1,pedestrian
0.11300872474674317,0.19517069432724177,0.5697947672912442,66.011985126164,0.6155990667349343,0.5053391739140767,GREEN,STRAIGHT,1,static_obstacle
1.166732590393593,2.809966017411375,10.979444032715541,38.496820736128846,0.8694953808705784,0.6910263624497244,YELLOW,STRAIGHT,1,vehicle
1.4639567230369859,0.7425338887153472,0.0,73.25822531367876,0.7871539636787277,0.5277679987841755,RED,LEFT,1,static_obstacle
0.8014100409174993,0.9212165053390295,17.332786585798857,76.12544618355577,0.7285149639996779,0.7270361072826678,GREEN,STRAIGHT,1,vehicle
0.09218926054704008,0.7890659801927631,5.2831735349656705,40.49097289101564,0.7423248195389506,0.33615842258357453,GREEN,STRAIGHT,1,cyclist
0.5876247699251176,0.9137976491960352,6.423034460696192,50.077844749479944,0.7171663990751141,0.43894915998542766,RED,RIGHT,1,cyclist
0.05,0.1,0.0,67.66075341717294,0.7358045351589283,0.37232944427798975,GREEN,LEFT,1,pedestrian
1.5939202748251453,1.8625882397201925,8.147127107203168,23.671328133189057,0.8174969645746396,0.99,GREEN,STRAIGHT,1,vehicle
0.06225668255134753,0.20581985610692824,0.6517271948817216,50.688327741586214,0.7345281373725976,0.2152428832780968,YELLOW,STRAIGHT,1,pedestrian
0.6098377104119158,0.25819167784324404,1.5974683491666357,53.88064746775327,0.6697495650833483,0.2444850512952989,GREEN,STRAIGHT,1,pedestrian
0.7404192790720898,1.6498189865316861,3.0858204037909993,76.11492343378546,0.303353162201356,0.4654133377091261,YELLOW,EXIT,1,unknown
1.0302375013964118,2.3955741130086756,20.419310042276667,39.15008481928563,0.756006361993787,0.8072472208051601,GREEN,STRAIGHT,1,vehicle
0.16359333711085278,0.9384372947310243,5.102489821517979,66.09617465259753,0.6809050905741943,0.5815012213502644,GREEN,LEFT,1,auto_rickshaw
0.8545219786472543,2.4816176064216897,8.08489801274665,88.49409178096192,0.6977982381712587,0.616384779299366,GREEN,STRAIGHT,1,vehicle
0.23544783154109616,1.4667324698196893,0.0,77.8884457137195,0.6224948522019684,0.36308599827028143,GREEN,RIGHT,1,cow
0.9832403299988028,1.4188285101942903,1.7861440636421912,58.222232809371775,0.7392805510880979,0.6307303563531379,GREEN,RIGHT,1,cow
0.8208798858029911,1.0398180182959251,1.2896540021933496,25.936833776867452,0.8627960926716309,0.5469555390950148,GREEN,RIGHT,1,static_obstacle
0.05,1.1720847862473027,7.612726760099283,83.90115668374935,0.6306464693272917,0.6041734442476111,RED,STRAIGHT,1,cyclist
1.6402406799199465,2.1262272790235532,18.87178742722946,70.74200310299335,0.6786908213367348,0.8022187594843585,YELLOW,RIGHT,1,vehicle
1.073404154922211,2.532567738634363,17.692270952516395,67.97921391332945,0.7583578814129944,0.6642727125368562,GREEN,RIGHT,1,vehicle
0.12988305521530819,0.5300672250009368,5.786514800328615,17.852893320440263,0.9072259332013118,0.6145430457213297,GREEN,STRAIGHT,1,motorcycle
1.0735936914023094,1.7833751398065463,7.041547808095973,72.29712388393652,0.641992854368874,0.3945597440889008,GREEN,RIGHT,1,auto_rickshaw
0.38934539756252906,0.3089782046037107,13.847594205827459,20.477336165918867,0.8343276123980645,0.31404179749717565,RED,STRAIGHT,1,motorcycle
0.4205977134681383,0.1,1.4793933978020049,39.8299153328878,0.7832546087980826,0.22978225758622584,GREEN,STRAIGHT,1,pedestrian
1.9246418496276598,0.9576910084996686,0.0,90.0104333240433,0.5801280688303229,0.36828979925308974,YELLOW,LEFT,1,cow
0.2149585731591585,0.9815336892116322,12.726798602706497,65.01526526851637,0.6438032955901444,0.4098865055533758,GREEN,EXIT,1,motorcycle
1.2654581153490858,1.5668943046774286,9.550742808692446,28.160778937057902,0.9117181491604135,0.7604307799535454,RED,STRAIGHT,1,vehicle
0.13215353195400556,0.17648088924335595,1.3443166678803213,40.430856550011924,0.7572361695759039,0.31028118017309714,GREEN,RIGHT,1,pedestrian
1.09893633857461,1.3641428074433617,0.0,24.72659110870985,0.8073025758767876,0.508398518065944,GREEN,RIGHT,1,cow
1.210956153422656,1.087951926180134,0.0,13.180901132709304,0.72760453144712,0.5491209555494427,RED,RIGHT,1,static_obstacle
0.2836505631314523,1.4813560454204628,9.590235066737081,18.07095821687094,0.9023856464363716,0.493009273413349,GREEN,STRAIGHT,1,auto_rickshaw
0.05,0.1,0.0,89.97569271550957,0.6601739754669846,0.1682352089022951,GREEN,STRAIGHT,1,pedestrian
0.5380468369097106,1.0953130201596033,3.970938992259861,6.659078873066775,0.8574226429022375,0.5474588811194641,GREEN,LEFT,1,auto_rickshaw
1.1676352977903701,2.1083804926609684,11.170188101438779,14.887378134746008,0.7833869819183675,0.812151134674863,RED,EXIT,1,vehicle
1.4042249318920923,2.625455945716666,17.453915908326422,21.33384123728288,0.7431130998600979,0.99,YELLOW,LEFT,1,vehicle
0.9051660722718402,2.0857752076861953,13.77413635352282,62.954807480231935,0.7288541066175802,0.6494341884235936,GREEN,STRAIGHT,1,vehicle
0.4507432657472386,0.2190334943825185,2.3829751400651302,74.55240435755665,0.6486611284203905,0.4011899426013184,RED,LEFT,1,auto_rickshaw
0.892364626635654,1.9503272267281544,0.0,38.59355588263419,0.8509870324357987,0.5518216781982749,GREEN,RIGHT,1,cow
0.5168847558236935,0.5148574498208673,3.5035456018519953,49.14305664872605,0.6273626781172967,0.5219213373186792,YELLOW,STRAIGHT,1,cyclist
1.1229858828203871,1.8118994637323655,9.844499987792787,47.72550067434351,0.6743832389719133,0.9481346450599029,GREEN,STRAIGHT,1,vehicle
0.20010886414143672,0.5226133554710324,12.976771628296083,46.80846171719773,0.650325082692533,0.4403273428383808,GREEN,STRAIGHT,1,motorcycle
1.0223534802438639,1.9429322976215326,16.065342844292736,17.19869117817531,0.9361894921704779,0.9771754398455549,GREEN,STRAIGHT,1,vehicle
0.6271163371339064,1.121147349280227,6.228998847841213,56.95520620734357,0.7142130205049747,0.44338201372765573,GREEN,STRAIGHT,1,auto_rickshaw
0.9835641524903822,0.666452727308557,11.330937052846924,68.71679661545569,0.6110063784175253,0.6926112904504749,GREEN,RIGHT,1,vehicle
1.1596481101524618,2.446955229781273,13.515952862149081,43.48458386978268,0.831094641366394,0.8448771160753975,RED,STRAIGHT,1,vehicle
0.22921200985751827,0.7796471575739065,4.98768924734026,8.296847586465733,0.8687819590790394,0.696434738980055,GREEN,RIGHT,1,cyclist
1.0841408849373415,1.8572694754362604,16.228540329687153,16.00455674492145,0.8869711508903808,0.99,GREEN,LEFT,1,vehicle
0.9855675419946351,1.7171449820290632,0.0,43.830049307720934,0.7295546357470551,0.6847760373179801,GREEN,STRAIGHT,1,cow
0.36228398958615876,0.7581850440853021,9.712837018133868,30.459746486169948,0.8120824565546679,0.3306140134901678,GREEN,EXIT,1,cyclist
1.3055964268514073,1.4089477815630038,20.5391358229735,8.99097913061053,0.913644004602557,0.8179577769330905,GREEN,STRAIGHT,1,vehicle
0.23298035965471722,1.1372949187325592,13.918759683685048,64.85285855319182,0.5902916821933537,0.5516313851565586,RED,LEFT,1,motorcycle
1.0299143528867323,2.7079100561610807,16.060886508362255,67.68851201491036,0.6896330086633633,0.8209565262760699,GREEN,LEFT,1,vehicle
0.49666793117918745,0.1,4.8381273138171785,84.92971271103248,0.6286709697301011,0.3177002250039077,GREEN,STRAIGHT,1,cyclist
0.4066155007972201,0.6206911369147822,12.58209651640837,8.239084598180108,0.7250059905340176,0.6285884496002528,RED,STRAIGHT,1,motorcycle
0.15625232926189736,1.1414879569225949,0.9328497709548512,90.39170413027936,0.647322332978719,0.380120964146051,RED,LEFT,1,static_obstacle
0.7110960334668732,0.5280421055258688,0.0,35.19429853702899,0.7985509867659664,0.4433612332096682,GREEN,RIGHT,1,pedestrian
0.21418254187096766,0.35199832980401385,6.47118650290608,35.4295907086259,0.8089027114444699,0.5455332249420911,GREEN,STRAIGHT,1,motorcycle
1.3354713867763148,0.978020821677164,0.0,82.5815944517015,0.7092353899475543,0.5792711522945915,GREEN,EXIT,1,static_obstacle
0.5418261853132141,1.5947387367995107,14.871132256422957,79.79759666209357,0.6198020522679917,0.678143416679881,GREEN,STRAIGHT,1,vehicle
0.8087453868366493,0.5025628958150355,0.30601860932605773,64.16537355451969,0.5385459971708212,0.1601566266246119,GREEN,STRAIGHT,1,pedestrian
1.2330510745289374,1.420717612221005,7.93671052056587,61.416825912818005,0.6750425668822883,0.43416720731288005,GREEN,RIGHT,1,auto_rickshaw
0.7623811494607232,1.2394876776241908,0.2677097005474292,41.54112825693973,0.7679828811302788,0.5785756787168477,GREEN,STRAIGHT,1,static_obstacle
0.661249066678729,0.6413567441245004,4.810621238408504,36.2657625575305,0.6818007906379866,0.4423067508662682,GREEN,STRAIGHT,1,cyclist
0.9383877577484312,0.1,1.630655762133511,91.09405109905768,0.7015863541026123,0.37398340456760815,GREEN,STRAIGHT,1,motorcycle
0.513727805807346,0.7666261636052181,5.3041776280056006,70.24737243878518,0.6326457191049084,0.4462026875260072,GREEN,STRAIGHT,1,auto_rickshaw
0.9674928754987216,0.6392578766994197,5.728975811702419,93.14561572396155,0.5951926013419415,0.6341770621006406,GREEN,STRAIGHT,1,vehicle
1.0724986764125835,1.6445819408473146,14.382116528079788,18.63344449884968,0.892457689287443,0.9413801549086903,GREEN,STRAIGHT,1,vehicle
1.2707762752958445,1.9149362765107452,16.71516574281115,14.359601328200206,0.8662304076215156,0.99,YELLOW,RIGHT,1,vehicle
0.6693714338350841,1.230805504644594,1.1279716030729963,34.931614268896126,0.8511798233588744,0.5583085599750752,GREEN,STRAIGHT,1,cow
0.05,1.3104594149060083,1.0270422181552803,72.7125298157653,0.7252829162603414,0.18426010737566595,YELLOW,STRAIGHT,1,pedestrian
0.6896149479222724,0.4553804070357298,0.0,53.815456784155955,0.6334385441726083,0.33939563861547173,YELLOW,STRAIGHT,1,static_obstacle
0.9968001700660422,2.3649763306960416,2.485073589883802,91.14117761170041,0.5974790620096833,0.443507228669371,YELLOW,LEFT,1,cow
0.05,0.6494782143361806,1.9034983171963176,68.43082881562388,0.6927672832745745,0.41405569437734724,RED,RIGHT,1,motorcycle
1.064836552563041,2.2339384824622073,17.05900429103911,44.003025382715144,0.7701970582814989,0.8015685177029243,RED,LEFT,1,vehicle
0.7374288902626939,0.8512778512273418,6.959635472268275,23.84855475250402,0.7885200998602537,0.49926201648223534,GREEN,RIGHT,1,auto_rickshaw
0.11076155283292388,0.47476066570373254,2.2146373646457027,56.20730303851169,0.7085953321490074,0.3672033834206001,GREEN,STRAIGHT,1,pedestrian
0.5619551943388229,1.1404058021568035,7.668749820263994,10.862351480380635,0.8665946166769727,0.6020633740592035,GREEN,STRAIGHT,1,auto_rickshaw
0.8636075796429847,0.1,3.157085696820844,63.820863741299185,0.6008701086002713,0.20698282325961398,GREEN,RIGHT,1,pedestrian
1.3451707213153923,2.220929265612049,19.08577566137253,12.184795990658607,0.9061089689685349,0.7698367418177918,RED,LEFT,1,vehicle
0.05,0.5530499509226469,2.089623499808912,93.88361970619529,0.51186824062656,0.24027000872105583,GREEN,STRAIGHT,1,auto_rickshaw
0.22818986120741672,0.530622812677144,1.7650749311013985,43.531524563912754,0.7113178569492912,0.39231689682316107,GREEN,EXIT,1,pedestrian
1.4188897177224677,2.1051008831533826,13.231833437543163,79.25350195610255,0.6352812254258531,0.6107130054124873,GREEN,STRAIGHT,1,vehicle
1.1361369836743045,1.0317632288883116,0.0,80.02468028194163,0.6429348985315491,0.5864936548688888,GREEN,STRAIGHT,1,cow
1.0565651592144736,1.067692200093721,2.0908906151149824,60.14016767655315,0.7569426439261722,0.5140208606682397,GREEN,EXIT,1,cow
1.0650316113577767,1.2911277412059934,0.1296583415907797,53.45055413150146,0.6583147683403759,0.6261045515582021,GREEN,LEFT,1,static_obstacle
0.9859263754749457,1.4827331126986176,0.0,35.62856638683723,0.8993930465591383,0.5050667605478262,RED,RIGHT,1,cow
0.5280435411339808,0.5681055935315035,3.0208792626102334,20.252003799959557,0.781379776814495,0.4312846112867744,RED,LEFT,1,cyclist
0.9875663378771096,2.02480959531189,2.3636358418472994,24.33840564642211,0.8684129832450916,0.8412387068693099,RED,STRAIGHT,1,vehicle
0.8629042887661014,1.9878925833070673,10.175534473152775,34.54778393221208,0.8204487695604683,0.7793605029919801,GREEN,RIGHT,1,vehicle
1.2634580987020723,1.9025087934250215,13.275621885780367,37.54312397782787,0.8483864245160165,0.6959763162553593,GREEN,EXIT,1,vehicle
0.8264312813057826,0.4727229448358589,2.9966215420265208,44.035509460637996,0.8116815540343921,0.549505223913807,RED,LEFT,1,motorcycle
0.6413602669614604,1.5715810467762323,0.0,57.924928926213404,0.5750624973377565,0.44000692612473796,GREEN,LEFT,1,static_obstacle
1.4794099494200157,2.0988808386950604,7.4786881119660205,72.90764049440675,0.8139094069427398,0.5508544124506827,GREEN,STRAIGHT,1,vehicle
0.8533246975184103,0.3093859240880669,2.482892576329304,46.25645477274758,0.5698805128810147,0.6438234254618607,RED,LEFT,1,cyclist
0.3033332665967884,0.3020361575974744,9.355543422333982,35.744203483973074,0.6009717873674325,0.4183789301550829,RED,STRAIGHT,1,motorcycle
1.3971686111025057,2.540163996390357,15.600416863746382,93.42938853856394,0.6593875080039564,0.6655927488039279,GREEN,STRAIGHT,1,vehicle
1.4624340600549202,1.290276808725154,1.9038495120938006,74.114379645621,0.6313658709920932,0.5702719390670595,GREEN,RIGHT,1,static_obstacle
0.6653208025009614,0.9296505392870072,4.485047712022665,27.681326031114722,0.8326999131090619,0.2537712734897201,GREEN,STRAIGHT,1,cyclist
1.2578226171496618,0.9690314362513165,0.0,64.03538397545528,0.6702782774161108,0.6114394226993192,GREEN,RIGHT,1,static_obstacle
0.3956514346081117,1.0880282748714305,1.9834442019683276,73.21439656455493,0.5802344744950362,0.39876387010236236,GREEN,RIGHT,1,pedestrian
0.49460907810152743,0.4277871195395136,9.4249980398353,66.0265261089725,0.6776024891299126,0.43394668020584304,GREEN,EXIT,1,motorcycle
0.11616654655873365,1.4108167270078424,11.747638944104,82.24517505703596,0.5982637216040719,0.4559997356836405,GREEN,STRAIGHT,1,motorcycle
0.9613825876571978,0.7709535472930888,0.0,73.51442866628243,0.706572571027141,0.3783007530393455,GREEN,STRAIGHT,1,static_obstacle
1.0001913464540393,1.0471084667723192,0.0,62.95981582674262,0.7421753798774271,0.4127172445084863,GREEN,LEFT,1,cow
0.05,0.19747433649180618,7.269814958256176,32.65642789180638,0.8340391556485977,0.45264684514745207,GREEN,STRAIGHT,1,motorcycle
1.4389171050207785,0.3983428497109991,0.0,54.9944314154961,0.7275290253231335,0.5116597006177319,GREEN,RIGHT,1,cow
0.8181976991885274,2.016010238937201,11.492623522657881,87.84157806006804,0.6521385679383259,0.7228669274283588,GREEN,LEFT,1,vehicle
1.3531565068168345,0.5363065114976537,0.07738456777832162,8.458978768922282,0.99,0.6036369883474135,RED,STRAIGHT,1,static_obstacle
0.05,2.232027986275062,0.0,66.16768594997058,0.6705440132163774,0.7304554169199098,GREEN,STRAIGHT,1,static_obstacle
1.448757710448972,1.2895516720927547,9.550420372920941,69.30036445454556,0.7484886908514454,0.8160629059263168,GREEN,STRAIGHT,1,vehicle
0.7417346603241151,1.4960861821413345,0.055029435488144346,8.410492659559646,0.8686810537858635,0.7146234721264967,RED,RIGHT,1,cow
0.6503730525265363,1.203814394193631,0.581600462576163,79.13609717346976,0.6005314800250181,0.5724413479681318,YELLOW,STRAIGHT,1,motorcycle
0.1583834826536441,0.13576187428490805,7.1964450431616775,42.59625750604064,0.7409111601552769,0.4102214637499009,GREEN,STRAIGHT,1,motorcycle
0.4095717748042295,0.3703984097329169,5.404779072156108,69.30875313050046,0.6717975787542625,0.5052598345645041,GREEN,STRAIGHT,1,cyclist
0.05,0.33606665512084893,1.5804721702129367,18.599916637830212,0.7675941418952033,0.3401052597700369,YELLOW,LEFT,1,pedestrian
0.4854121320160966,0.13197311456929783,13.589690493120097,35.97546948510374,0.4720085500392493,0.3582311780922668,GREEN,STRAIGHT,1,unknown
0.24883200689139284,0.839677391905648,6.8179604852523195,85.61691006118814,0.6238420321969739,0.4089315462858178,GREEN,STRAIGHT,1,auto_rickshaw
0.21485264605627394,0.5454925405291567,0.8980240060445254,29.960078544459886,0.9038867134562082,0.22334052041519786,GREEN,STRAIGHT,1,pedestrian
0.37022233042004704,0.18487821580795427,9.048053640941001,65.64327311873126,0.5737031559084205,0.27618723250378896,GREEN,EXIT,1,motorcycle
0.6913661720415405,0.8437882327426145,6.682976647694894,74.60178021350866,0.6662010351806639,0.3896359249525242,GREEN,STRAIGHT,1,auto_rickshaw
0.05,1.246902463162755,8.909649960448121,56.42164091362508,0.7051224524990922,0.619449334206303,GREEN,STRAIGHT,1,cyclist
0.6802962522334945,0.48235976797630675,0.0,42.01904271409426,0.7064834681869161,0.6232985728163087,GREEN,STRAIGHT,1,static_obstacle
1.7715522622113127,3.0277904843320553,10.32328191618232,94.1424505112531,0.5899134103194846,0.7779457886422907,GREEN,STRAIGHT,1,vehicle
0.9358423911341198,0.37350530655297615,0.005253211863199825,73.2475142161964,0.5949788582449326,0.19845157474753708,GREEN,LEFT,1,pedestrian
1.1082320078455656,2.555880786297578,10.517992092125331,50.356920184285414,0.8309730078644659,0.7466470731203614,GREEN,RIGHT,1,vehicle
0.6534530540210753,1.2207848060045305,6.038623070019552,13.994321591175758,0.856844885571349,0.5156265236316625,RED,STRAIGHT,1,auto_rickshaw
0.05,0.39134588048000457,0.0,53.11936100741765,0.7357955682940789,0.3389887157500226,GREEN,RIGHT,1,pedestrian
1.020734902330504,2.0171312188780504,7.741023372255337,47.459043603484126,0.7140868289709039,0.8134164478905409,GREEN,EXIT,1,vehicle
1.5396925816498692,2.0858894878575156,5.976963493131919,88.97846657988688,0.5334557394421788,0.650576655156127,YELLOW,STRAIGHT,1,vehicle
0.5738021748780561,0.24227388277884443,3.884787689353754,39.5349957247509,0.6510397779664057,0.49666336240778597,GREEN,LEFT,1,cyclist
0.05,0.6191585620922717,6.375113880922216,65.25487188956251,0.5965767755767303,0.36140084778833437,GREEN,STRAIGHT,1,motorcycle
0.547143479743363,1.526900650592549,13.008653619583068,11.25381422773877,0.8582000780946664,0.6781929753287401,GREEN,LEFT,1,vehicle
1.036701533472998,2.136149743736829,8.958449807825383,90.58203393330488,0.7029095487310232,0.8417636431193969,GREEN,STRAIGHT,1,vehicle
0.4917492166784439,1.3096722744736489,3.5407874664999324,89.03697784050321,0.623893198775851,0.5595459385644881,GREEN,STRAIGHT,1,cow
0.16988344181575987,0.4355211214829912,5.05430811207806,41.628927991111254,0.832462676189587,0.5005807179469615,GREEN,RIGHT,1,cyclist
1.9167100812449989,2.5489926104789284,10.640786986802523,39.82574336789838,0.7783986669130061,0.641867548058537,GREEN,STRAIGHT,1,vehicle
0.3053326466508322,0.8491272142471145,6.6812500500918155,19.0153410731011,0.7356760152610305,0.5829850225597931,GREEN,STRAIGHT,1,cyclist
0.05,0.39313019084150597,0.8464684733829566,59.5458226566426,0.7198135342646622,0.24412762252525547,RED,STRAIGHT,1,pedestrian
1.653745397865348,1.807432615576154,9.126842131565093,31.351048713809995,0.7440485204044354,0.970478760526504,GREEN,LEFT,1,vehicle
0.19396248117359827,0.6046888051176361,5.344927035500277,40.01282186609399,0.5628513413355581,0.6152847170337272,RED,LEFT,1,cyclist
0.8812737709716597,1.782953517184898,14.415938443500414,37.63934296570595,0.7437463339044582,0.7978591856032314,RED,STRAIGHT,1,vehicle
0.8033167233166495,0.1,7.6457752248185935,40.63328664562661,0.7847335214862363,0.5513018792298294,RED,STRAIGHT,1,motorcycle
1.3892858428143193,2.6624637817261414,14.155479221539476,79.96979680154762,0.5380505852354128,0.7279571901666171,GREEN,LEFT,1,vehicle
0.9443985844600065,1.2160158163555201,0.0,11.848043421461865,0.8509238663155455,0.61855427580633,YELLOW,STRAIGHT,1,static_obstacle
1.1063805708820937,0.2019257236348272,0.0,85.32602771847364,0.6645947224820539,0.4958836233275481,YELLOW,STRAIGHT,1,static_obstacle
0.05,1.032069892364065,0.0,80.12641592992708,0.5861270458722854,0.46179523029226477,RED,STRAIGHT,1,pedestrian
0.7250514735783186,1.4786774666243194,0.09436472059057752,73.86711826829269,0.5813691931646807,0.41339792411805065,YELLOW,LEFT,1,cow
1.2854172678677722,1.8409892036556985,12.65264589516901,48.87748133644998,0.8297346682495825,0.7800698355263591,RED,STRAIGHT,1,vehicle
0.05,0.5840597538785396,10.844631905860446,79.33763026251383,0.6627576746582183,0.4152733360807348,GREEN,RIGHT,1,motorcycle
0.05,0.11556087688976607,1.3008555415457226,63.75362212885463,0.6416494388088841,0.23541482927144872,GREEN,STRAIGHT,1,pedestrian
1.0060379522213991,2.3371356429719317,17.157456423083467,36.488578163013855,0.756136810562298,0.8221276620431581,RED,STRAIGHT,1,vehicle
1.1181500034992338,0.10576683087214322,4.752199765840768,83.07619184314284,0.7068091834276294,0.2586706098214578,RED,STRAIGHT,1,pedestrian
1.4782103939262323,1.2912873197711416,8.77880511049886,23.129611693012965,0.3484096587015457,0.48779827067689246,RED,LEFT,1,unknown
1.094809934789663,0.1,5.217996903173549,74.17367550412476,0.6912623601834551,0.4887297836925997,GREEN,RIGHT,1,cyclist
1.287479699764821,1.3652956351834078,0.3738932779027555,35.892373540886894,0.6625302540973264,0.5361442766537843,YELLOW,STRAIGHT,1,static_obstacle
0.05,0.8289523967551213,1.89437908277321,72.64677142105407,0.627596125453118,0.27645346329706944,GREEN,LEFT,1,pedestrian
1.1591440331070662,1.8327714743474823,0.7142235599511245,25.82713599594338,0.7347741558278726,0.6062832929647359,GREEN,EXIT,1,cow
1.2798888701842714,1.566855512469777,5.861675441006947,76.10497751637958,0.6620147936541907,0.7568482875886867,RED,STRAIGHT,1,vehicle
0.3164488818659942,1.4582890809909843,5.61311971057598,67.75830862670564,0.7092537872844522,0.44628187584830475,RED,EXIT,1,motorcycle
0.6548155312992036,1.6049993303807433,9.536326652760344,85.70762281517582,0.6172198218014328,0.682702647102138,GREEN,RIGHT,1,vehicle
1.5323490854921118,2.3355985057376865,11.440818360680094,56.3497569454975,0.6950605924719304,0.6897671183399828,GREEN,STRAIGHT,1,vehicle
0.33587321768746115,0.19249357418660984,1.5790446973850207,40.69073451173728,0.8090468978596805,0.38518353003491657,GREEN,STRAIGHT,1,pedestrian
1.1774298738838462,1.483256648059339,8.521870160194524,91.99534930377928,0.6768701412398744,0.32574797914001974,GREEN,RIGHT,1,cyclist
0.6562901034271608,1.2262196223917872,0.35395081753266444,32.797868091094195,0.8670223940338182,0.5070158525003696,GREEN,LEFT,1,static_obstacle
1.1886502347967594,0.3262740743432556,0.0,83.86009638184768,0.6698034313447934,0.3941466118571673,GREEN,RIGHT,1,pedestrian
0.8394624482511562,1.0023030247520188,5.79099620888255,30.961251537631554,0.6893283711979408,0.47690013152818483,RED,STRAIGHT,1,auto_rickshaw
0.11654239187657231,0.6518173850401948,6.159740895264896,38.873356456844085,0.7318508867769736,0.4858617046694097,GREEN,LEFT,1,cyclist
0.8799365132561101,0.3385966068333564,7.800326565489855,66.65269543422696,0.7411627862066068,0.43655246020705424,RED,STRAIGHT,1,cyclist
1.1412003915805067,2.1778794298364264,14.450058648678942,66.40063408189256,0.5621834990816994,0.7634407726913225,GREEN,STRAIGHT,1,vehicle
1.0978518032152702,1.5833155888489239,9.695968814217006,7.566664452016331,0.9704941278504138,0.822778247177241,GREEN,RIGHT,1,vehicle
1.2239785796951748,1.5703648400470673,0.07396031545882639,11.412741678922847,0.7171759687606382,0.4440140847809547,RED,STRAIGHT,1,static_obstacle
1.5860538083914304,2.678552633147405,10.31714409494682,43.53344977931169,0.8235843075062486,0.7585748860866957,RED,STRAIGHT,1,vehicle
1.0662937550277838,1.925393748913964,11.555973222877116,39.57441647832335,0.8961293925890234,0.7511343355617298,GREEN,STRAIGHT,1,vehicle
0.9418830441078382,2.175647742580556,5.034155084232535,85.79347038253223,0.4647437831221687,0.38820421656015036,GREEN,STRAIGHT,1,auto_rickshaw
0.8663632487591937,0.8670609635506956,9.484727498892802,91.33915140573923,0.5643257973054455,0.5400461714479968,RED,STRAIGHT,1,motorcycle
1.0071163709189965,2.3741502594330424,5.881665340584412,67.96712003012239,0.673041455171356,0.9128496065422753,RED,STRAIGHT,1,vehicle
1.3858020183620594,1.7159943953581789,14.070247493474122,23.475232095773062,0.8407846689026095,0.6884938718585931,YELLOW,RIGHT,1,vehicle
1.6554609515130376,0.6436724744401693,0.0,61.90903813498248,0.6578950009445647,0.5006958008944951,GREEN,STRAIGHT,1,static_obstacle
0.6760457848672665,1.7739872955064897,6.713112256115551,41.889261560255086,0.7920812716831424,0.7877789282681427,GREEN,STRAIGHT,1,vehicle
0.05,1.0118385338523317,4.904359927328637,92.64562384776933,0.4662671653446838,0.34270777531653707,RED,RIGHT,1,pedestrian
0.8594001382959022,1.6710592143126604,7.917513331880737,39.344996648044436,0.7993805780077587,0.6275268747479544,GREEN,STRAIGHT,1,vehicle
1.427354950159215,0.9429893145683879,0.0,71.4898293086763,0.64777517406362,0.4723497415707499,GREEN,STRAIGHT,1,cow
1.2928203724067466,1.269386378587811,0.0,91.12785707392796,0.587988970232612,0.3333633001566533,YELLOW,STRAIGHT,1,cow
0.30804897992804453,0.22479665153205874,0.06555339428466955,31.159963543943952,0.866855388964378,0.29763461369113187,RED,STRAIGHT,1,pedestrian
0.9722868213589888,1.9301057236779797,14.625187194660374,55.93953544422727,0.7291252400271617,0.7175554008695831,GREEN,EXIT,1,vehicle
1.0278722733425836,2.5841987905250328,9.958886163133135,12.575339290418345,0.7865524214000926,0.9220622221353711,GREEN,STRAIGHT,1,vehicle
0.5226177042362534,1.2279104063632231,1.0376066627333256,41.24311576087675,0.7693622020211418,0.6762033528370783,GREEN,STRAIGHT,1,cow
0.7900760391354327,1.4910165915445959,1.7700723262557674,69.41696351004205,0.7280585844920308,0.3354605792679279,GREEN,STRAIGHT,1,pedestrian
0.34021850033501755,0.1,0.563435670572908,22.538217399566065,0.8622249269527846,0.30466742349001885,YELLOW,STRAIGHT,1,pedestrian
1.2186036543765406,1.7393024570080815,4.824346719719905,78.79253174408196,0.6078308711994467,0.4306178688621658,RED,RIGHT,1,auto_rickshaw
1.1585530231583825,2.493140645643427,11.423441336341083,79.01979121840341,0.6600462744576692,0.6494804670041016,RED,RIGHT,1,vehicle
1.448376568045843,0.783796989992106,0.6678432397881202,35.76519128849023,0.8591956854151795,0.5942578681730553,GREEN,STRAIGHT,1,cow
0.9698877883496624,2.3506899330466724,13.082239206960693,12.642830512089274,0.8104149275323482,0.8421185397029705,GREEN,RIGHT,1,vehicle
0.28165575662910125,1.0915192116613446,4.595551598509472,93.92072385631637,0.5297774787942223,0.05,GREEN,STRAIGHT,1,pedestrian
0.754584312865735,2.206359313746776,12.401112259934632,58.48282104799269,0.761470993876404,0.8732240840029737,YELLOW,LEFT,1,vehicle
0.7818071133192518,1.7310927337089002,0.09223295887813812,10.50022185155099,0.8848516901516877,0.7420656550111138,YELLOW,STRAIGHT,1,cow
0.8708935789712636,0.7379996899126451,8.380648271912666,19.312261768978388,0.8769755830346162,0.4493126398281604,RED,STRAIGHT,1,auto_rickshaw
0.45057474291357336,1.2230117326064456,6.551320903143548,36.26003891579571,0.724824039596229,0.6727850320321346,GREEN,LEFT,1,auto_rickshaw
1.0555903438382834,1.6602792110583455,16.69047846724956,34.41381189801883,0.7185574873086247,0.7601054742927565,RED,LEFT,1,vehicle
0.9357974146919147,1.6575493633302818,0.0,68.82414491313179,0.6937206443058418,0.5733569025920601,GREEN,STRAIGHT,1,cow
0.9522039687724999,2.2846561465537625,13.264489449148039,29.68523386026187,0.7921981438068091,0.8046429909014995,GREEN,STRAIGHT,1,vehicle
1.1837490169392804,1.64293763810841,16.878917157463267,59.9325592389716,0.7296722474817591,0.8438081578620392,YELLOW,LEFT,1,vehicle
0.33448138381132503,0.11312798423638687,7.425059024305581,56.732470238505265,0.6952620161798958,0.6613486167754179,GREEN,EXIT,1,motorcycle
0.05,0.9879315709694273,2.3049610585854197,45.708275728712984,0.6253105177294596,0.2857950197043834,GREEN,STRAIGHT,1,pedestrian
0.3146176431213529,0.3833144468462804,1.794300207012899,13.72029450477513,0.8984212330206125,0.4273133930073551,YELLOW,STRAIGHT,1,pedestrian
1.2934126428786068,1.6120753091806184,17.33603712271836,39.33749251942801,0.6813405578066024,0.9152453001273487,RED,STRAIGHT,1,vehicle
0.1399457909775178,0.3934990690329523,1.5126197275342255,21.272957153387175,0.6865024503680763,0.24073313713178976,GREEN,EXIT,1,pedestrian
1.3646852042124495,3.198588231014719,5.713200753046686,50.2384401160054,0.6986921393880948,0.6826250287467392,YELLOW,EXIT,1,vehicle
0.42833314894242147,0.8507481864356577,0.12479809765185235,8.256631777963262,0.788694935732022,0.5644342174820698,GREEN,STRAIGHT,1,static_obstacle
1.2880591244377766,1.74174740140377,12.906467684071854,68.61599216861885,0.6289966110363344,0.8445214666472921,GREEN,LEFT,1,vehicle
0.28647129423154494,0.5264170118419715,3.4847698316851345,72.6545337330635,0.6730955532363828,0.4385902481334128,GREEN,EXIT,1,motorcycle
0.5620886182525876,0.9826190526645289,5.955893986126153,41.61220507709428,0.7756476319998493,0.6141429405092111,GREEN,STRAIGHT,1,auto_rickshaw
1.3547932573836783,1.9912625655862244,9.669939169645756,34.71629208375918,0.6566161669135409,0.8186965385711095,GREEN,STRAIGHT,1,vehicle
1.746123108624309,0.8611727772370632,13.178058970875536,71.11598363890099,0.6749633223159552,0.7317423639600659,GREEN,STRAIGHT,1,vehicle
0.8961137110258718,2.027013535262174,1.8799668567609904,68.08360726844887,0.5984224488285594,0.60412662599094,GREEN,LEFT,1,vehicle
1.1394387725607988,1.3915205556214603,0.0,91.06444407269186,0.5980604302644387,0.38958266192367863,GREEN,STRAIGHT,1,static_obstacle
0.7370173203745898,2.841695810032759,10.297747442485505,81.13096813653726,0.7003278764092642,0.7559663182799418,GREEN,STRAIGHT,1,vehicle
1.0438345806104345,0.995185429066224,0.0,11.382212586206093,0.8424705337879143,0.5265180712873069,GREEN,LEFT,1,static_obstacle
1.17697999524624,2.6659689909061624,11.154058430841964,50.19440502405334,0.657447277907157,0.8766163680259632,RED,LEFT,1,vehicle
1.6662105168983932,1.1855644517616108,0.7784286856634902,41.029266499500956,0.6985784559057912,0.6504070030945078,GREEN,STRAIGHT,1,static_obstacle
1.0585969929972052,2.0142221873346275,12.308845107700238,39.1770081094061,0.7902455122846181,0.8619940577659198,YELLOW,STRAIGHT,1,vehicle
1.1319059146454757,1.6629233798018075,11.41165961063256,49.334871096754405,0.7242285369767733,0.8105355002226724,GREEN,STRAIGHT,1,vehicle
0.4387272142503643,0.9166355422931696,8.300747989459873,47.392617569393906,0.8006716211013124,0.6838091496881713,YELLOW,STRAIGHT,1,motorcycle
1.4774827361532499,2.380970931748802,2.218604209007113,66.21792111355136,0.5953043389310719,0.624918449777869,GREEN,LEFT,1,cow
0.1229097621229447,0.7650914161148161,0.0,51.50087533448078,0.7155416490399296,0.3113372239670843,YELLOW,STRAIGHT,1,pedestrian
0.1962382572983019,0.6915995260371852,10.026481050280736,73.6856947048765,0.7160872432632592,0.6447157255842256,GREEN,LEFT,1,auto_rickshaw
0.05,1.0587812730084483,6.895563815426746,78.60866572314252,0.6298487829067645,0.36184542441933326,GREEN,STRAIGHT,1,cyclist
0.05,0.4114350852416646,12.97590463726531,61.42530697175795,0.7354797057345844,0.46460783372995185,RED,STRAIGHT,1,motorcycle
0.1567763620784397,1.2012942555572494,8.149126889670919,42.24638701149503,0.7754559678563733,0.4437784867564441,GREEN,STRAIGHT,1,auto_rickshaw
0.6575800554956999,2.010292808981137,15.546327483661551,36.482787381847494,0.7614802986846719,0.8167163187197869,RED,STRAIGHT,1,vehicle
0.05,1.1665781216941704,4.565606253526212,78.1119539690359,0.6712153023057073,0.28941687719735265,GREEN,STRAIGHT,1,pedestrian
1.486306240121004,1.6128233022888736,23.969706658784272,85.23950444715837,0.49583446156152056,0.7686084568188271,YELLOW,STRAIGHT,1,vehicle
1.0888168836353018,1.1976563578442438,5.740383374334658,60.65180410807,0.7156329313684723,0.48424432753216157,GREEN,EXIT,1,cyclist
0.9093966215981351,0.8819500179261971,0.0,72.74045737533149,0.728193541808717,0.4608531939576913,YELLOW,STRAIGHT,1,static_obstacle
0.8485798215057887,2.3896439549241504,7.813998876885006,63.808941875236606,0.6208695384580903,0.9420478465738488,GREEN,LEFT,1,vehicle
0.05,0.7042367151236609,2.3594620622831672,70.06999636343741,0.6712659895960822,0.23832391674399078,GREEN,STRAIGHT,1,pedestrian
0.707381804486098,1.6109106668055986,3.5336193226611536,41.741115873976085,0.840646820508464,0.6652953477937681,RED,STRAIGHT,1,auto_rickshaw
0.16252554844847727,0.5056421715399015,13.11291414707885,46.467332149493465,0.2963187910830066,0.6286537545143727,GREEN,RIGHT,1,unknown
0.17012872062154452,0.32094855786609805,7.227437196172582,83.92289062192741,0.6578693113446842,0.5108479153289034,GREEN,STRAIGHT,1,cyclist
1.9284633497743633,2.6805910359921405,7.861037933242213,72.8923328920513,0.6802086028404047,0.6648567164446808,RED,STRAIGHT,1,vehicle
1.0633755985146878,1.8209895882819296,6.458462086421977,37.742189758910136,0.8599127693093137,0.773389344069711,GREEN,STRAIGHT,1,vehicle
0.05,0.1,1.0763600637108037,58.95155082079912,0.5994915983065224,0.4998314469377315,GREEN,RIGHT,1,pedestrian
0.6220063455266993,0.1,10.111053109235193,35.80038007743799,0.7832403495338944,0.47663696540304046,GREEN,STRAIGHT,1,motorcycle
0.39238069663709396,0.31654438769717386,1.154577642825749,15.86196210616164,0.8754094831200355,0.4450236675690952,GREEN,LEFT,1,pedestrian
1.3596205491990339,0.6998042626221825,1.8560442430924635,65.50272500667921,0.7445761211488693,0.44341542214024054,GREEN,LEFT,1,static_obstacle
0.05,1.4885362066308587,6.883353546367799,90.9299797182694,0.5936385628283681,0.6210415540418922,YELLOW,LEFT,1,vehicle
0.05,1.5646459736312122,0.12055002747933516,86.10181153575546,0.44718271643257623,0.48710798896852153,GREEN,STRAIGHT,1,static_obstacle
0.6604564680343827,1.3328273430178759,0.14568926030554047,43.457543891104095,0.7573905003781275,0.5987090534474468,YELLOW,STRAIGHT,1,cow
0.5506073194596572,1.1174601306518483,2.2793879503461283,37.58502651552423,0.7988004127362661,0.23061736590088977,GREEN,EXIT,1,auto_rickshaw
1.8331184947247685,1.6020989307397087,13.694609105737067,79.0325358945289,0.7016852006650803,0.8656570924993805,GREEN,STRAIGHT,1,vehicle
0.33221122064662995,0.29518958671431106,0.9495844266420513,8.613299302586633,0.9098503876500833,0.2467877989476365,GREEN,RIGHT,1,pedestrian
0.05,0.1,0.8350210523420489,89.54884643898168,0.6701007966775135,0.20403320362382396,RED,LEFT,1,pedestrian
0.9754874921272145,1.62452946877114,11.603325347073842,73.95587595229202,0.5919110951793419,0.39509375489389925,RED,STRAIGHT,1,motorcycle
0.23819072357304238,0.33046479263632067,7.9641915992028895,36.19793719764759,0.7202380869116816,0.45041508808610936,GREEN,STRAIGHT,1,motorcycle
1.1311672873842642,0.6811478213072127,0.9728053333498495,38.97479382237703,0.6963761234547181,0.6197001826325348,RED,RIGHT,1,static_obstacle
1.0077130285015168,0.7437838714187526,0.3242058707229778,44.45683991233427,0.7447855169178809,0.48339041075261485,YELLOW,LEFT,1,static_obstacle
0.6236895333106343,1.295079032930658,0.0,30.69119482584357,0.8886255455100203,0.6320487841153899,GREEN,RIGHT,1,cow
1.0342719245005776,2.1029828155301096,22.204366650534112,14.469662672764185,0.9137035718496416,0.8851073722279573,GREEN,STRAIGHT,1,vehicle
0.17865194650481833,0.5362317634010589,8.01617739350445,56.54779333233463,0.862926029976662,0.4898625356047651,RED,STRAIGHT,1,motorcycle
1.3817123014850319,2.0326194503861617,13.903141066591296,27.876116681923698,0.8736824388587532,0.9182874133010149,YELLOW,LEFT,1,vehicle
1.4592041916093117,2.100708609337628,5.245235532604654,6.553488694751608,0.99,0.7907892577375424,GREEN,STRAIGHT,1,vehicle
0.34834930087546767,0.7021642556332698,3.2266590573429617,30.725433019753588,0.7905347531677271,0.33462213080294423,YELLOW,STRAIGHT,1,cyclist
0.13335027847925343,0.14909277976467158,1.9771603451395594,19.13752828660187,0.8701828547184808,0.3011303762469745,GREEN,STRAIGHT,1,pedestrian
1.1141117024334295,1.62401462720029,10.908102935372732,89.52863153585157,0.4892884594171387,0.7859346243359011,GREEN,LEFT,1,vehicle
0.7339021507322977,1.333558230390795,0.12234400092165919,37.98654831991583,0.7445139640976771,0.4945116182571401,GREEN,STRAIGHT,1,cow
0.05,0.825973678852826,2.85507427712541,74.68400697689424,0.7852124170195527,0.34375681999493096,GREEN,STRAIGHT,1,pedestrian
0.4469654859064771,1.256379555631266,0.0,22.7331577821167,0.7262900165122893,0.44971955021672205,GREEN,STRAIGHT,1,static_obstacle
1.1335724616675338,2.1912444889137204,13.322188831044446,30.562580138250404,0.8457249324117707,0.735485919621187,GREEN,STRAIGHT,1,vehicle
1.213633233233019,1.7164829271841917,15.011354319542976,6.497551778175525,0.7916928652812347,0.8261042888623709,RED,STRAIGHT,1,vehicle
1.182379516798513,2.1782270260944845,17.39248181605587,55.566921549145874,0.7451479310056115,0.9082944032378941,GREEN,STRAIGHT,1,vehicle
1.9963108912763687,2.397018252322298,9.7401336762573,23.58931727920063,0.7578550238411698,0.8418032357159706,GREEN,STRAIGHT,1,vehicle
0.8090624524090653,1.9428357827181053,2.0721786980682815,70.94661929022132,0.7277626048806211,0.5108035645633732,GREEN,STRAIGHT,1,cow
2.118071560988585,1.9567592991135234,5.3713824020507,94.0384565158289,0.6878223194005066,0.796329609600544,GREEN,STRAIGHT,1,vehicle
0.5359856261769893,0.28927014672650164,0.3518139557483495,29.004483755058892,0.7173059949819369,0.5262677602591398,GREEN,STRAIGHT,1,static_obstacle
0.4636785548100413,0.7631308362522085,4.872200589311651,8.31100250469477,0.8194289954107343,0.5156316360097549,RED,STRAIGHT,1,cyclist
2.033950254406938,0.8613365987738373,0.5542721785797647,69.58927455239365,0.6205253957624491,0.5051876128525563,GREEN,LEFT,1,cow
0.46577240772375855,0.47277910271115237,10.080330848532101,15.522221495803226,0.857056312083636,0.4875052977801517,GREEN,LEFT,1,motorcycle
1.5891964539371077,1.7548271557444706,2.3234611632337727,67.40832218896367,0.684635681304507,0.4300785298748505,YELLOW,LEFT,1,cow
1.1688738890175365,1.8330323592082811,8.295642306650125,18.95842456439021,0.8955820998017997,0.9169443035833375,RED,LEFT,1,vehicle
0.7306885681035753,0.1,3.911151972334896,94.35728976661667,0.5329011442873711,0.2090073574222582,GREEN,LEFT,1,pedestrian
1.8645134124682152,1.4704324946832137,18.101956663075743,72.96060103748755,0.6415680531412538,0.7097301540231995,RED,STRAIGHT,1,vehicle
1.4245781950045853,1.7452258236515357,0.0,62.47628591921831,0.6605389549258476,0.3752373621380102,GREEN,STRAIGHT,1,static_obstacle
0.42943810535755844,0.5427067793707878,0.0,36.41872878446738,0.7202327184386933,0.34779018301555537,GREEN,STRAIGHT,1,pedestrian
0.05,0.30081107163564935,2.396411220637311,92.82104027097033,0.5717579846431987,0.42028919599999714,YELLOW,RIGHT,1,cyclist
0.764407285058139,1.0114573978427708,0.16322252861335282,18.218468824988665,0.7733932426948317,0.5779052492215302,GREEN,STRAIGHT,1,static_obstacle
0.8553874004704294,2.1881704225799132,12.680545960400497,52.47733313071387,0.6723584413702772,0.720051842360747,YELLOW,STRAIGHT,1,vehicle
0.5799101339828405,1.2589522262316502,1.3083958486601663,6.721371556135733,0.8915102900481874,0.6143581853763785,RED,LEFT,1,auto_rickshaw
0.2056697814525807,0.1,2.4543022267499035,18.381595312102704,0.7934599964296204,0.6071391280935263,RED,STRAIGHT,1,pedestrian
0.20118607682103093,0.3604044863742133,3.3966233825118515,29.662222463463724,0.7536011483306244,0.4152429074204311,GREEN,LEFT,1,pedestrian
1.0596744360471,2.611896178829055,0.255188937742538,58.64886749030862,0.6333954926333552,0.24735394565627372,RED,EXIT,1,cow
0.4293405676432327,0.8104789800241045,9.544584685907829,85.58726522603178,0.6094745672728493,0.5448753184889396,GREEN,STRAIGHT,1,cyclist
0.7837027972686635,1.748544112365923,0.0,14.704130646675232,0.9240219500118472,0.6079362742510934,YELLOW,LEFT,1,cow
1.3369424815149002,2.470672434857408,14.844254922570999,12.961016661698286,0.8656494277552003,0.8749653125618447,GREEN,STRAIGHT,1,vehicle
1.9197325525878979,0.9414373258245031,9.798896303785067,70.90162251853002,0.6612653576393028,0.8276967218517165,GREEN,RIGHT,1,vehicle
0.29705090493831177,1.2683844109132087,6.325278592824888,68.71028276281399,0.6390706007017503,0.3925267354132687,GREEN,STRAIGHT,1,auto_rickshaw
0.39958396331983403,0.7063762574424437,3.230455527350436,44.99465239742504,0.8036360108487192,0.5186129377092394,GREEN,STRAIGHT,1,auto_rickshaw
0.5940786791875622,1.3594290695086872,0.0,59.71614654290406,0.7103417553781323,0.4135443706928482,GREEN,STRAIGHT,1,cow
1.6610846905019943,2.256840976825258,12.41620200505624,20.66577236665776,0.8364376660188966,0.7066916669856806,RED,STRAIGHT,1,vehicle
0.20571324252531117,1.7007468155241166,4.603926745410191,68.84624927473982,0.6333844772025653,0.4670774485378832,YELLOW,LEFT,1,static_obstacle
1.5614800929132087,2.339405167664332,9.955245284144441,15.392279766009914,0.933074218123779,0.8921913396622556,RED,STRAIGHT,1,vehicle
0.06756321801178142,0.1,1.2654266629854407,81.76163789528734,0.5160533778830318,0.26250299720052245,RED,LEFT,1,pedestrian
0.46580845413195293,0.1,11.581903604730027,83.72538546990874,0.6105318239217182,0.4969591270571105,GREEN,STRAIGHT,1,motorcycle
0.4900572617071792,0.28221101381964003,0.8074609609748663,31.546617454737717,0.7957033921399312,0.3416873744288703,YELLOW,STRAIGHT,1,pedestrian
0.24529587709159428,0.8153840321938308,7.78602311083817,19.28324411225028,0.7512887598206686,0.5273103896731572,YELLOW,RIGHT,1,motorcycle
1.4149248904428813,1.3155939074655718,11.839397636693846,36.91643849988067,0.75540810508653,0.7489162623610226,YELLOW,LEFT,1,vehicle
1.237170213593511,1.581483260643067,10.347226524243162,15.78005418952049,0.8589394146485669,0.9529805472991646,GREEN,STRAIGHT,1,vehicle
0.06260823968931739,0.800478385669431,4.651070862252598,92.47151143865035,0.44288477414961946,0.4104407827257021,GREEN,STRAIGHT,1,cyclist
0.2361279838545502,0.561351987681131,11.85280835342821,15.067395171169021,0.8453885252434266,0.6050527248973965,GREEN,LEFT,1,motorcycle
0.641143324383685,1.9561048867216932,0.29739625143290793,16.09217025615606,0.8653998962742975,0.6046366480651562,GREEN,STRAIGHT,1,cow
0.29113532252388785,1.3107573976568645,5.66666601409887,45.49062703892841,0.7840320471127324,0.37308622880298986,YELLOW,STRAIGHT,1,auto_rickshaw
0.6918060724498033,1.3864475292039906,0.0,7.574912923931167,0.9143286811594795,0.3926295458019815,RED,RIGHT,1,cow
0.9137826926900455,1.2261245012294097,0.2024868523607739,5.690371936080988,0.8333152588691595,0.5875312467772061,GREEN,EXIT,1,cow
0.9092560767904407,1.9827490984655016,2.8804376710875594,62.42508124543539,0.7008213054956193,0.23281873240057305,GREEN,STRAIGHT,1,auto_rickshaw
1.1331081130162937,1.518337917108885,14.807550082077,9.963601172505216,0.9306557459327137,0.8192989224692462,YELLOW,STRAIGHT,1,vehicle
0.05,0.7385375912364034,7.556915408930249,52.80373093716978,0.8268437972033446,0.5736500474003401,RED,STRAIGHT,1,cyclist
1.5596903533662763,1.6500858791102262,8.428953290521248,35.31734439584782,0.597495082622069,0.7554159359060858,GREEN,STRAIGHT,1,vehicle
0.512443886105771,1.5791429742489413,0.0,63.302791821972015,0.5213822291268008,0.5469327960128904,YELLOW,LEFT,1,unknown
0.42339345965759284,0.39216166747441433,10.1774058924887,14.41578654943961,0.8785402753066214,0.5903678057633476,GREEN,STRAIGHT,1,motorcycle
0.05,1.2123102244408934,2.110282017069988,84.64221114907942,0.6564991223908809,0.34253243253923865,GREEN,STRAIGHT,1,pedestrian
0.7413888394431388,1.4481205964073895,0.4096871288602312,9.279284799304715,0.8292871305080216,0.4642931174042919,YELLOW,STRAIGHT,1,cow
0.17375430061693062,0.8809027663724578,7.706047929675841,71.46948869330986,0.7164930081764501,0.4740972793721387,GREEN,STRAIGHT,1,motorcycle
1.3152106208718837,2.7410155022238465,10.781522380490633,59.87403403176804,0.7523819898269452,0.766885307494262,YELLOW,STRAIGHT,1,vehicle
0.0952139271100519,1.1304441565300114,0.6320239251379138,53.30467646655963,0.6861015563639958,0.5213180311573338,YELLOW,LEFT,1,static_obstacle
0.20966181636714254,1.014249523531286,6.684833277136101,64.9636723572608,0.7105676332254892,0.6701352485069118,RED,STRAIGHT,1,motorcycle
0.228314253303179,0.42697672436965495,1.6103469656443719,10.499266083794321,0.9275271805087161,0.1947931920715325,GREEN,STRAIGHT,1,pedestrian
1.3445052174559118,1.9170468729056518,2.2212575146494626,85.2823012126976,0.5497317048945713,0.4142700303711844,YELLOW,STRAIGHT,1,cow
1.1349291669653565,1.6100773810623188,10.131814094220355,47.09986384874313,0.7496710298514152,0.8717725192412907,GREEN,STRAIGHT,1,vehicle
0.05,0.6066312167987374,3.5853716645448444,90.57569308062003,0.48626570075226194,0.47990504139299006,GREEN,RIGHT,1,motorcycle
1.445524173480252,2.253399115788773,7.624501963078847,17.379523174365342,0.6754106326943752,0.6122754278171525,GREEN,LEFT,1,unknown
0.05,0.9774515608351794,11.857428566688075,77.9557879651423,0.6423647213905018,0.48474245344491346,RED,STRAIGHT,1,motorcycle
0.5914616391759795,0.3757886565684584,6.197483926243425,32.83768989367679,0.8303114079019028,0.5187588663836564,GREEN,STRAIGHT,1,cyclist
0.8994977415873875,1.4824792508274423,5.6527217424091845,43.895052965658735,0.7827563257705246,0.5082456862791912,GREEN,STRAIGHT,1,auto_rickshaw
0.8469930434146036,1.0484939061436054,3.946083840404085,31.353156959430596,0.7635860970860009,0.4717394325000447,RED,STRAIGHT,1,auto_rickshaw
1.4331072354028054,2.157084253057102,10.625003440963175,65.35452287492109,0.7501372166569107,0.756680712594342,YELLOW,EXIT,1,vehicle
0.3109096762222848,1.600438733743716,12.467322351142073,78.74328361409228,0.6648992305645639,0.5450541052860144,GREEN,STRAIGHT,1,auto_rickshaw
0.28792146510647243,1.311053604967847,0.69687056540524,68.15792950326485,0.7461196028303964,0.33098213704043955,GREEN,STRAIGHT,1,pedestrian
0.38979796507044545,1.3317749196800082,0.0,58.10112214463263,0.7006497007135083,0.3158550937722634,GREEN,STRAIGHT,1,static_obstacle
1.3486057642354659,1.567965819121663,12.606064149101728,13.721759121002997,0.7938783277596402,0.99,GREEN,STRAIGHT,1,vehicle
0.19752522783888227,0.33069341625708565,2.2287225088260767,32.581195821540554,0.7907209514478478,0.4484017351243995,GREEN,STRAIGHT,1,pedestrian
0.05,0.49888955999513074,1.293416559397965,62.846019074327394,0.6972887702272553,0.23500277226347047,GREEN,RIGHT,1,pedestrian
0.5982728077796626,1.8783975475664487,0.0,54.677677574460176,0.754560136203258,0.5079416256466623,RED,STRAIGHT,1,cow
0.997674194988353,3.3195668525197988,12.304716272459833,72.10111565618159,0.7445776648641953,0.6664947184967849,RED,STRAIGHT,1,vehicle
0.7939475889229638,1.0846801296640893,0.0,24.210439902014834,0.8375598644788597,0.38839206188267217,GREEN,STRAIGHT,1,cow
0.050782702615217,0.1,4.209224348697159,66.09776801769623,0.6817741247157235,0.4045483682809136,RED,STRAIGHT,1,pedestrian
0.7219202243505494,2.399346404141385,15.559526048997625,81.89864481035573,0.6473962960711659,0.772048407002074,GREEN,STRAIGHT,1,vehicle
0.273135928677293,0.47346723331678364,4.246724919377764,16.527065808639133,0.9324334855068218,0.6573191468125629,RED,STRAIGHT,1,cyclist
0.8852602272565885,0.1,9.722778413294533,94.01353175802161,0.5979005092941391,0.5714957410743015,GREEN,LEFT,1,auto_rickshaw
1.6016215775711176,1.2960687276556209,13.40242610036638,70.89958040475751,0.6563389018084048,0.6969614607183535,GREEN,RIGHT,1,vehicle
0.7931001881777304,1.5231308181306993,0.947335836889773,80.70927309599477,0.6479128843635784,0.4463788999898836,GREEN,LEFT,1,static_obstacle
0.05,1.0600835887546916,5.063612571450616,66.7922835219159,0.6832874088844074,0.34241330999463737,GREEN,STRAIGHT,1,motorcycle
0.9464847481375853,1.0000479415245416,0.0,37.69995431053926,0.7826417888602228,0.5835494923156883,RED,STRAIGHT,1,static_obstacle
1.2339398528546957,1.9396220393345436,14.484622087144437,33.51246198490917,0.7624584993373087,0.9119570463814054,GREEN,EXIT,1,vehicle
0.19892333674063145,0.7385144790849373,2.018454727795334,28.849351209848688,0.8439002134071689,0.387271525869879,RED,STRAIGHT,1,pedestrian
0.05,0.1,12.994789384244953,61.541638334803636,0.6843303451267994,0.6977213280847475,GREEN,RIGHT,1,motorcycle
1.1228689877566078,1.2854638435482941,2.282835544699835,94.06069536462257,0.6293180012257896,0.43511321258932867,GREEN,STRAIGHT,1,pedestrian
0.8900483051225991,0.29801944528851865,14.1603136050538,54.119943790244385,0.7491552013067024,0.6034392933103108,RED,LEFT,1,motorcycle
0.2932723140739282,0.1,1.881109708150432,78.35243938257695,0.6541851940212751,0.47459315552368436,GREEN,LEFT,1,cyclist
0.05,0.5526511011570339,9.333100324334582,29.469582073659712,0.8687007477478585,0.4572894483654747,GREEN,STRAIGHT,1,motorcycle
0.6935986151146082,0.6864760004005102,6.848052606586088,84.30914592189623,0.5854668909160003,0.4813220568179773,YELLOW,LEFT,1,auto_rickshaw
0.09666497704251167,1.1244144880442335,5.779776475815249,46.337403109216,0.5439777052719506,0.43260301055951944,GREEN,STRAIGHT,1,unknown
1.5390561809881216,2.3591868644246428,13.593166196933094,37.92845328340781,0.8606846919889345,0.7468457500165222,GREEN,LEFT,1,vehicle
1.2737208111610778,2.2282002234706635,1.7120370868995078,80.06062217660472,0.6217126419112,0.3114589345556744,YELLOW,LEFT,1,cow
1.0104407300807638,2.090352587671964,12.461920046957092,44.518515941468785,0.8405718199664945,0.9099929228270149,GREEN,LEFT,1,vehicle
0.05,0.5335907934616855,5.846766159780771,61.46736001432657,0.7655210166592152,0.48183256943357644,GREEN,LEFT,1,cyclist
0.49046233260889593,1.4723369715218704,0.4514074543659991,35.23291534615157,0.7890722308305785,0.5992272328039726,GREEN,STRAIGHT,1,static_obstacle
0.15188996211436778,0.33382553740240584,11.228383036349996,60.008607667237406,0.7410886117581192,0.6331932775790108,RED,LEFT,1,motorcycle
1.5840532607810287,0.5951706762734393,14.874012332420529,38.886767662683646,0.5602767383584863,0.36747868205421363,YELLOW,STRAIGHT,1,unknown
1.2947649231951648,1.3444765881257414,0.0,66.07417307429004,0.6405837190048604,0.4308296677315906,GREEN,STRAIGHT,1,cow
1.2926542183082423,1.6857259926539583,12.575581890348204,73.3633594464177,0.7504703410787541,0.6596488401977916,YELLOW,STRAIGHT,1,vehicle
1.5111246938457803,2.1453873588722043,10.091481500372348,90.82994513858759,0.6704217380765729,0.5364434419520112,RED,STRAIGHT,1,vehicle
1.361133215541167,1.4454267843511248,2.3233715932371357,66.35286454241434,0.7583892952330596,0.5258023484715844,GREEN,STRAIGHT,1,cow
1.2901788026724137,2.086126222518612,14.765167375494345,35.47376188289175,0.8565124750945742,0.8271525895065689,GREEN,STRAIGHT,1,vehicle
0.25740510952800416,0.1,1.0519898439913133,78.65045020710232,0.6399027928331842,0.18220152391525085,GREEN,LEFT,1,pedestrian
1.0137061080433543,2.0948108864354724,15.571792263210467,9.948368806059314,0.9628461280961467,0.8970974548430709,RED,STRAIGHT,1,vehicle
1.2307089636289799,1.464291474707478,9.902533517728319,43.12201361031159,0.7291111216873741,0.7934077795943264,GREEN,STRAIGHT,1,vehicle
0.7929288505651606,2.1319376906429057,15.737506562389243,68.70786827024949,0.7208005130499537,0.9161029646462578,RED,STRAIGHT,1,vehicle
1.2879445098146722,2.3621446351346544,14.450414164596506,29.425161538968823,0.8536602234819644,0.7490216129727416,GREEN,LEFT,1,vehicle
0.27518148337674925,0.25592876567852907,0.7640442678121956,7.10133447048892,0.8658248680749941,0.27511184201169925,YELLOW,LEFT,1,pedestrian
0.209338697244294,0.22483134460786908,0.6727056790338659,24.82586242598325,0.8277619321054496,0.2834552533158349,RED,STRAIGHT,1,pedestrian
0.5719674617220144,1.971009413411733,7.769383068829513,57.92932686996774,0.5392543610819918,0.4795034387336226,GREEN,STRAIGHT,1,unknown
1.1669586099270504,2.34281446701747,20.384957781656723,15.470620091969558,0.8925023886008777,0.8538566611775842,GREEN,STRAIGHT,1,vehicle
0.3544408834481423,2.104409227803909,14.712611977618758,86.02809269815701,0.6406791804700082,0.858769057506042,GREEN,STRAIGHT,1,vehicle
1.021880672424122,0.9453195786389467,0.11912153453755069,40.610434292314665,0.815731649053788,0.655961301860132,GREEN,STRAIGHT,1,cow
1.4820102467032417,1.8796561998828976,6.926792936619454,46.5819605564217,0.7381291716400743,0.8879857810349858,RED,LEFT,1,vehicle
0.4163375052354079,0.1,10.314169376294274,73.95553303674629,0.6437855223532809,0.3566973197269153,RED,LEFT,1,motorcycle
0.30453778107268203,1.6055293908979311,7.0810156616628195,69.17353477327686,0.6020211347619875,0.3522393905330757,GREEN,STRAIGHT,1,auto_rickshaw
0.23554581519255155,0.4563084297656764,1.0170582162910584,6.359670102893395,0.83833606419166,0.5571494751725724,YELLOW,STRAIGHT,1,pedestrian
0.9615087488516858,2.2718268615818413,16.144464544253182,17.859914077304047,0.8308841813038783,0.9179928927191223,YELLOW,STRAIGHT,1,vehicle
0.05,0.3272829814912819,9.849104173663921,60.65062855519471,0.7131542580022497,0.5721823151909001,RED,STRAIGHT,1,motorcycle
1.0111612696632162,0.1,12.280244184253567,56.028904919541546,0.6476127265616575,0.36424686431663233,GREEN,STRAIGHT,1,motorcycle
0.6414683787655555,0.504482018864278,5.736204313696182,43.625482498315584,0.7901241472619525,0.5792042764427869,GREEN,RIGHT,1,cyclist
1.1067949368040064,1.430326352833262,0.11235603928949273,17.41559094215213,0.7578187512654028,0.3954592037867502,GREEN,STRAIGHT,1,static_obstacle
1.5703223489806584,1.8504830058571353,19.63500682316138,36.87175727129257,0.733958764611253,0.7692489515389496,GREEN,RIGHT,1,vehicle
0.22448187971598044,0.7896246397457175,14.835231341215401,18.754535995330308,0.6225539174178195,0.46107112099133457,YELLOW,STRAIGHT,1,unknown
1.465101622418919,1.7958263845487763,6.15855879181138,61.372898777863206,0.6437671639072506,0.6885929836917286,RED,STRAIGHT,1,vehicle
0.6849025908904468,0.1,8.025010743451075,88.05858570391015,0.6659903748715842,0.28670784553805184,GREEN,STRAIGHT,1,motorcycle
0.7428859198796416,1.4231580433538367,0.6684763731560718,27.380073755555536,0.9064913230371283,0.7360079159202869,GREEN,STRAIGHT,1,static_obstacle
1.0976215726585512,1.2402690226272468,0.0,46.98418643032245,0.8061974688786093,0.770921989277951,YELLOW,RIGHT,1,static_obstacle
0.7504395605869012,1.2311954784643215,7.609202247066074,63.16348501690124,0.6136287931336304,0.54134475470123,GREEN,STRAIGHT,1,cyclist
1.557497014011141,2.2226087850881098,13.196095192102874,9.884153365919316,0.8176156836152744,0.8691248174827747,GREEN,STRAIGHT,1,vehicle
1.302630509911172,2.164889511561971,14.816508391233455,37.78921446038615,0.7897979988650555,0.9222868666206869,RED,EXIT,1,vehicle
1.4122249193162393,1.8885146620314492,15.342735708669814,7.920155639815201,0.9588354566581566,0.7926741211844448,YELLOW,LEFT,1,vehicle
1.511417699978732,2.145296311340913,8.984926246510865,17.84127033330688,0.8753393062027606,0.99,YELLOW,STRAIGHT,1,vehicle
0.2493984101081293,0.6495273040621262,5.213381232290423,67.3369534489141,0.691738707091136,0.3157680354835056,GREEN,STRAIGHT,1,auto_rickshaw
0.7216283395796935,2.105532390839576,6.994205392395316,30.770549829931085,0.7370241532966147,0.7943100140933361,GREEN,LEFT,1,vehicle
0.17731239077503408,0.3088478863740858,1.2362156199821492,12.494379317726663,0.8944713881066523,0.37138389273463634,YELLOW,EXIT,1,pedestrian
0.8504922962213204,0.3259396256672525,10.07359581943747,75.5080071414895,0.6809955234705491,0.41848585573218794,GREEN,STRAIGHT,1,motorcycle
0.290895109039071,0.6039436216365719,11.449845766969641,12.9283565640698,0.8537273712316094,0.626941886927344,GREEN,STRAIGHT,1,motorcycle
0.14570042425737592,0.6671029744626226,8.739883728143836,53.0797188170168,0.7075233579975013,0.5622114774062158,GREEN,STRAIGHT,1,motorcycle
0.7663247680337739,2.44720300427645,7.328185457721234,81.69194476574476,0.20080941531621396,0.46734704584214426,RED,LEFT,1,unknown
1.7362091048203556,2.2718853725650474,16.180722582352008,30.797316756343463,0.6783491971347504,0.6196672749897087,RED,RIGHT,1,vehicle
1.4698763886087758,2.3555317885702243,9.918626645713278,16.387310868402018,0.8728735323615497,0.7942257111051884,GREEN,STRAIGHT,1,vehicle
1.084665713378704,0.6401546332468587,1.188880619256649,50.6784492582868,0.705670533439082,0.4707766243409676,GREEN,LEFT,1,cow
1.045556576496695,1.2917051763484708,2.990790144803016,88.21802413241727,0.5444551457529174,0.3614480273906425,GREEN,RIGHT,1,cow
0.6655777946341519,1.878793499227519,14.568178755588272,44.90560992500967,0.7761787686748362,0.8885355907708724,GREEN,STRAIGHT,1,vehicle
0.46484529384194617,1.3417006193303436,9.451030706484186,39.561352675446585,0.695988721972334,0.5983862358236709,RED,STRAIGHT,1,auto_rickshaw
1.0507538468221578,1.1990037981852109,5.170856737467645,84.65483777269691,0.6464579702949464,0.6899242665980126,GREEN,STRAIGHT,1,vehicle
1.895778789420345,1.156649000731605,8.2100271342219,63.11244815455262,0.6022370280310965,0.6389323524127967,GREEN,STRAIGHT,1,vehicle
1.1075083093363722,1.0689861517660062,6.152784491842387,77.38641173994027,0.5705820981373392,0.5119856725677803,GREEN,STRAIGHT,1,cyclist
0.874125919610047,1.1985135894271584,1.1034568978245078,71.41532074549883,0.6895010080116447,0.42203586496343115,GREEN,STRAIGHT,1,static_obstacle
0.6392255925902575,0.9047442478143308,2.0233527285372004,48.353493185960815,0.6932216012619229,0.5499386109250196,GREEN,STRAIGHT,1,static_obstacle
0.05,1.1133280626931186,0.49843108173697326,84.18156867441137,0.5015882143304895,0.20014082140570277,GREEN,RIGHT,1,pedestrian
0.32511265379193893,0.8036330443943211,9.67239295661805,38.14342144070724,0.713916312965708,0.6129607409411133,GREEN,STRAIGHT,1,motorcycle
1.1095777214737872,2.0014965262125326,10.956274964838952,9.548567312416402,0.8013962647943956,0.9244481996459679,GREEN,STRAIGHT,1,vehicle
0.05,0.3801898469698116,3.15025749866553,28.827701155958863,0.767381642219161,0.226164407699463,RED,STRAIGHT,1,pedestrian
0.3765869078703895,0.33845033805241287,12.284144569090294,19.592769100090585,0.763708886676076,0.6226917357582994,GREEN,STRAIGHT,1,motorcycle
0.9138788585510738,0.975799617252858,9.750636747030628,77.84996394907711,0.5750397422532643,0.44606792228553344,GREEN,STRAIGHT,1,motorcycle
0.8567896478817639,0.6754283965935439,4.568612606305807,37.54656134062364,0.8570386014923468,0.4947575884190659,YELLOW,STRAIGHT,1,auto_rickshaw
1.13250620499651,0.7555863791252527,5.522403670285827,40.348322109922336,0.7672428773671653,0.46150809996241393,GREEN,RIGHT,1,auto_rickshaw
0.6166293204860827,0.5602054573369152,0.0,58.11221810340968,0.628803284632401,0.5334424431112446,GREEN,EXIT,1,cow
1.0203238311757756,1.4424667350348805,0.0,7.65975118474567,0.9237850722760892,0.606287306855864,GREEN,LEFT,1,static_obstacle
0.574591753801305,0.3952140535685368,4.079364716043335,53.59829469029783,0.6780802914354928,0.06923764915374597,RED,LEFT,1,pedestrian
0.9570059603717402,0.49123129313173963,9.839193652608385,43.7503517581995,0.835149277869536,0.790038073236651,RED,LEFT,1,vehicle
0.5477627859259864,1.8973564946587147,6.293834001524349,20.701941585295074,0.8017705835163692,0.745050327730737,GREEN,STRAIGHT,1,vehicle
0.05,1.6165631227668371,10.066003130456968,80.56446433114769,0.5968859611397701,0.5529821574902327,YELLOW,STRAIGHT,1,vehicle
0.9037059117724693,1.399596972089702,0.0,36.575440834500874,0.7425696834861991,0.501577523866022,GREEN,LEFT,1,cow
0.08412936067854776,1.0041692636720425,11.842127122569762,66.71105421495605,0.6196430397679918,0.4549732868786217,RED,STRAIGHT,1,cyclist
0.41371139655094025,0.3047572476697101,1.7518996177964292,19.057683086044253,0.8494953947854775,0.529724115238805,GREEN,LEFT,1,pedestrian
1.398970456714413,2.0571976250273396,12.24764361402645,36.88161787704088,0.7166492753260203,0.9230094328294002,YELLOW,STRAIGHT,1,vehicle
1.1371122095245139,1.0560650302109373,0.0,64.43819853299169,0.8184620418265224,0.33743779839085397,RED,STRAIGHT,1,cow
0.17424692914329296,0.5507812044240313,1.9828298719210014,47.61472880632362,0.7860303676697659,0.2628449803540612,GREEN,LEFT,1,pedestrian
0.547254261617867,1.0191691432086016,6.731716391515177,59.21262887066476,0.6718660834878584,0.5163010245420816,GREEN,RIGHT,1,auto_rickshaw
0.7129259908186745,0.6300835118367706,3.2233026024316587,43.43142348117096,0.6791265070652637,0.5137737419434885,RED,STRAIGHT,1,cyclist
0.170936301326151,0.4271076124262992,3.7965710990535757,79.30221817211952,0.5671722268019219,0.4441356711043688,YELLOW,STRAIGHT,1,cyclist
1.0472440612688172,1.2206519055809484,0.0,18.03668992028841,0.7922831261760225,0.5236958624495593,GREEN,STRAIGHT,1,static_obstacle
0.3179421323673684,1.1432582001019649,5.1377477952935555,13.31612892776345,0.9061689967257355,0.66735062902806,GREEN,RIGHT,1,auto_rickshaw
1.5819025943463272,1.9292127347179104,7.679363977363685,87.32770021426549,0.5738748333611806,0.7810356656262994,RED,STRAIGHT,1,vehicle
0.8343866361935189,1.0333320232726317,0.0,23.92292923648333,0.8869726730284081,0.6815536894544305,GREEN,STRAIGHT,1,cow
0.09338760104556743,1.173071509909407,0.0,80.44695978825565,0.49436055541501767,0.4694362322649847,GREEN,STRAIGHT,1,static_obstacle
1.9517442661613202,2.291430209405773,12.407178050684735,88.54079612951371,0.5223161609393654,0.634305349441392,YELLOW,RIGHT,1,vehicle
0.5796032842116197,0.5614703756353974,11.576781579868689,22.230076253834454,0.812023551094001,0.5108943996668263,GREEN,STRAIGHT,1,motorcycle
0.7601236959080533,0.8170433397806165,5.965024846176574,35.77872247591864,0.8910667377655954,0.40880856512714153,GREEN,STRAIGHT,1,auto_rickshaw
0.7672980275948473,1.4056514565211904,0.39273531470204315,18.418079185584492,0.7976897644796761,0.4607903971010492,GREEN,RIGHT,1,cow
1.1000752924496466,0.9790255740005683,2.887805321267867,33.23278742629123,0.8457017205381926,0.5960421048478248,GREEN,LEFT,1,auto_rickshaw
0.05,0.867479916934373,6.9358448232930305,72.10525146586197,0.6435706028556911,0.45259610806319495,GREEN,STRAIGHT,1,auto_rickshaw
0.8216824724413829,1.7649697236651405,0.0,75.76645359575284,0.6173335395005782,0.89637551791107,YELLOW,LEFT,1,cow
0.3566308019381132,0.3878251024929026,0.9877027021919766,70.50123398236072,0.6810838225770762,0.4023171868256968,RED,RIGHT,1,auto_rickshaw
0.6088682259978252,1.43474665487239,0.0,49.93836332731204,0.7619735006021738,0.5090461020328508,RED,LEFT,1,cow
0.8862980777241521,1.1606113779313452,0.0,59.59600266286239,0.773292700633737,0.40876915879422804,RED,STRAIGHT,1,cow
1.1777418131832644,2.0619466617962927,1.7871131618021414,77.42262065358493,0.6445059606110036,0.5093655345926915,GREEN,STRAIGHT,1,static_obstacle
0.7465067664048628,1.4962454582724432,0.8499601113617163,46.29220838224629,0.6580476326000211,0.42668780623447033,GREEN,RIGHT,1,cow
0.6913772959419164,1.6799357633520726,13.90480086317553,46.066967761150025,0.7924708918314893,0.8211345263910076,YELLOW,LEFT,1,vehicle
0.17644708174844595,0.6376009819869208,14.821277659133628,38.46924541297321,0.7831089635155507,0.5471911790070966,GREEN,RIGHT,1,motorcycle
0.7199105202700724,0.29216654128520647,9.670679764541186,52.82737163672489,0.6819037812053276,0.5273700656600526,RED,LEFT,1,motorcycle
0.166474881607818,0.11586371241612042,2.2206997004656035,43.15545565467352,0.7295307047172043,0.21401724767648822,RED,EXIT,1,pedestrian
1.0134651411430216,0.9733024265516401,4.786863470075781,75.122353111784,0.6531426734411558,0.3808820620177568,YELLOW,STRAIGHT,1,auto_rickshaw
0.7573404387915091,0.5211239161885113,0.5230847212259215,90.3386355633918,0.6087991193323529,0.05,GREEN,STRAIGHT,1,pedestrian
1.183017705412658,2.704298378718533,7.336325721403221,79.03817124316696,0.656989784390908,0.6912850960640158,RED,RIGHT,1,vehicle
0.29177162299258563,2.253644980489617,0.32882024545174393,78.2524495909476,0.6672205827168685,0.31340175774169887,GREEN,LEFT,1,cow
0.5958112862511158,1.3300813707027548,16.794764291704574,69.55445202686023,0.6753214376885149,0.6880638633443954,RED,LEFT,1,vehicle
0.5776323467605216,1.4238172041496127,7.1417527583407505,50.070154184654136,0.627801424397094,0.5511744120206407,YELLOW,RIGHT,1,auto_rickshaw
0.4905037727975071,0.787934817848061,5.298356322384199,37.20996776531204,0.8863536340120108,0.3456799804482351,GREEN,STRAIGHT,1,auto_rickshaw
0.05,0.6914901833460674,5.270471626205368,59.16288279712826,0.6019384363167002,0.4540636896121678,GREEN,RIGHT,1,cyclist
0.40376004665053483,0.6728827770073679,0.6642345397185396,44.48403939954204,0.6476613894956259,0.44296879878321194,GREEN,EXIT,1,pedestrian
0.8448029549117266,2.696549266551742,9.951215472522227,56.74213257601103,0.7268409051605813,0.8596161593546636,GREEN,EXIT,1,vehicle
0.7013031963674534,0.1,0.0,68.83358844015501,0.7143308985216605,0.6130895685003884,GREEN,LEFT,1,static_obstacle
1.3920680089629687,2.3119884183121835,13.964357722073256,23.745702745781028,0.5404527209608205,0.5591360682428614,GREEN,STRAIGHT,1,unknown
1.099718951376105,0.9795616791895561,0.16736940631948974,11.247526273112387,0.8731865041209648,0.5163220657797849,GREEN,LEFT,1,static_obstacle
1.0400657747351272,2.0588018599235647,13.710899056795196,24.604212859577917,0.8562468701452902,0.99,GREEN,STRAIGHT,1,vehicle
0.8603890096899404,0.4453621512603159,0.0,39.74611401065532,0.6336800994648015,0.5151844052223461,GREEN,STRAIGHT,1,static_obstacle
0.3630607480258842,0.4079310120030545,6.016722223097939,23.01943973760516,0.8601770510206105,0.5049420299019208,GREEN,RIGHT,1,cyclist
0.7088003505625996,0.4467883021267266,8.644650984616273,75.64965560529981,0.6665979314414879,0.17032906640959045,GREEN,STRAIGHT,1,auto_rickshaw
0.4286073750303988,0.1,0.0,43.36877001238833,0.7796903172407449,0.37121233373528784,RED,STRAIGHT,1,pedestrian
0.8903712941466422,1.3007679016231783,0.6437252204592472,31.11804459559017,0.8649676427648927,0.3869469898716019,GREEN,STRAIGHT,1,cow
0.7689592734466719,0.8141279711145955,5.820090322356687,43.13087686560628,0.7773576694098727,0.5215955683649,GREEN,RIGHT,1,cyclist
0.36524609033819605,0.4579216447745159,11.728473002228359,41.349521019747904,0.7302695804317266,0.3531567917175503,GREEN,LEFT,1,motorcycle
1.1954612883536622,2.5843490414065102,20.006934744497414,10.050033066776617,0.819430518405424,0.922028836046307,GREEN,STRAIGHT,1,vehicle
1.34985488661414,1.1749803976694784,1.0027713219629006,73.61545152705766,0.5387239298496344,0.4971277411723789,GREEN,LEFT,1,static_obstacle
0.05,0.1,11.657891397068287,87.56658125322696,0.6560284915927844,0.3981702428751899,YELLOW,STRAIGHT,1,motorcycle
0.24760999971325073,0.5289163628053068,0.7310911731912575,50.05999762004469,0.5083027034278562,0.32484260732038345,YELLOW,STRAIGHT,1,pedestrian
0.41810124423570444,0.5441743258355891,12.71710704521377,7.617885673007692,0.9718085527331106,0.6001086336816999,RED,STRAIGHT,1,motorcycle
1.4799068408877214,0.6688364912479996,0.0,84.10596001628211,0.5945447474868918,0.4891113172801567,RED,STRAIGHT,1,cow
0.22908715080653705,0.3803006630869355,1.0624594483818366,6.750431824282815,0.99,0.4131035388075612,GREEN,RIGHT,1,pedestrian
0.7515432319798733,1.386072956191379,9.965977604753833,63.2191588987281,0.5899103713017366,0.9783168988334043,RED,LEFT,1,vehicle
0.5384276395155163,1.8216800145909229,0.5097019071469202,57.388633905428755,0.6754202267207505,0.42122392993544533,RED,STRAIGHT,1,cow
0.3633510855281405,0.3108420207485773,2.147970420363781,18.93889434147883,0.6730938586201954,0.40009285255403737,RED,STRAIGHT,1,pedestrian
0.5167016793240891,1.4476059094341798,1.0101177245484319,32.84843280793618,0.5793308736411962,0.40470333405230585,RED,LEFT,1,static_obstacle
1.0284801901012532,1.9803977508387365,18.66403071918451,29.317501354729476,0.9137933038202997,0.898320265977022,GREEN,RIGHT,1,vehicle
0.2541915057360076,1.4147843243954041,0.0,78.47720817165478,0.5589843447681081,0.2403293065611772,GREEN,STRAIGHT,1,static_obstacle
0.1900091538271032,0.1,1.6360449830642205,94.13210819530616,0.5299982649100092,0.23438741127255794,GREEN,EXIT,1,pedestrian
0.19192351106478628,0.7002302189092657,5.400181853294912,41.555278936151126,0.7166210429061811,0.6136323840431035,YELLOW,RIGHT,1,motorcycle
0.7818469768786559,0.5898225391561696,8.386260885567788,89.05090741735724,0.38088583370238965,0.40118850401162187,GREEN,STRAIGHT,1,unknown
0.05,0.49284820687776953,7.185684223510517,37.913047717556616,0.751845425929502,0.6576782259646392,RED,RIGHT,1,motorcycle
0.8326455507431908,1.517116529611561,0.26511900421122586,30.839736185960614,0.73168234070934,0.4255169853972124,RED,LEFT,1,cow
0.2366043375787339,0.6457653120696779,1.8311827901779856,61.264563023128844,0.7674694518048136,0.20321640620122539,RED,LEFT,1,pedestrian
0.45664739536692284,1.5534463552997222,0.0,65.98087031973886,0.6377181939097324,0.3920133054154271,GREEN,LEFT,1,cow
0.15826982831194467,0.24301343410720538,1.5326034653840694,43.1798829757467,0.8099667443650233,0.29345393930521213,RED,RIGHT,1,pedestrian
0.7367305063200833,0.1,1.2107756849691207,54.42153628724017,0.6549923276097748,0.19417684323663587,GREEN,RIGHT,1,pedestrian
1.1259568708869652,2.6302827722658355,3.7865176125438023,53.12357233517377,0.7587527857315619,0.5625394758358108,GREEN,LEFT,1,vehicle
0.29409795973319897,0.9124247151293443,7.615626562148234,90.0238301353231,0.6340423265778238,0.17830161229259264,GREEN,STRAIGHT,1,cyclist
1.151697639745685,0.6392249798144131,6.792539414778975,94.44222740310765,0.5641311268591152,0.38887051408969936,GREEN,STRAIGHT,1,auto_rickshaw
0.5642439338225753,2.5909320432329666,1.1210905989956559,92.3520789677911,0.511890054275727,0.5887483133632316,GREEN,STRAIGHT,1,cow
1.535255102936781,2.805723547688358,19.510395186417348,33.347498049565424,0.7217270596019446,0.802164512151553,GREEN,STRAIGHT,1,vehicle
1.4994299955828836,1.5857340632230854,15.231887815829227,58.27753335884525,0.6956408582014205,0.8617434204747781,GREEN,STRAIGHT,1,vehicle
0.8108720306094528,2.3690704638883924,13.410524426609308,48.33545838598689,0.462360915071015,0.4417886331065369,YELLOW,EXIT,1,unknown
2.0961492354352105,2.1702056498347213,8.816654052249664,76.7424956063353,0.7284900205852922,0.6554362304713526,RED,RIGHT,1,vehicle
0.4596507643186583,0.6945359631451122,4.112075219504653,6.799009905040123,0.8238560896736679,0.5002564644225926,GREEN,EXIT,1,cyclist
1.448950951861755,1.52117579986561,16.777410785252634,68.57241879538539,0.7613243813458462,0.8268303078200747,RED,EXIT,1,vehicle
0.5634612483720003,0.7161420656836889,5.3185195018604485,59.36094763303171,0.6882402904649403,0.5596525855893627,YELLOW,STRAIGHT,1,auto_rickshaw
0.9208031260206762,1.1743666812099267,3.36533165526534,71.50703592157777,0.7543334939500986,0.5371599455073341,YELLOW,STRAIGHT,1,cow
1.0578435773793662,1.8112734692798624,8.601654943232758,6.200424035106136,0.825407633622814,0.8766335121281311,GREEN,STRAIGHT,1,vehicle
0.4225590918977057,0.334126243022332,1.5480177178804388,20.77408579333319,0.7663114612616934,0.32011301212116916,GREEN,STRAIGHT,1,pedestrian
0.8887982981694251,1.359793129200792,0.0,69.42869752385377,0.6783764945255175,0.5636122453629155,GREEN,STRAIGHT,1,cow
1.016139358053791,1.0156883641999057,0.0,25.405831806569868,0.8321590888079553,0.5855004162203636,GREEN,STRAIGHT,1,cow
1.5374458267770392,2.3026287848273435,11.97303878449765,36.290900598305,0.7735939194466261,0.99,RED,STRAIGHT,1,vehicle
0.9897572225853446,0.8835328454042931,8.286873302312664,86.6616144365182,0.6511423201071459,0.507766073702414,GREEN,STRAIGHT,1,motorcycle
1.1951509856941014,1.722042243475952,16.93576166140061,58.46114308172756,0.6714470443640669,0.7440656448944056,GREEN,LEFT,1,vehicle
0.49114138887379166,2.550649399666598,16.09054125286726,77.89505082376125,0.7265188849989985,0.6611934861239447,GREEN,LEFT,1,vehicle
0.3087622904336044,0.3659124014179415,14.572021977487566,76.93926505327578,0.5983719060717387,0.37652907718433737,GREEN,STRAIGHT,1,motorcycle
1.7653755601817491,1.8736486462716586,18.010132846475205,84.56025966259072,0.5649615789011196,0.7386887134125429,GREEN,RIGHT,1,vehicle
1.060047141604501,1.2521832209531398,0.0,57.3607251611143,0.7102274884688197,0.5758355892379525,GREEN,STRAIGHT,1,static_obstacle
1.7576906415182174,1.7553650211603338,11.79265802772413,76.98731910332765,0.6653795946934364,0.6485169544734941,GREEN,STRAIGHT,1,vehicle
1.4435814078770077,2.156837971108205,8.287427546042416,33.748462272608585,0.7556065668499842,0.8297155407837189,RED,LEFT,1,vehicle
1.5754045913618429,0.7722220751334883,7.3937397319915235,76.60717629561205,0.4134184367927743,0.6833532185359131,YELLOW,RIGHT,1,unknown
1.2321797274117876,2.0457656418480683,9.182689462572963,40.47873393656743,0.7968701632357357,0.7169607853958337,RED,STRAIGHT,1,vehicle
0.343870602882851,0.739021112314888,9.824877751504443,36.093649213898416,0.7626498590627406,0.44692818648611105,GREEN,LEFT,1,motorcycle
0.9621692672399614,1.5749208011180873,7.492737473177114,41.59053530812933,0.8236507223842575,0.84278974694372,RED,STRAIGHT,1,vehicle
0.9214667338527316,2.584693743302021,15.33286155380513,12.046754028821429,0.9207021237292775,0.99,GREEN,RIGHT,1,vehicle
0.18729877478974089,0.3140032443445389,1.463199121693179,5.393358030741101,0.99,0.34351802822416116,GREEN,STRAIGHT,1,pedestrian
0.7840354183878591,2.303633268240299,0.0,92.53575169006757,0.7196762382896595,0.43619400479185383,GREEN,STRAIGHT,1,cow
1.563645316497132,1.7605029308310562,8.042697085703075,59.66858848290357,0.7715496450381492,0.6412328457340226,GREEN,STRAIGHT,1,vehicle
0.34939182024253757,0.5472574890066626,11.018384401854588,77.44807442610892,0.6547311904696801,0.4167576466151988,GREEN,RIGHT,1,auto_rickshaw
0.6783267386352072,0.9771202098278752,7.054630409197559,38.90346821743304,0.791971246154996,0.3636529998712298,RED,STRAIGHT,1,cyclist
0.25332705639250885,0.12645900190928078,13.682947042417068,37.99055478843412,0.6953127586867124,0.46760236513073394,GREEN,EXIT,1,motorcycle
1.6783279455196802,2.3533249936290224,13.443274778092476,17.503071113387634,0.978862420043825,0.7750870579552365,GREEN,RIGHT,1,vehicle
0.7615910321238105,0.8637648457246457,4.693721124302079,6.707403184167654,0.7830427033300048,0.5759734538087421,RED,STRAIGHT,1,auto_rickshaw
0.777322171309668,0.6431470699108099,4.650722031708011,73.5743997644355,0.6803563000344233,0.3097240137722167,YELLOW,LEFT,1,auto_rickshaw
1.0229378489098302,1.145802488522704,4.277123590882431,76.8516543917579,0.6389699053039707,0.4494735243573918,GREEN,STRAIGHT,1,auto_rickshaw
1.2101307206436338,1.1589417288467687,5.44747369147822,57.919087241623465,0.6081786475530745,0.5342565781955455,RED,EXIT,1,auto_rickshaw
1.0770045106855928,1.1548404888945503,0.0,26.667009227424114,0.7276102416793321,0.6137721473895287,GREEN,LEFT,1,cow
0.7985442918778339,1.1503485518718344,0.23116023878483608,14.251642068323212,0.8659113328397596,0.687506695120711,RED,STRAIGHT,1,static_obstacle
1.1137939949134839,0.8497472668982389,2.1248855953604546,76.24902518490472,0.6747518471611714,0.05,GREEN,LEFT,1,pedestrian
0.41332905343279086,0.1,0.0,67.55430881293431,0.7193408359649901,0.2718647525905193,GREEN,LEFT,1,pedestrian
0.13617708099351963,0.6078565608243109,11.479496764226504,31.506102989399025,0.8172255517792608,0.624172251008611,RED,LEFT,1,motorcycle
0.6749970565640636,1.2599867073065263,0.15963442770440225,71.06683241242658,0.6003518990468154,0.456114598885572,GREEN,EXIT,1,static_obstacle
0.7940980611237691,0.870223648991512,6.758000077793447,81.25384855144675,0.6220150556346951,0.436886120319747,RED,RIGHT,1,auto_rickshaw
0.6529557203233428,0.5372656143537176,4.165993874888501,19.296686854369042,0.8706500897765181,0.6403974009766512,GREEN,STRAIGHT,1,cyclist
0.05,0.1,2.832835169273938,74.80083546207327,0.6917638244261202,0.2718967827091286,GREEN,STRAIGHT,1,pedestrian
0.21828282232899887,0.4970258942606513,1.5613949168354402,22.948597247356105,0.914509679326097,0.32458268019501824,GREEN,RIGHT,1,pedestrian
1.2757190130188065,1.5845621053018224,0.0,75.07215087216944,0.6497812004215483,0.17407033530092425,GREEN,STRAIGHT,1,cow
1.0901060018481985,2.422806329714336,21.128652647630187,20.7704761715327,0.9032075663476743,0.6710534973838126,GREEN,LEFT,1,vehicle
1.3679470413926256,1.7094002131663038,5.467368506641692,25.68383784725401,0.8413820083831212,0.7881448844045736,RED,STRAIGHT,1,vehicle
0.5554889364591662,0.6574369910475968,6.239838769192863,38.11198440344637,0.5786933716630775,0.47979070488306663,GREEN,STRAIGHT,1,cyclist
0.21099664109490046,0.5811452920079481,4.868196134788006,93.55353815314561,0.5268520309144857,0.4469229452794067,YELLOW,STRAIGHT,1,pedestrian
0.7263550050416004,0.5784828741647814,2.48021485924307,65.2283604460189,0.652247207113414,0.6635124233808006,GREEN,RIGHT,1,static_obstacle
1.178447955897468,2.1546297375158034,9.293777339158215,19.49758222254004,0.743896487319023,0.8064322314913005,GREEN,STRAIGHT,1,vehicle
0.2891302853613404,0.9682924173316152,9.509004133317289,52.091981537815116,0.6745424264363205,0.25164533823412105,GREEN,RIGHT,1,auto_rickshaw
1.4105499449428225,1.533989610506063,9.383707213502563,46.85018117240236,0.8237939345786639,0.8526265945699473,GREEN,LEFT,1,vehicle
0.4816753548247745,0.7787170148997563,4.318602024391286,51.30679984595089,0.6527383900823008,0.4998511381291525,GREEN,STRAIGHT,1,cyclist
0.6013186104493438,0.7332774562320548,4.554495313649367,58.74201366956845,0.6686885809340812,0.3029160107686323,GREEN,STRAIGHT,1,pedestrian
0.6084940093997087,0.1,1.817595470729493,63.92862756556254,0.6003595088181044,0.383442814782743,YELLOW,LEFT,1,pedestrian
0.9402183147822448,2.089546828499144,13.775272042888716,33.786773503673906,0.7752546698219092,0.7955020638310765,GREEN,RIGHT,1,vehicle
0.5383729685386659,0.8782282419794624,5.290177785891794,46.46349742292344,0.6311284445748048,0.573098875824808,GREEN,STRAIGHT,1,cyclist
0.47896637970638245,1.340930999405127,1.3098842739052372,72.20748942638129,0.6437355746865315,0.5673370760246981,GREEN,RIGHT,1,static_obstacle
1.1879727759498226,1.9103150158829656,17.530837443728863,59.87316489363896,0.7127477535896756,0.926135583798369,RED,LEFT,1,vehicle
0.9141179690457534,1.3463854421602417,0.0,26.845929720479408,0.8677185896274834,0.41643397189799203,GREEN,LEFT,1,cow
0.19263942220286567,0.5628854417720441,7.854807384152449,31.277840779900796,0.6983815256754111,0.6486592247208582,RED,STRAIGHT,1,auto_rickshaw
1.7364760311952392,1.4977271927878546,5.987328070072158,73.81723948564763,0.7450854871481368,0.48255858452900685,RED,LEFT,1,auto_rickshaw
0.0707785318043648,0.9864432888108734,3.6521729997102357,56.59931875001572,0.6774847907370611,0.2299474320110685,GREEN,STRAIGHT,1,pedestrian
0.539286420532341,0.1,6.923244125304136,76.74509950028363,0.7450985976168425,0.2665741328777854,YELLOW,LEFT,1,cyclist
0.07560807717501705,0.6873568808984447,2.5474931951096855,69.27105216449671,0.5836399936947054,0.1254610743037792,GREEN,EXIT,1,pedestrian
1.005419977924364,1.3576708193019194,22.270702594083964,43.44295325989805,0.7740583920570272,0.8508201844430439,RED,STRAIGHT,1,vehicle
1.1373054397757574,0.23244733136023477,0.9031549905815484,32.35313152519397,0.5825452885578235,0.6101024316739332,YELLOW,STRAIGHT,1,unknown
0.4172139595925457,0.1,1.048714317155627,34.30530564147162,0.742331871606118,0.4702503674063504,GREEN,RIGHT,1,pedestrian
0.49007376674885794,0.8659483003816093,3.5014139666070205,58.71453992287162,0.5913178980103877,0.4231079493289175,GREEN,LEFT,1,cyclist
0.7743365469295242,1.2803511476086349,0.23810845130760128,20.428982706036948,0.830147514221972,0.6296703835855917,GREEN,STRAIGHT,1,static_obstacle
0.5626968947323241,0.1,0.0,91.60354986241092,0.5883939318601282,0.3502160546943892,GREEN,LEFT,1,cow
0.15174992288800127,0.2562690460199586,0.0,87.74553570878106,0.7173963489189296,0.47500812507340046,GREEN,LEFT,1,static_obstacle
0.26350297848126414,0.1,0.0,69.48941612209627,0.6332819195911065,0.1486701332174627,GREEN,STRAIGHT,1,pedestrian
1.0576466018872774,2.39101358490851,17.28533121794744,49.03452679784756,0.6637411399999112,0.6279564131562368,GREEN,EXIT,1,vehicle
0.07084651166124689,0.7694967011501617,6.708835609862148,67.33075923628994,0.5136370638616059,0.4312378151479947,GREEN,STRAIGHT,1,cyclist
0.05,0.1,6.051214695327226,80.22587223813397,0.5492079370830366,0.19817572326476957,YELLOW,RIGHT,1,pedestrian
1.64560677559844,1.9950658624304192,13.470738734653656,89.97358183095356,0.4725966911550418,0.6990605373652489,GREEN,STRAIGHT,1,vehicle
0.05,0.6104161965368959,0.5207855214241821,85.50307622900982,0.7084210884771547,0.29855980197189136,GREEN,LEFT,1,pedestrian
0.6047754745312672,0.6568229042261914,0.0,78.90279142088116,0.558046718050817,0.4453825573612545,RED,STRAIGHT,1,pedestrian
1.3950969912032178,2.1854416009518376,14.033923602598977,16.20639219502584,0.9262745793890181,0.8472750419826982,GREEN,RIGHT,1,vehicle
0.2745297901145702,1.1343503716202292,2.0469647563175517,80.61586680407035,0.5056043291768165,0.1467987345157284,RED,STRAIGHT,1,pedestrian
1.41432772301109,1.3731788204814968,0.0,76.36870249834527,0.7024882169106315,0.35699973246268746,GREEN,EXIT,1,static_obstacle
0.7200982143530558,1.5068282194039644,1.3466651759991637,26.174249406203614,0.9436167831885932,0.6611236047361791,GREEN,STRAIGHT,1,cow
0.45761370063127166,1.746275339258997,7.18599408137935,86.0087130316806,0.542527635685454,0.30268224200176724,GREEN,STRAIGHT,1,auto_rickshaw
1.4707670744032444,2.2347569962740503,7.92570355910613,44.61043168190963,0.7538702034982836,0.6344067489874814,RED,EXIT,1,vehicle
0.8768116121832347,2.6280424753877014,8.716445609578965,72.9992953257224,0.7599827813469398,0.8062478210875648,RED,STRAIGHT,1,vehicle
0.6195421427614167,0.3128979563466036,0.0,44.6037320888782,0.8088391174814539,0.2899617201252733,GREEN,EXIT,1,pedestrian
0.1106583105357355,0.8014173208671261,0.1476216269770297,61.19534878662582,0.7697845675127738,0.4908993010792906,GREEN,RIGHT,1,static_obstacle
1.0384733733483327,1.7159791405547007,0.03366495515239828,57.047598450295624,0.7746408046888248,0.5172931803118062,GREEN,STRAIGHT,1,cow
0.1083431015456599,0.4842751371386674,1.328198318506744,30.422230729474823,0.7694569904499567,0.2859660642547218,YELLOW,EXIT,1,pedestrian
0.07765782769078461,0.5625685015755962,11.251352321460406,72.49595909936703,0.6921612966856873,0.542448700750305,GREEN,STRAIGHT,1,motorcycle
0.4166173762767664,0.3277613091569543,2.0243711707733425,88.69375965881333,0.6009601900544017,0.20194592306310377,RED,LEFT,1,pedestrian
0.43852344091261836,0.6836827169920614,6.7628456409475195,10.533875087139728,0.8495669318319345,0.5945671198157687,YELLOW,STRAIGHT,1,cyclist
0.832554722466418,1.0214132941907579,0.8988286101597038,67.87201358526487,0.7445198865562402,0.3939072512631016,YELLOW,STRAIGHT,1,cow
0.8736753474123189,0.6298152589037856,11.18598051978122,89.68681529117305,0.504163369669424,0.49133698542831017,GREEN,STRAIGHT,1,motorcycle
0.9587160421398201,1.965066557308449,0.5335076418669802,29.593620910002407,0.7725407176775139,0.4179182675328059,RED,LEFT,1,cow
0.4471854623107592,1.4745718133934071,8.581046965865852,60.020271225765775,0.6239750751809149,0.4717148616335531,YELLOW,STRAIGHT,1,auto_rickshaw
1.5022075827727916,2.488716334144391,10.08348035338619,36.56450457429492,0.7149804701101294,0.6009323650609915,RED,STRAIGHT,1,vehicle
1.7215195501658975,1.6988612774533651,1.1623360325741001,84.70596411130524,0.603082097550264,0.5558944444702808,GREEN,STRAIGHT,1,auto_rickshaw
0.445373395408895,0.1,0.0,58.28026839434108,0.7447212254765596,0.28333234985757644,GREEN,STRAIGHT,1,pedestrian
0.10397749966532077,0.1,13.612079743156075,50.670715706317104,0.7919150309047653,0.4798762774233377,GREEN,RIGHT,1,motorcycle
0.2752980049742374,1.2201730776508215,8.91489559830924,66.78458139334543,0.6759032439234007,0.4585259867400971,GREEN,RIGHT,1,cyclist
0.5557468806416322,1.074240752119293,4.815534489612864,10.089312906677714,0.8089713140006268,0.4692418510485032,GREEN,STRAIGHT,1,auto_rickshaw
0.24633801155517332,0.5975176744045552,6.985375817675498,37.49949315041649,0.7047805941052784,0.45888178813191494,GREEN,LEFT,1,cyclist
1.1483767042825286,1.265774238848164,0.2649023755113574,11.844443317237502,0.8755516440257429,0.5758755469492164,GREEN,RIGHT,1,static_obstacle
0.43010344402646805,0.8900455445723275,2.08688641445962,29.378664978890054,0.6325789442278634,0.6365920135942211,YELLOW,STRAIGHT,1,cyclist
0.7659165285507973,1.2503321243957897,0.0,90.89472487381445,0.5628078922599318,0.37605447638725764,GREEN,LEFT,1,cow
0.48488172575432886,0.25728954798414755,3.2249310629246195,37.55100965292737,0.6907099202103124,0.27288562886468265,RED,STRAIGHT,1,pedestrian
0.05,0.8908721872228991,0.0,89.88566460427158,0.5849855209648588,0.24326758783227884,RED,STRAIGHT,1,pedestrian
0.6342581220115934,2.2662470575450895,13.87738712088715,57.02829087139026,0.7547903451533995,0.7382971948065973,RED,EXIT,1,vehicle
1.038501278003488,2.2360615392851413,3.209010732636979,90.37031004191843,0.7073521614197718,0.6470792086739282,YELLOW,LEFT,1,vehicle
0.8706559358468331,0.31558914300868307,13.48829549196459,50.62444508816969,0.7505502323135955,0.4700425231914488,GREEN,STRAIGHT,1,motorcycle
1.3749607202768974,2.3227628240885645,12.234340872211828,28.563940902271916,0.8407230096271494,0.9323011710001046,GREEN,RIGHT,1,vehicle
0.12935646212624474,2.2467819142417986,6.474222989359116,30.656195642506248,0.5339505234916129,0.6365911912617391,GREEN,STRAIGHT,1,unknown
1.0637816108967053,1.3528065526862876,4.389734415064944,13.507588760044603,0.9184872942907996,0.7858337630465951,GREEN,LEFT,1,vehicle
1.176645631251187,2.359049367656435,10.815309200460664,18.554024608483346,0.8312254384000691,0.8878655575694145,GREEN,STRAIGHT,1,vehicle
0.807000048139457,0.9737602369840797,8.492069942835403,64.77293815172305,0.7814048961720779,0.262738157766471,YELLOW,STRAIGHT,1,auto_rickshaw
0.7262192408730267,1.4119253071891036,0.0,31.145847150037007,0.762087649584392,0.41729961068280635,GREEN,STRAIGHT,1,cow
0.05,1.4073928379999248,7.704389345063138,73.72837705212987,0.586353200302858,0.5817180309690033,GREEN,LEFT,1,cyclist
1.3962123496532146,2.1887952561332105,1.6899843047409526,70.23043910969488,0.5637633325327578,0.4910764113933492,YELLOW,STRAIGHT,1,static_obstacle
1.3211780786286136,0.8555006613363492,1.2705381053215499,73.42441190625503,0.6650168760215392,0.28104646362452357,RED,STRAIGHT,1,cow
0.7897887616784456,2.0027121630324,11.661768489945938,66.61295578877754,0.7145690184264509,0.5826246174887991,GREEN,STRAIGHT,1,vehicle
0.8584066719383456,2.0203746224973296,0.5730432381283438,64.68928945686105,0.49154749714085305,0.3003363649906847,GREEN,STRAIGHT,1,unknown
0.2816819994091241,2.6141900999403025,8.89360693144489,62.358226670041944,0.2931311381513061,0.24677509719298107,YELLOW,STRAIGHT,1,unknown
0.7105242763634679,1.3577765344839987,1.0402536561850737,31.458076768226146,0.8006402971734227,0.5828510075829063,GREEN,STRAIGHT,1,cow
1.704730356010657,2.8676538868705745,15.752001218710216,53.480524998346056,0.8393711028855267,0.8499419037292838,RED,STRAIGHT,1,vehicle
0.8342980327122965,1.4689681535411467,0.0,14.428747191300696,0.8942756549749764,0.4907486679446822,GREEN,STRAIGHT,1,cow
0.25273107893004815,0.5904542195679747,1.2725942276749098,30.31506050657997,0.711617722301578,0.36453526588549545,GREEN,RIGHT,1,pedestrian
0.2202865344583188,0.36928819235858185,0.3578938213986804,19.337966197251347,0.8132527503603009,0.4958200342229122,YELLOW,LEFT,1,pedestrian
1.0409710281702123,1.8889110131452915,9.97152097576805,5.565699128173208,0.8866228722911479,0.99,GREEN,RIGHT,1,vehicle
1.4516236508676037,0.1,7.137708273387191,91.9072245837303,0.505321712138668,0.33120605053024493,GREEN,LEFT,1,cyclist
0.6994238864838864,1.5831815544486407,5.913717379653641,17.614077953191725,0.9039179331057347,0.4187432534877352,GREEN,STRAIGHT,1,auto_rickshaw
1.5424315002745987,1.226315121821007,3.136070293996265,54.16464389101333,0.7670936916271538,0.5492899872508155,YELLOW,RIGHT,1,cow
0.14384497300012666,1.6699352800802771,2.5172327516563,90.4178134237436,0.5910433956020614,0.41097314357995196,GREEN,STRAIGHT,1,cow
0.9512610518869983,2.698445744397824,21.62011872776267,44.00678603421288,0.6765858339109915,0.8598364011111632,YELLOW,STRAIGHT,1,vehicle
1.3580013964655258,2.2446558484180783,11.105718215976598,16.007388466435145,0.8814768322130884,0.99,GREEN,STRAIGHT,1,vehicle
1.0417392894476323,1.9535652599787217,16.193421700422054,6.078082052314791,0.9375501220808192,0.8927122243855248,GREEN,RIGHT,1,vehicle
1.4717187797430513,0.36290847547090466,6.248407651043792,40.56721198812994,0.4516445658487437,0.5119985905736459,YELLOW,RIGHT,1,unknown
0.05,0.31957582974311183,2.648959772642936,45.48782258252778,0.7012655693335619,0.4003984289186278,RED,LEFT,1,pedestrian
0.26386603413449033,1.5369692036770537,4.763382678747631,85.81553090438402,0.6885133798929719,0.31256937452180944,GREEN,LEFT,1,auto_rickshaw
0.31338309222191285,1.9959564971079558,0.40834917642606544,46.6676298631141,0.751498034623259,0.47661508371125766,GREEN,STRAIGHT,1,static_obstacle
0.9598586978649101,1.7180140728126834,17.67980927904717,25.880558115362643,0.8429963571860547,0.9497236565839828,YELLOW,STRAIGHT,1,vehicle
0.05,1.8025916205507335,0.0,86.29012624738425,0.6404384502173895,0.2956596036564887,GREEN,STRAIGHT,1,cow
0.2619648351963119,0.9125903145322294,5.524539203214097,63.47127541508456,0.5579653906802194,0.4724282696648244,GREEN,RIGHT,1,cyclist
0.4931775224656069,0.9071176014654939,8.762039874078472,33.84406735388261,0.7904778116411069,0.40125039679743907,GREEN,STRAIGHT,1,motorcycle
0.05,0.4953378531950229,8.444290004291787,84.54616697635217,0.6135682853726425,0.35909390017102266,GREEN,RIGHT,1,motorcycle
0.8467462604342686,2.4213223493423146,11.990205706576717,50.99811810407767,0.7435861444146068,0.6798143663546458,RED,STRAIGHT,1,vehicle
0.789847175696754,2.456411718511855,16.854614164002527,86.14808809295796,0.6190924067023997,0.7249090466862548,YELLOW,STRAIGHT,1,vehicle
0.8733862695422636,1.3350608194298517,1.3974677778522473,27.790097676205065,0.7442067078904798,0.5535916996224264,GREEN,STRAIGHT,1,static_obstacle
0.3940572783962911,1.0068576992591194,11.147755591009824,19.372056121587566,0.86758969446147,0.38541329349204434,GREEN,LEFT,1,motorcycle
1.487544392891905,1.4861882468686105,14.822183984473929,79.1014244363497,0.5136127378298734,0.9379520234517015,YELLOW,RIGHT,1,vehicle
0.5487672665743141,0.9465652370905293,0.0,63.40839784140597,0.6285606882554696,0.4523719766696499,GREEN,STRAIGHT,1,static_obstacle
1.0294926512956506,1.0234517393002864,0.33081287757858296,36.03707432857695,0.7691367751649192,0.3683206951032598,GREEN,STRAIGHT,1,static_obstacle
0.9886915555019875,1.8082843624845744,0.0,46.41144950001148,0.7950033408871802,0.37301300334574283,RED,LEFT,1,cow
0.12363004164500024,0.4899813235618735,1.8014092262149655,15.007223986094203,0.9014310959559598,0.3657754841074621,GREEN,RIGHT,1,pedestrian
0.7004505817105794,1.520976034598929,0.33161709191059374,5.174357822318017,0.99,0.6966121337255258,RED,STRAIGHT,1,cow
0.05,0.5359566687767756,11.28824956265879,71.40491244553309,0.6946732100446708,0.6195921550561982,GREEN,STRAIGHT,1,motorcycle
1.2210682932854815,1.9488853743010683,8.894017224458477,65.6816252597904,0.66038103020528,0.99,GREEN,RIGHT,1,vehicle
1.1074309315686173,2.455362050134574,15.369078853945263,21.386085105022214,0.7803272011474691,0.8703429740649997,GREEN,RIGHT,1,vehicle
0.692601442223139,1.8673351415038424,12.957697285469747,27.695399509866736,0.46084696540615494,0.5212956077257613,GREEN,RIGHT,1,unknown
1.452631163731529,2.423143426785581,11.396088116382595,7.7702748578170775,0.9280291907477511,0.9530152866060843,RED,STRAIGHT,1,vehicle
1.4598800017869966,1.8189935374055453,5.688402296977499,93.62276505243946,0.4758268741202335,0.5056734260498921,GREEN,STRAIGHT,1,auto_rickshaw
0.666607256596261,0.6820286657674693,10.749309511156563,49.90215859606183,0.6418092419014778,0.49476055536785607,GREEN,STRAIGHT,1,cyclist
1.1853704365545166,1.8723604386898076,8.858862540820505,34.380569337575274,0.8612680780620211,0.9249202930171161,GREEN,EXIT,1,vehicle
0.05,1.0010437931891685,5.378097271285847,93.4304325733823,0.4852357515431098,0.34935045570224454,GREEN,STRAIGHT,1,motorcycle
0.3298646977423618,2.6300777394072354,11.283301493724943,77.6540710944868,0.6507514233221319,0.7725121841235768,GREEN,LEFT,1,vehicle
0.5986234271048424,0.1,12.341293521103944,81.02254206160245,0.6891706452656077,0.3277944604379388,GREEN,STRAIGHT,1,cyclist
0.8928232246886048,1.5045378118566877,13.394614377662679,77.10977222135078,0.53861008665592,0.6532862967362993,YELLOW,STRAIGHT,1,vehicle
0.6479402311985684,0.8934106439809925,0.2298524918774059,6.8523103655228645,0.832493188435597,0.5183583260062989,RED,STRAIGHT,1,static_obstacle
2.24616147220036,2.702741756082153,6.061495907694239,84.13166007648593,0.6268471171689395,0.7932559620818462,RED,LEFT,1,vehicle
1.2536635819865594,2.342052184129307,12.62433379806083,6.789831615898864,0.8997988944020338,0.99,RED,LEFT,1,vehicle
0.35084894898861596,0.8861079753143042,15.258822588825426,88.3556831845961,0.5845052491742222,0.41353631106261285,RED,LEFT,1,motorcycle
1.5964935932415725,0.38522505931967344,12.107056400961064,93.91571313859083,0.5268244370671474,0.7082762783048091,YELLOW,STRAIGHT,1,vehicle
1.036066463063821,1.461164951379517,0.30892352327723765,22.942825857244685,0.8535235169477267,0.5871906376113519,GREEN,EXIT,1,cow
1.4340182504877874,1.5495594456402852,9.832859072839959,91.7411643017672,0.6106766461072244,0.6420229054608212,GREEN,STRAIGHT,1,vehicle
1.1738677595374245,0.6899047302927852,2.585824158156987,84.93022896623394,0.5101961795832515,0.49968401570678744,RED,EXIT,1,auto_rickshaw
0.05,0.1158382101438249,0.4712728257975295,76.60017485553058,0.6810151647974323,0.27613395929349627,GREEN,EXIT,1,pedestrian
0.7758377342200347,0.2994207072933805,8.739582789311294,50.57254036674575,0.6923609178415594,0.4833488716165049,GREEN,LEFT,1,motorcycle
0.3164818811496196,0.620620021852831,5.158661723467763,10.567236355260563,0.9015517641439188,0.5998553256810392,GREEN,RIGHT,1,cyclist
0.7110524667686403,2.2144716795333776,13.816533092539101,81.08787552318582,0.6362557389490474,0.7204497959059057,RED,EXIT,1,vehicle
0.2893457364199503,0.1,0.028036605886878174,74.26296688251709,0.6853487000388374,0.31378418531594965,YELLOW,STRAIGHT,1,pedestrian
1.1757111210431856,2.8265309984077063,10.059524931870323,58.14783496428629,0.6377735525275554,0.8361100653160403,GREEN,LEFT,1,vehicle
0.6727684314593081,0.44952642614682803,3.5794905177986127,17.37495987416817,0.7295571616487434,0.49121597144002394,YELLOW,STRAIGHT,1,cyclist
1.2288958594437587,1.7000421670979808,12.290088667408972,41.457571916374675,0.7677259275463505,0.826748036283673,YELLOW,STRAIGHT,1,vehicle
0.9161892999282257,1.8116643144547435,4.103312915055212,57.04892587782508,0.7450065808919424,0.42393144325756643,RED,STRAIGHT,1,auto_rickshaw
0.9998816946169977,1.6221625910624222,6.3634577070965745,45.98673025831581,0.6280199571405365,0.7532021833386437,GREEN,STRAIGHT,1,vehicle
1.0114478956038746,3.030737254216957,6.795262415815529,37.23216619050284,0.7415613373699467,0.8748270253735437,RED,EXIT,1,vehicle
0.9521277823924184,1.2281129543480471,0.0,30.78975457409549,0.7761355585395855,0.43439574848393314,RED,STRAIGHT,1,static_obstacle
0.9858431119202109,1.1339434420305443,0.0,70.02378234084134,0.5434647099157042,0.5673775462739907,RED,RIGHT,1,cow
1.2788041223578852,1.914016501857354,10.59804677336371,25.902558176213255,0.8377235266937711,0.7316784558660023,GREEN,STRAIGHT,1,vehicle
1.3696048536171574,2.0365177678203223,17.72029677400444,8.994020680514687,0.9110410002746346,0.7991205946653344,GREEN,LEFT,1,vehicle
0.20551508311015673,0.1,0.0,71.0732657388284,0.6179051530166924,0.3875797143610028,GREEN,STRAIGHT,1,pedestrian
0.772267219442235,1.566666852795286,0.0,80.50233504967687,0.5822647077911237,0.4499305541115605,YELLOW,RIGHT,1,cow
0.931674998327517,1.715582758747862,0.6766305981793127,22.104421546042094,0.8773986127884675,0.57069824383239,RED,STRAIGHT,1,cow
0.23010482392876347,1.0687563911827622,8.355738128313497,53.23611757881319,0.5652979346957229,0.47989249125617334,GREEN,STRAIGHT,1,cyclist
0.5676166018945606,0.9914925325824533,9.391989333104053,34.01031061015349,0.8172081656655195,0.44981155335144674,GREEN,STRAIGHT,1,auto_rickshaw
0.526022454984083,0.9679156973515936,5.786774506942348,19.623754299988157,0.9694993382400166,0.7430246272792719,RED,STRAIGHT,1,auto_rickshaw
0.35472448519904304,0.7140404520537711,0.6703525242899135,29.55843056616904,0.8477267917794076,0.384659278092464,GREEN,LEFT,1,static_obstacle
1.1521816402745522,1.1408802074234625,7.883259043404246,51.49450067316795,0.7633544482103661,0.44063441696833316,RED,RIGHT,1,auto_rickshaw
0.6415428640810055,1.1588065923828235,13.193586525645127,58.18252316228857,0.7721863759999174,0.8613541448930447,GREEN,LEFT,1,vehicle
0.35887402297733767,0.37725281200483113,0.0,36.11441250285956,0.743720106067904,0.3101267758609494,GREEN,LEFT,1,pedestrian
1.080175336312903,1.9360379563484202,10.069172793367603,28.709765649068352,0.8659430341733364,0.8394230824361799,RED,STRAIGHT,1,vehicle
0.10196578936299912,0.9798482188722208,2.5425425667073887,88.6253791412455,0.5604210647609855,0.21258518947335683,GREEN,STRAIGHT,1,pedestrian
1.3850247781237692,1.1402191879827712,4.733255851157138,94.6442409913819,0.5714638712450602,0.4066636760039049,RED,STRAIGHT,1,cyclist
0.4468258502627196,1.4190183197778823,15.352425757757253,55.8334203792774,0.7250685818711643,0.25650886120619526,YELLOW,EXIT,1,motorcycle
0.17683360848798874,0.26393944661025476,1.5551653604858648,58.629590443042794,0.6592610290331532,0.45501179018598725,GREEN,STRAIGHT,1,pedestrian
0.4904356121228225,2.0617968028528524,0.0,91.61345788730435,0.5822462108430255,0.12228503411298977,GREEN,STRAIGHT,1,pedestrian
0.10332568947257159,0.8518096621385058,7.1597670149765165,54.74261198865069,0.6646832365520967,0.3646145033258835,YELLOW,LEFT,1,cyclist
0.3280846524018299,0.4884379769129156,8.907518016091341,30.823206238102113,0.7460758885481042,0.4536444565869236,GREEN,LEFT,1,motorcycle
0.9083177137740109,2.066880695878571,8.201351012695133,28.52918387181523,0.7278592692231622,0.9129259806942422,YELLOW,STRAIGHT,1,vehicle
0.5429670176706394,0.6893830387333612,5.321354413767068,8.012845812040354,0.8634438161243352,0.4498327910835529,GREEN,STRAIGHT,1,cyclist
0.22798617303493393,0.1,0.5446362818824186,89.67481112102097,0.5815393277312818,0.14569575388323344,GREEN,STRAIGHT,1,pedestrian
0.07680281581695085,0.3513953106501438,0.23665414945437124,74.75336838888745,0.5636862903949689,0.30955978253429145,RED,STRAIGHT,1,pedestrian
1.0726054795654958,2.4484339256769503,13.646650227866418,38.019663647374,0.3701580564296933,0.7171982498869849,GREEN,STRAIGHT,1,unknown
0.44945409452292173,0.6541424849888359,9.602251736314258,9.336773702739855,0.8593446738435006,0.427223145684474,YELLOW,LEFT,1,motorcycle
0.657752987824159,1.3403754648264126,1.2661978391299986,76.26666764796175,0.6353476318660952,0.15053874486963997,GREEN,STRAIGHT,1,pedestrian
0.456949487234218,0.1,10.564642087193342,81.00259407624628,0.5138914948500483,0.529241425865921,RED,STRAIGHT,1,motorcycle
0.9729299812421739,1.1650173887592061,0.0,54.96625396792792,0.8272988034839375,0.45558044108416434,GREEN,STRAIGHT,1,static_obstacle
0.7908398931559004,0.9712722609639725,5.096362948669943,7.484285981571331,0.8191919661340283,0.5535042731227684,GREEN,STRAIGHT,1,auto_rickshaw
0.5696027509771897,0.8159914636860488,3.3916957577118803,87.42794417701442,0.5569247723110231,0.43032087060847113,YELLOW,LEFT,1,cyclist
0.6113154486651934,0.5321951587879843,4.742329902600711,22.568797976195256,0.6662595794659049,0.5050488942292594,GREEN,STRAIGHT,1,cyclist
0.46373086692977095,0.8325258915917803,6.692971346120302,11.798142867380246,0.8690050348024726,0.5025743593013612,RED,LEFT,1,cyclist
1.1267545354263802,1.3674841317039892,0.0,7.3717200518745205,0.99,0.6150045942589675,RED,STRAIGHT,1,cow
0.05,1.2240243301772713,1.0947603362621507,67.54292281758752,0.6512382172311783,0.23131412615531796,GREEN,STRAIGHT,1,pedestrian
0.2799671375748216,0.5544503989154749,2.048562738937247,6.562766829645113,0.8586127307044323,0.3950126718633331,GREEN,LEFT,1,pedestrian
1.2893350648537176,2.2375527323427304,13.809241166585743,11.85970715497226,0.8549852932078917,0.99,YELLOW,STRAIGHT,1,vehicle
1.3341961911151514,0.6013610482690471,0.10112436852153625,78.18919571145271,0.6624046197968528,0.3714115618692384,YELLOW,LEFT,1,cow
1.5497598188685382,2.3658088859344106,13.046765636386352,21.626396752143066,0.7295885043797594,0.9430119349402399,GREEN,STRAIGHT,1,vehicle
1.8441976536031555,1.1354799381285423,0.0,70.710209411153,0.6465807428334638,0.42290311655862795,GREEN,RIGHT,1,cow
0.21366563306105468,1.0610045458603385,12.852164594667506,87.36533238146211,0.5581712141354515,0.3092499483455298,RED,EXIT,1,motorcycle
0.1992111208637828,0.467964138426775,0.8226902080679215,25.09069372645441,0.7940009064367674,0.3349596615513469,RED,STRAIGHT,1,pedestrian
1.2887986180311746,1.788400231180209,0.4644512849489085,68.53781976124128,0.6524639155988358,0.5197487315913965,YELLOW,STRAIGHT,1,cow
0.12701667835399777,0.8727031701022425,15.19408482150988,72.13701270974762,0.7762290202415778,0.7701271452474474,GREEN,STRAIGHT,1,vehicle
0.615559731293877,0.9520846451777301,9.452937124514143,61.45012246171846,0.6199106182434886,0.5835238845939157,RED,STRAIGHT,1,auto_rickshaw
0.9083607915869907,1.9331863418355788,14.600364265015855,10.124146124358209,0.8679542917372003,0.99,RED,STRAIGHT,1,vehicle
0.9713889730008695,1.5684889053803883,0.0,19.481302224731614,0.812902599900882,0.5109834446922099,GREEN,STRAIGHT,1,cow
0.6022264213574792,0.6925327678152773,6.018061908475759,60.47559722991733,0.6575656074405246,0.4712476767175352,GREEN,STRAIGHT,1,auto_rickshaw
0.05,0.7547314262813463,9.349099193337054,67.76829123399997,0.6141487107063933,0.4611210586424167,YELLOW,EXIT,1,motorcycle
0.7750836217597318,1.6742577964324967,2.7843764023206656,52.915585568118644,0.8331881342793697,0.43671214604923714,RED,LEFT,1,cow
0.9791964503704436,0.5389299262897047,9.61062805855493,88.80342976434378,0.5560757048437472,0.5784100000878715,GREEN,RIGHT,1,cyclist
1.3589231861625342,1.4461708987756845,0.0,53.96502216782305,0.6215435150917619,0.48487972143415264,RED,EXIT,1,static_obstacle
0.44206157759270737,1.3984724911193367,4.499725191565204,59.97838477699555,0.6573936204480968,0.4846944149335611,GREEN,STRAIGHT,1,auto_rickshaw
0.7380327768225377,0.9393366830779231,0.0,62.39864480425139,0.5971700124741075,0.37273936986014644,RED,LEFT,1,static_obstacle
0.25731147726022524,0.4550010233058951,0.0,35.0062278981272,0.7733322556735305,0.37694249944652536,GREEN,STRAIGHT,1,pedestrian
0.05,0.5206580235376262,13.03795921368802,91.89158675397849,0.5532327904624743,0.38726849957325804,YELLOW,STRAIGHT,1,motorcycle
0.5410092568859176,2.4301553134667895,0.0,61.68209969497385,0.6073095538817695,0.4351794142851829,GREEN,STRAIGHT,1,cow
1.5369222427007654,1.5582335263800564,1.3670418666778246,70.84940173304197,0.7305675171301814,0.5869062069202586,GREEN,STRAIGHT,1,cow
1.461634819266179,0.7854943393959526,16.46609859162729,36.92796540167819,0.7366064121526352,0.7979281155978972,GREEN,STRAIGHT,1,vehicle
0.9286841663706671,1.2611332408877927,0.0,64.47271486347756,0.716023874565455,0.5902266005132145,GREEN,RIGHT,1,cow
1.5174890064705655,1.8959246563016112,10.007408738221294,29.929080360639688,0.9467298385543643,0.8187029460810429,GREEN,STRAIGHT,1,vehicle
1.0572192851919833,1.7888933476451683,0.0,56.976915912119885,0.751197147832122,0.4700519533458768,RED,STRAIGHT,1,cow
0.3033029749047313,0.36837886842004697,1.7218835241722403,55.61355041340795,0.7109330859957904,0.41926691957398743,GREEN,LEFT,1,pedestrian
1.1705627678614332,1.11707828618809,0.11435415751142729,16.82740356271359,0.8138835593575899,0.40659977104166045,YELLOW,STRAIGHT,1,cow
0.19334508709867393,1.8385575275385437,7.616149912139579,16.45188554687298,0.5755054028352582,0.5644281155224127,GREEN,STRAIGHT,1,unknown
0.4442854109377895,0.1,0.0,94.33892725274444,0.6151239204896367,0.066594208174689,RED,LEFT,1,pedestrian
0.05,0.6684376108923845,1.853811967612394,83.40767934965666,0.18361175801316654,0.42123920117505315,GREEN,EXIT,1,unknown
1.3765295630759071,1.5389821389447313,18.25173286946308,21.303734657447407,0.8752097663994874,0.957126453261013,GREEN,LEFT,1,vehicle
0.2337300982379115,0.5787712968192197,6.193498857072386,25.533835543317117,0.7348539751893015,0.8209235431801108,GREEN,STRAIGHT,1,motorcycle
0.4726730477595998,2.261729424574013,3.677721001778133,58.80697484601333,0.7034051987706323,0.3138966550933703,GREEN,STRAIGHT,1,auto_rickshaw
0.7011943486594586,0.999706734777532,0.2633882133738391,59.22001097847125,0.7328227310248218,0.6380643994977969,GREEN,STRAIGHT,1,static_obstacle
1.3034666318068964,1.4557601318823532,0.9865632523158866,36.0153313458022,0.8170920077291257,0.5474468436209939,GREEN,STRAIGHT,1,cow
0.3508295521650916,0.5130273990385891,7.405975615158676,7.596340715510416,0.8874829425854802,0.6458919641565621,GREEN,STRAIGHT,1,motorcycle
1.9268832642379907,1.858877753666803,10.678032386134666,19.049449787366022,0.8370877294334733,0.665175534045187,GREEN,STRAIGHT,1,vehicle
0.6047381086631263,2.3077437915231473,5.770432086457458,43.65909038467426,0.724261104778063,0.6689664402495306,YELLOW,EXIT,1,vehicle
0.9364761816766227,3.250920559450749,0.0,92.85886452167897,0.7174200260875274,0.5566706399722487,RED,STRAIGHT,1,cow
0.4755128150301394,1.108856714040098,7.966635902598886,23.73656230405618,0.8732315337582807,0.5614744275783068,RED,STRAIGHT,1,auto_rickshaw
0.9035946419056745,1.3306270347308795,0.0,57.42105174226149,0.6195488459037226,0.3898718468348917,RED,EXIT,1,cow
0.7278412953522274,0.52472251619374,5.838306932872601,83.63414164152998,0.6133077548209687,0.3570506041486803,GREEN,STRAIGHT,1,auto_rickshaw
2.159464051248996,1.8766257390612058,9.429305393682647,90.61383190853532,0.5517114977386532,0.6645026374424918,GREEN,RIGHT,1,vehicle
0.23686362656195248,2.3028460067021728,2.265662234371031,90.39736851600219,0.717731221421261,0.4533495252444359,RED,LEFT,1,auto_rickshaw
0.05,0.26303742752363934,1.7588058425419095,25.62032009810089,0.7563192432099991,0.39736111052038076,GREEN,RIGHT,1,pedestrian
0.7388107107149797,0.5151850375929257,7.904074148051945,48.43871764815891,0.6202469089319159,0.4669127252744866,GREEN,RIGHT,1,cyclist
0.05,0.1749062636119374,0.5403626043363579,76.76842373448643,0.6981735049902733,0.12917258895685477,YELLOW,STRAIGHT,1,pedestrian
1.3667439862648951,1.5986951183667402,17.02020349074882,5.654568333073241,0.891056514198638,0.9269107845258657,RED,STRAIGHT,1,vehicle
1.2917393509473234,2.3546025861565854,18.132712785352272,74.72361812140053,0.8141954337014137,0.7518116570817209,YELLOW,STRAIGHT,1,vehicle
0.7652837074252575,1.7154902542644712,11.776032720125146,40.126719413948926,0.7272445790086592,0.8126946918722705,YELLOW,STRAIGHT,1,vehicle
2.2160529907953888,0.9284108829402663,0.0,88.51570294690688,0.6307573085297109,0.4881914022671531,GREEN,LEFT,1,cow
1.2151310811862046,2.029816175380876,9.657608242532326,20.341357605196578,0.8450282066438445,0.7715683337161131,GREEN,LEFT,1,vehicle
1.168945975543638,1.2682559427069868,11.8128824985157,34.6198352956459,0.7059892021736244,0.821346076987967,GREEN,RIGHT,1,vehicle
1.3224346031826744,2.615872298610752,11.148310623306406,59.538764323855155,0.6838370593417398,0.8525680092838934,GREEN,LEFT,1,vehicle
0.6654766483188037,2.6113321944694348,12.162064900157997,83.35612070701819,0.6609509245095477,0.7128295774589212,GREEN,STRAIGHT,1,vehicle
0.8085928603147241,1.180903987462373,18.045885039315955,51.20546644265427,0.7137518427940535,0.795365211731182,GREEN,RIGHT,1,vehicle
0.7828861514659251,0.12277980117404202,2.457771149797178,69.1838585503692,0.6836190569307135,0.1437345728782149,GREEN,STRAIGHT,1,pedestrian
1.078309571092632,0.7296521601652827,0.5326810769427636,32.473618611567325,0.7733531587404506,0.38453997499255954,YELLOW,STRAIGHT,1,static_obstacle
0.846770745834753,2.369649131090973,0.0,77.22880314416075,0.6612754249711843,0.48529579658138416,GREEN,STRAIGHT,1,cow
1.9012693033479884,0.1,3.5997551229840137,82.81909469624122,0.6008831107409973,0.39997096138941907,GREEN,STRAIGHT,1,static_obstacle
0.42484473007615314,0.5655543968601394,5.2277745159221745,91.58526032248744,0.5449707758417361,0.43358207687124994,YELLOW,LEFT,1,cyclist
1.9046551390177697,1.282517828309556,11.338782968783404,37.327936607888724,0.765511230297035,0.8370139831068029,RED,EXIT,1,vehicle
0.481014360460948,2.3369659940880645,2.2429090206232223,89.97330203820316,0.5278526700769101,0.34902534039593275,GREEN,STRAIGHT,1,auto_rickshaw
0.5176573156285271,0.3762026474318987,2.1769570965238305,58.92483860304498,0.8227581913642288,0.320981364338363,GREEN,RIGHT,1,cyclist
0.05,1.649661208796985,3.8466313554974394,85.68360443130545,0.6826032380030562,0.46544018579449686,RED,STRAIGHT,1,cyclist
0.09561732541532633,0.7086612190334468,0.6420692709069653,52.29546288357147,0.6671014969503853,0.29822898180488067,GREEN,STRAIGHT,1,pedestrian
1.2978789507250985,2.766115796645475,12.100978822035897,67.33288757044687,0.7805405035112888,0.7011017531091635,YELLOW,LEFT,1,vehicle
0.6075651233125233,2.4187131347821187,2.683713810115197,42.87424575810148,0.8559612121625679,0.8260440161641288,GREEN,STRAIGHT,1,vehicle
1.6197533669355995,1.6030218679572519,12.468741887247944,40.717333955283955,0.7337425929447583,0.7295996837348181,YELLOW,LEFT,1,vehicle
2.0794321820676087,0.5819020195896921,0.5089340721677771,62.333096816543865,0.6594251107006676,0.3930436506644794,RED,RIGHT,1,static_obstacle
0.7937545982732106,0.2740757496124062,7.378820464964022,54.75801375831904,0.6910743807507422,0.468655873868542,GREEN,STRAIGHT,1,cyclist
0.8698897186322139,1.528982844254366,0.0,50.22318853794249,0.7261880895109287,0.4685851312964866,GREEN,LEFT,1,static_obstacle
0.6689757192964424,2.04121469640875,0.0,94.83171043314428,0.6374159970059493,0.5005565497141188,GREEN,RIGHT,1,cow
1.088952343872843,1.5938554768821576,6.667236927004716,45.44976184171955,0.6493113118998765,0.6494159612200077,RED,STRAIGHT,1,auto_rickshaw
0.9510756019097275,1.2964207559711942,0.0,32.92033351438934,0.8109941791872142,0.5861359891701441,GREEN,STRAIGHT,1,cow
0.12720975720568314,0.46238451380532347,7.909728230714481,39.58525116137797,0.8435973066041097,0.5212362101466239,GREEN,STRAIGHT,1,motorcycle
0.17394630136994543,0.37440525032863525,0.6221204239027351,35.490785484519314,0.8341135066404235,0.2857051180944247,GREEN,STRAIGHT,1,pedestrian
1.3370168650668441,2.8269568435589787,6.795541349150924,72.48359725475052,0.6136684748739354,0.6632819859143979,GREEN,EXIT,1,vehicle
0.541741380444841,0.7822042198091544,0.0,68.5544290811474,0.6715262976762069,0.19589188681013975,GREEN,STRAIGHT,1,pedestrian
0.255566058417925,0.6972469692054275,2.489485268449313,81.72210561700945,0.6581870498000637,0.4394618003795738,YELLOW,STRAIGHT,1,static_obstacle
0.5889427093984578,0.1,11.268698148656577,50.076587591373944,0.764438438466686,0.32115006826215486,GREEN,STRAIGHT,1,motorcycle
0.8635525934033107,2.028804794224861,7.434567229418109,19.385913920020737,0.8530266011623345,0.8825372296468557,GREEN,STRAIGHT,1,vehicle
0.37919485275338793,0.6529209540137828,6.1148853116179644,16.214411265750318,0.8718164211237774,0.6699720029757572,GREEN,STRAIGHT,1,motorcycle
0.3464143777856892,0.6296238451213476,0.7547353582734988,72.4717541925772,0.5770159395036782,0.32736086895418615,GREEN,LEFT,1,pedestrian
0.23647640477893733,0.8082223417558259,14.600160614646995,87.6076565678807,0.5597410368566428,0.5999951314827763,GREEN,LEFT,1,motorcycle
0.948880746964636,1.4079971589645435,7.396250523394102,27.886542310192922,0.8054695659067317,0.971375821868027,GREEN,LEFT,1,vehicle
0.29604619130796833,0.7991849745143962,1.5074257448805501,32.88490020851971,0.7252970765437947,0.3684267975752885,RED,STRAIGHT,1,pedestrian
0.399885599238216,0.25001395592472364,7.335825203267752,29.47936786342153,0.8939346067138824,0.535657156966962,GREEN,LEFT,1,cyclist
1.5064548149361383,1.847894622382298,7.30959721432389,53.7431700445947,0.6759293413879307,0.9714273995869286,GREEN,RIGHT,1,vehicle
0.8442803761828865,3.6482270555735417,11.141748633652153,53.13452704161032,0.7203216751937769,0.9321009846397228,GREEN,STRAIGHT,1,vehicle
1.180086334359432,1.8596227414963982,14.450450371316967,40.49483897674766,0.8284080719745898,0.8768113575620303,GREEN,STRAIGHT,1,vehicle
0.3138845602548651,0.7613189053350048,8.798459560534097,59.82450917355862,0.6724877228092005,0.4429747666561059,GREEN,EXIT,1,auto_rickshaw
0.5044358818524503,0.4689328519435357,7.616657300569772,30.678742515923364,0.6580329174765752,0.5570914033283512,RED,STRAIGHT,1,cyclist
1.2895494897069857,1.6979460826215582,13.60720109160058,24.141850296113766,0.680529143907105,0.9841207808239864,RED,STRAIGHT,1,vehicle
0.4536064947880004,1.0772125077887935,0.0,13.777339126712807,0.9233094282390705,0.6432269538103895,GREEN,STRAIGHT,1,static_obstacle
0.878009500717458,1.7456343849682108,0.42821637584117356,60.87994422635729,0.7910703393814014,0.6418086101834528,GREEN,STRAIGHT,1,cow
1.1522487214649642,1.8484115595614932,8.942309304805685,35.64428778756808,0.762786443646355,0.924761809932543,GREEN,STRAIGHT,1,vehicle
0.9063279455802573,2.520719933618573,15.621640992121163,88.74424596887908,0.5168654378582838,0.7229240174338599,RED,RIGHT,1,vehicle
0.7293686559528747,0.1,0.0,76.62778827595115,0.5879179224105439,0.23282724384618766,YELLOW,RIGHT,1,pedestrian
0.6788722850914756,1.5927298800458325,17.238854960808034,73.17547708599288,0.6046191318837896,0.9434791168642442,GREEN,STRAIGHT,1,vehicle
1.0254425088152563,0.8881199313243566,0.0,87.0266554824373,0.5196624747280273,0.34912856590149705,RED,LEFT,1,cow
0.8884347611850362,1.6134083689459588,14.294756796041879,83.85299149656588,0.5390302681157864,0.6925860729859199,YELLOW,STRAIGHT,1,vehicle
0.4107980854175254,1.6961493424122005,5.664446513307326,61.92945001567002,0.5768646416180202,0.4013282121080143,GREEN,STRAIGHT,1,cyclist
1.3384822334034847,0.9284122019865582,0.36207875633783365,36.3071589026081,0.8777075487408676,0.5662238998853033,GREEN,LEFT,1,cow
0.27352414407131304,0.4010650684272614,1.4634752748503321,7.736261097078426,0.8235692972104743,0.31477692404141466,RED,STRAIGHT,1,pedestrian
1.313689918383076,0.5439686979703766,0.0,91.09263746527694,0.5566429553810383,0.5359245177899539,GREEN,STRAIGHT,1,static_obstacle
1.3636103947384757,2.1981897055203836,18.499806882552424,16.990673654915813,0.7344288865108913,0.9478810210392168,GREEN,STRAIGHT,1,vehicle
0.19918154495044127,0.6110560034120825,11.45231103289721,11.661799123030471,0.8142654854498487,0.45855701266511617,GREEN,STRAIGHT,1,motorcycle
0.24821145324735983,0.2331951061341231,7.178181741004222,70.931964133219,0.6491482205617038,0.44907787472011057,GREEN,LEFT,1,cyclist
0.6618719074196102,0.7122170858800764,2.372494091520166,60.711742457550606,0.8022404931699485,0.5161030911521659,GREEN,STRAIGHT,1,auto_rickshaw
1.1245698447683237,0.855336408323502,0.0,93.60190672468526,0.5789426621547997,0.39864893994357264,GREEN,EXIT,1,static_obstacle
0.05,1.226255144223632,0.0,78.5427739905415,0.6223408519176846,0.2291355697422118,RED,LEFT,1,pedestrian
0.5589284649057426,1.1147689319372973,0.12045536875623233,10.056232374630007,0.8244854622807384,0.48816649464607353,GREEN,STRAIGHT,1,static_obstacle
0.5553014044158061,1.25600995308611,9.984600789998911,71.52592988429853,0.6680452139008899,0.4282563826376353,RED,LEFT,1,motorcycle
1.36782533594002,1.064274647086941,0.0,63.32993679886623,0.7121591596292233,0.565655461452772,GREEN,STRAIGHT,1,static_obstacle
0.4241809250196698,1.2830000176801752,6.331022102854277,8.773476526805723,0.8543046721672707,0.7089729357416835,GREEN,STRAIGHT,1,auto_rickshaw
0.21570659228009054,0.4445258003862433,11.185249480106487,29.474672253170155,0.8552965057911696,0.5056192658189342,GREEN,STRAIGHT,1,motorcycle
1.1964050979519307,1.6124176101769225,3.841833501726772,64.88440087394312,0.5923519090516608,0.6132451681939532,YELLOW,STRAIGHT,1,vehicle
1.0382845460891814,2.2302146034532324,7.844403450615965,6.739443297683662,0.8159590809364382,0.9438790685314895,GREEN,STRAIGHT,1,vehicle
0.05,1.6421014999990609,0.0,88.2405250241263,0.6688635208643697,0.3203616558073616,GREEN,RIGHT,1,static_obstacle
1.6785666246399003,1.808141170989256,11.154294901860709,79.75774204692885,0.6266268065344998,0.7119164934950408,GREEN,STRAIGHT,1,vehicle
0.62071206991173,1.036608172866116,8.8846036681666,5.811487488667051,0.99,0.6898938869558215,YELLOW,RIGHT,1,auto_rickshaw
0.38672495262244844,0.35695475481773276,6.571189945876872,70.83493196055919,0.5591795071906204,0.6210740330016778,GREEN,STRAIGHT,1,motorcycle
0.2847836488086649,1.5866696674361844,13.438001877103583,79.41909382336642,0.6924195750374498,0.6960933172399584,RED,EXIT,1,vehicle
1.3014118741837815,1.62315489842071,3.997101465257794,11.658564508254713,0.8961471549319684,0.9612383071291126,GREEN,STRAIGHT,1,vehicle
0.05,1.7576840976734804,7.59637989136602,51.18103065249121,0.7320457116059974,0.5818824087781227,YELLOW,LEFT,1,auto_rickshaw
0.9886437923337891,2.6677435034651458,7.620820201266866,62.871591417260206,0.6858896235259467,0.6882663238477316,YELLOW,RIGHT,1,vehicle
0.46284010523838326,1.0501659084085517,5.363319185355289,45.70349090677165,0.7543728970712583,0.5498984213650704,GREEN,LEFT,1,auto_rickshaw
1.40651571000969,2.027506205586923,7.862835945844195,68.07690300282484,0.6025736740449587,0.6900317871104428,GREEN,STRAIGHT,1,vehicle
0.6511228299478341,1.1178145143885323,0.0,59.40487332798452,0.8189157661504175,0.45575146263373134,YELLOW,STRAIGHT,1,cow
0.05,0.5846658380309085,2.6054378366534854,85.84955923314678,0.5158916965726751,0.12505622255609566,YELLOW,STRAIGHT,1,pedestrian
0.05,1.6010031462584542,0.19559931547403997,39.39313701998915,0.7919744431089658,0.5062694681859384,YELLOW,STRAIGHT,1,static_obstacle
0.516048884856724,0.1,6.51446453049433,50.20402449669795,0.6185087889524871,0.5407731233794021,YELLOW,LEFT,1,cyclist
0.6634180428286481,1.8085496176551037,0.400488807068073,92.4117649592316,0.557329362206347,0.40323268181782995,GREEN,RIGHT,1,static_obstacle
1.5328460488881053,1.527022464104792,15.245480334868407,76.09754402290503,0.6272458217915409,0.7793788683112693,GREEN,EXIT,1,vehicle
0.5128520244967757,1.4640869937242815,0.0,74.23975299421713,0.7402477549809637,0.41873618990656836,YELLOW,STRAIGHT,1,cow
0.8455389676641722,1.2151015008528885,7.906853875037293,66.81994806524018,0.5279618091002147,0.49214534216134403,GREEN,EXIT,1,auto_rickshaw
1.2353100177603917,1.847253099209267,14.054135613882858,21.14513173306569,0.9351490091420628,0.7481104930920883,RED,EXIT,1,vehicle
0.24074138964825292,0.19043970299565788,1.9164971464353062,14.566740378054604,0.7430449605696893,0.42660954799101625,GREEN,EXIT,1,pedestrian
0.5751815452266511,0.3162703769993819,0.5014097530819146,71.3619329022375,0.5643164524905946,0.2695236503003654,GREEN,LEFT,1,pedestrian
0.9432207534166276,1.5357279000218362,0.0,9.790455638797788,0.917620904708052,0.5560768134670095,YELLOW,STRAIGHT,1,static_obstacle
0.6525243846695314,0.9737749360492168,0.15973607543385937,5.857102005256051,0.9194932253740139,0.9689575326014472,YELLOW,EXIT,1,static_obstacle
0.8766828976422937,1.3649792093470525,3.3495818295797406,84.66734227596385,0.524157872453987,0.46362839826760127,GREEN,LEFT,1,cyclist
0.8721826802788626,1.4196473370515181,16.369774147199557,71.72903476192819,0.7866795801629515,0.75024492544841,YELLOW,STRAIGHT,1,vehicle
0.9801390599325831,2.0959350327034523,10.290172804667444,16.55146061901722,0.8689969457802071,0.7966512255295769,RED,LEFT,1,vehicle
0.2442412549781649,1.0219776019484033,0.0,8.353148961901967,0.7889776465415789,0.5263851690281617,YELLOW,LEFT,1,static_obstacle
0.5197517676212813,0.1,7.577356261699072,89.3535448809988,0.5349630867057503,0.44511266213310124,RED,STRAIGHT,1,cyclist
1.3011159632690552,1.4095897735258873,6.164658013825902,28.563549644046038,0.6698742633088831,0.6791488569415334,YELLOW,LEFT,1,unknown
0.1346135449945742,1.3327596960023569,1.8760196946996373,92.42949920329328,0.6178157487744256,0.21171016593616757,GREEN,STRAIGHT,1,pedestrian
0.9181843116769727,1.7088691516970542,0.0,43.70106210386876,0.8128251389574789,0.35378488319270807,RED,RIGHT,1,cow
1.3645484031125685,2.3369732398847507,4.466758742682687,35.93674245992331,0.8297094091027807,0.7120891699733535,GREEN,RIGHT,1,vehicle
1.3484694839897227,1.6120865870863998,20.109191422077963,36.52727496916769,0.6643263830305973,0.7789497731531622,YELLOW,LEFT,1,vehicle
0.7628986940996301,1.2339799812747396,0.2650659387909004,13.193570228876425,0.836206165203341,0.5793182432247835,RED,EXIT,1,cow
0.7178386701481142,1.42847151467339,0.5914839362025641,20.560473040520044,0.757062825307134,0.568091182126257,RED,STRAIGHT,1,cow
0.05,1.2279689126117876,2.8270428417029936,77.99718143621061,0.41912393000562753,0.40856513879353645,GREEN,RIGHT,1,unknown
0.05,0.1,0.0,75.26864864735627,0.654501865296351,0.3700397411096016,YELLOW,STRAIGHT,1,pedestrian
0.5695531290664875,0.4483556944408589,0.7799618093733238,64.78714402339357,0.5961273439208684,0.3881310056439353,GREEN,LEFT,1,pedestrian
0.47575109457270337,1.4856346420981166,1.2727903292632152,79.36759645707902,0.5895025910398259,0.3240261705073062,GREEN,STRAIGHT,1,cow
0.9236711689722903,1.3857983097442572,0.0,28.462239333780243,0.839761309386982,0.6175370795677458,GREEN,STRAIGHT,1,static_obstacle
0.9574922600666316,2.3346913020823785,6.015272802422975,43.783829894301874,0.7832433840783432,0.99,RED,LEFT,1,vehicle
0.2863494736443235,0.1726009749150631,1.00726490427831,14.996926809570247,0.7472848996075119,0.31237152020748443,YELLOW,RIGHT,1,pedestrian
0.2492230992402327,0.31889819148132675,1.5439006072597616,7.061527993746547,0.7811523587427157,0.4063471964362988,GREEN,STRAIGHT,1,pedestrian
0.6249014710690339,0.3469106326945526,7.897106066988544,76.77835345236889,0.5942413900044914,0.552048995433747,RED,RIGHT,1,motorcycle
1.035021568524753,2.1790795944789316,10.643175559596656,7.79754296502464,0.9086481312340153,0.6724383517559142,GREEN,RIGHT,1,vehicle
1.2859200683181198,2.376884885840386,12.497277568496166,10.007454628056559,0.9494329851869668,0.8861863204863902,RED,LEFT,1,vehicle
0.863132458132716,2.8907541032274215,15.10340089878025,64.4741397673634,0.7104189425557128,0.831173705817082,GREEN,STRAIGHT,1,vehicle
0.4726299408311042,1.8682112429977091,17.92624305040696,75.76105849437215,0.6601710742546776,0.8781959554635799,GREEN,STRAIGHT,1,vehicle
0.3342843107370859,0.2769235684392293,0.0,30.983520401371013,0.8679637433019181,0.38921863802432527,RED,STRAIGHT,1,pedestrian
0.44713746353502637,0.7848043024621948,4.343973070671304,22.451127358157976,0.7697354468376583,0.5502208832641338,GREEN,STRAIGHT,1,cyclist
0.19674113338489702,0.364626741125614,1.0142993545421295,8.320895550386027,0.7700709420452742,0.40578240658214204,GREEN,STRAIGHT,1,pedestrian
0.9587028219012524,0.1,5.630673209726789,90.44381711812247,0.5410365865995482,0.3654167744569921,RED,EXIT,1,auto_rickshaw
1.4468873994920233,1.9040893402580563,7.338867980346628,55.653405783601315,0.8365960015478207,0.8619470919649604,RED,RIGHT,1,vehicle
0.6574361904374649,0.6762099465483751,5.782905663936597,24.656166474720713,0.7828367755219097,0.6427485763813678,YELLOW,EXIT,1,cyclist
0.3870968558146403,1.0992352211709733,12.97301534638058,41.82873902167323,0.7429608791124442,0.5670938091648864,RED,LEFT,1,motorcycle
0.05,0.9043324512135658,0.0,80.0222286975767,0.6646999388545846,0.23835252065341936,GREEN,LEFT,1,cow
0.38841950570387046,0.8705981926562436,3.836962955812655,91.1586529386826,0.6193655241175214,0.37311502013249387,GREEN,RIGHT,1,cyclist
1.2105710421997413,2.7508086833496668,10.31047107973224,92.50985106160621,0.4481016185434656,0.7399510139990415,GREEN,EXIT,1,vehicle
0.2142560227844934,2.333346614031294,12.142148824754145,72.90815013709413,0.6811512664524488,0.7428210062738888,GREEN,STRAIGHT,1,vehicle
1.9184521176348324,0.7505577074804248,0.0,90.24072694223725,0.5443578963366799,0.42246181615752476,GREEN,LEFT,1,cow
1.2496771077244673,1.538007179743172,10.108573511237074,87.78929202759078,0.15,0.46797786348518555,RED,LEFT,1,unknown
0.8939069036158813,1.3883930534660562,0.0,34.895595900963706,0.768113461469252,0.5916641454222442,GREEN,STRAIGHT,1,cow
0.7260330432914914,0.9655021161109079,0.0,27.102503144647976,0.8768727259913137,0.48444384451949996,RED,STRAIGHT,1,static_obstacle
0.8018960504630994,0.937930985937836,0.4228308591558987,8.639068596364147,0.8894063434586278,0.4639268099496996,RED,STRAIGHT,1,cow
0.5366968469596778,0.5566869569044276,5.133918103018614,7.327434518473739,0.7874983460200594,0.5283081994811386,RED,STRAIGHT,1,cyclist
0.5915061097035068,0.8860542843735912,2.758793518852742,58.79151522803805,0.8113206720301283,0.3270686462150558,GREEN,STRAIGHT,1,pedestrian
1.0144647783235188,1.256220714761158,2.115079580114569,62.655541180300226,0.7079191381346317,0.37161372088837247,GREEN,STRAIGHT,1,static_obstacle
0.05,0.1,5.84634924416542,78.4627440377374,0.6035538952539421,0.5290900529304292,RED,EXIT,1,motorcycle
0.7959834095900299,1.7071438181496965,8.694296833626616,11.107443071959912,0.9417620774361111,0.9112334481385781,YELLOW,LEFT,1,vehicle
1.8040428713325136,0.7169662239483797,0.0,82.4748821149271,0.7267558058300239,0.5321651415268132,RED,LEFT,1,cow
0.7648238429617702,2.159526220861218,14.486091593980591,73.64655787491522,0.6595467445244182,0.8499854146431617,GREEN,STRAIGHT,1,vehicle
1.0009589796030787,0.6892492096709522,7.965994178257283,91.02533332775337,0.5518361775067866,0.4395237189075445,RED,STRAIGHT,1,cyclist
0.05,0.6165323085248802,2.756872354231972,82.8820703994908,0.5206404840168936,0.2920974989748125,YELLOW,STRAIGHT,1,pedestrian
0.7976827085951261,0.9361606446993508,7.2680482385153535,66.16201036057764,0.5944191644250607,0.44206577858742185,YELLOW,STRAIGHT,1,cyclist
0.8706379771308018,0.9408741961878344,1.8031011363976577,80.62619462052028,0.6817054091253233,0.4432144041214678,GREEN,STRAIGHT,1,cow
1.4332042929190134,1.9454511692609584,9.57653580766943,71.35456726861838,0.6660126403498484,0.8223549497024835,YELLOW,RIGHT,1,vehicle
0.9718675927752876,1.6285700521375346,0.23841416008721628,20.74895173356374,0.7051603761077113,0.5825445384023534,RED,STRAIGHT,1,cow
0.5595055348368194,1.058975200024963,7.868505312455118,6.037703305982491,0.7984547701794753,0.5380166175174367,GREEN,LEFT,1,auto_rickshaw
0.16288456235487692,0.2952524687127419,7.678331866403561,55.14097084894743,0.6536758413931016,0.48251163725205376,GREEN,STRAIGHT,1,motorcycle
1.0879746934328018,2.099828591926223,7.230913876195218,53.39098551868307,0.7773188874460587,0.7745567067897734,GREEN,RIGHT,1,vehicle
1.216720038191931,1.377249436993015,13.004258621852966,24.394410053687253,0.9220578843338648,0.7192383142777251,RED,STRAIGHT,1,vehicle
2.2237454336462985,0.14394027930620412,20.54569757017812,84.48411997958488,0.5566229538837485,0.9066810882083622,YELLOW,STRAIGHT,1,vehicle
0.34498533432762,0.4037057685080012,3.4024798122014985,74.31684359943422,0.4230004232738743,0.31964438530461725,RED,STRAIGHT,1,unknown
0.42005922744516916,0.5845939698520398,13.412173463666822,28.28853253702014,0.8085347631783154,0.5439469133866858,YELLOW,LEFT,1,motorcycle
0.6820322308829467,0.6811082221052691,3.683126703011197,11.027681973875797,0.8326651390806874,0.6692583009448976,GREEN,RIGHT,1,cyclist
0.5087771601910056,0.1,5.651709276143887,76.98050012181366,0.7174082559037073,0.38363716383652935,RED,RIGHT,1,auto_rickshaw
0.6679393334315218,0.2600678109962426,5.40122844990344,76.222844901475,0.6209262828893127,0.5914274016381721,GREEN,LEFT,1,cyclist
0.8449877230956695,1.5059268987223453,0.0,44.398256142585296,0.7512729802389022,0.5158785865455136,GREEN,EXIT,1,static_obstacle
0.0840809147259323,0.3525446264145053,1.0941386740967536,19.151096399411355,0.7752326805234925,0.4865697838644277,GREEN,RIGHT,1,pedestrian
0.822400242435191,0.9479848662377894,1.3394740197306558,51.14785032779889,0.7000824902355165,0.31041189337598907,YELLOW,RIGHT,1,cow
0.3940621951580139,0.11595360631333138,2.1119621164336193,22.847640772676833,0.7746942774911806,0.21507279831944592,YELLOW,STRAIGHT,1,pedestrian
0.4978239929815623,0.8839528973730603,3.9879019182998823,35.28094499245987,0.768639873676056,0.6317107945508799,YELLOW,STRAIGHT,1,auto_rickshaw
0.6580220444929051,0.8049806314513172,6.316169253556985,31.61662484703283,0.7603818427932967,0.5063833765624846,RED,LEFT,1,auto_rickshaw
1.1213121361178764,1.5866314479909978,0.34053056621875244,50.96017593866336,0.703359966615188,0.6228117569634284,RED,STRAIGHT,1,cow
0.05,0.1,2.283038615916694,58.100457826452455,0.6352737346749162,0.3055590424866931,GREEN,RIGHT,1,pedestrian
1.888464001354033,2.0350295601082675,18.878798043684117,52.87458570038288,0.7383435135945469,0.7094858593698206,GREEN,STRAIGHT,1,vehicle
1.360085325471137,1.9286458865484957,13.348131934939518,42.78976874961997,0.7571825504904537,0.807467241796423,GREEN,STRAIGHT,1,vehicle
1.650894458769366,3.5451188818511286,8.769320410515364,94.27953346917248,0.5208358206842667,0.8978758249514297,GREEN,STRAIGHT,1,vehicle
0.5302071901301939,0.4617943815004662,1.7688793775493672,39.55231044510883,0.7791754826273309,0.27745319352102427,GREEN,STRAIGHT,1,pedestrian
0.5770023996536378,1.069820941812062,9.902418753917436,39.752060141552654,0.771296248841054,0.5478278441680874,GREEN,LEFT,1,motorcycle
0.9423693229146975,1.022868555932302,0.0,30.91016966856912,0.8570054794276922,0.5869414281862415,RED,STRAIGHT,1,static_obstacle
1.2443843099548464,1.4363902015482388,17.265157955486266,11.709767736684713,0.7856064717500587,0.9787202329106705,YELLOW,STRAIGHT,1,vehicle
1.4791441558184235,2.2462738441736874,12.416877815995706,65.74172820547506,0.7404097670930477,0.8916859736324505,GREEN,STRAIGHT,1,vehicle
1.0665924477936477,1.4854116778312592,2.897849239650257,34.44592482756895,0.8695121876965265,0.8518609781312043,GREEN,LEFT,1,vehicle
0.3969457402838987,0.6548605964796212,0.08267915684224643,89.36961573955331,0.5035037444179822,0.5218103005515312,GREEN,STRAIGHT,1,static_obstacle
0.5727424522108027,1.007083032095125,4.0997854542129355,30.935458989269033,0.7045346507358852,0.4973391895670971,GREEN,STRAIGHT,1,cyclist
0.4531079191544203,1.3426517408973329,15.07684453374918,54.716940204397346,0.7577944878014371,0.5690792511657125,RED,STRAIGHT,1,motorcycle
1.5924550542056701,0.9810791993249375,4.370031706092185,85.55914084663297,0.5513629063732702,0.48435503737216257,GREEN,STRAIGHT,1,cyclist
1.4780059663770753,1.4499223763795608,11.483666322398651,65.14010245338758,0.19071190799854768,0.5871736349192131,GREEN,STRAIGHT,1,unknown
0.7485869524985277,1.00141248948808,5.808383049060737,15.81613962762151,0.9405104243960312,0.5711063595519721,GREEN,STRAIGHT,1,auto_rickshaw
0.8598643015947307,1.9706509778509353,9.276389907948547,53.394126734866084,0.7292150611549512,0.8091142006691676,RED,STRAIGHT,1,vehicle
0.7030628735989541,1.3608188160435073,12.91749850549341,90.69218778062235,0.5984191063512779,0.24236291330425389,GREEN,STRAIGHT,1,motorcycle
0.9264746327879774,0.9465981088785722,0.7850057450757781,82.1785728049566,0.45327508205583145,0.2938595540638216,GREEN,STRAIGHT,1,pedestrian
0.7840562393876079,1.7479488587393022,7.854103541520258,37.903355858802044,0.8060660849335386,0.5863997787814159,GREEN,RIGHT,1,auto_rickshaw
1.5365028080200667,1.9185794505342595,9.26881257129922,37.26354858425804,0.7645960759316185,0.738455255818944,YELLOW,LEFT,1,vehicle
0.2689674356602476,0.4479175552091016,15.85876339069731,48.274885091694856,0.7555970985614262,0.651718822882372,GREEN,STRAIGHT,1,motorcycle
0.6281075310474554,1.2913740512866227,5.118841641476576,22.435719029880527,0.9228313283180553,0.3881450139511604,GREEN,RIGHT,1,auto_rickshaw
1.119170938746668,0.5413357550865749,7.8946251470304265,86.50713842927244,0.6457036150018765,0.5575508405406916,GREEN,STRAIGHT,1,auto_rickshaw
0.6280757916310167,1.3219182550706574,3.381747688833817,54.58800948256373,0.6835187004401934,0.45723796631073,RED,STRAIGHT,1,auto_rickshaw
1.621355926477555,2.3259884791910697,16.648450896488256,47.828885734874824,0.8137668385432775,0.8556866310653866,RED,STRAIGHT,1,vehicle
0.19474237820704526,0.2807921976651479,0.8328299183637178,20.235592171954988,0.7389329694585219,0.4167924263041519,GREEN,RIGHT,1,pedestrian
0.4886852243174634,1.8844673263575886,18.250281303659982,85.6150064349892,0.5799821820638867,0.7395752264572177,GREEN,EXIT,1,vehicle
1.3486341935835662,2.545837618550642,10.423079436592415,94.58469519676147,0.6185357324425468,0.9123269506567506,GREEN,STRAIGHT,1,vehicle
0.5984831391049481,0.7745869922756266,0.0,73.10236599206064,0.5725355181157178,0.4336066667826901,RED,LEFT,1,cow
1.597480576066631,1.0480213063440353,17.280664303450912,88.39224473757209,0.6521216265665498,0.7666598912070606,GREEN,STRAIGHT,1,vehicle
0.46945981559062816,1.0974900308754296,14.214610257491659,6.962150943604769,0.5512895795963698,0.6875077447171942,GREEN,STRAIGHT,1,unknown
1.097528040963826,2.019244555001646,0.0,46.119938000550995,0.7047041344681301,0.5893139973108259,RED,STRAIGHT,1,static_obstacle
1.8667855483682574,0.5683076902095366,6.183158956056937,87.72031457448291,0.5583280327407892,0.4568344762237602,GREEN,LEFT,1,auto_rickshaw
0.05,0.13820714682617138,2.5892191125208814,85.37379391032556,0.6252990963353232,0.24858929084291762,GREEN,STRAIGHT,1,pedestrian
1.0058259717945468,1.1958634102358512,8.182392136517336,33.37504684980157,0.7880744010759221,0.7013389820235836,GREEN,LEFT,1,auto_rickshaw
0.5663555504479436,0.277994737923063,9.36657768008594,39.09026041814323,0.6624542368511468,0.6186818577342972,GREEN,STRAIGHT,1,motorcycle
0.305808355200199,0.3057431915200434,5.773640946256681,71.00653504231465,0.6222169699407175,0.34274248310448385,RED,RIGHT,1,cyclist
0.5065393904190582,2.0631602455277958,0.30293107894478066,41.90193709808579,0.8276265378124799,0.57682827914046,YELLOW,EXIT,1,static_obstacle
0.5964901681476639,1.1044457654800244,0.11685281570726247,39.20980521221721,0.7381338003892323,0.42116944885495367,GREEN,LEFT,1,cow
0.9076506802852605,2.3885483466854605,7.069586930455167,32.46865363579921,0.8524213254286676,0.8515265458733754,GREEN,STRAIGHT,1,vehicle
1.0787887056189804,0.1,6.434249689451605,80.00372968289484,0.5289190390851957,0.36917433434430913,GREEN,STRAIGHT,1,cyclist
1.0462734313150461,1.5819121197958756,11.753807975223465,25.014342216118354,0.9245195257957094,0.7495023876802718,GREEN,STRAIGHT,1,vehicle
0.2855767160025022,0.7070406972522465,0.08146501707764275,27.0482194340458,0.669070082868408,0.23778471332800927,GREEN,STRAIGHT,1,pedestrian
0.8729606027314577,1.8229356400011965,8.885583062010664,87.37984252116651,0.5242700323540297,0.6797394403855531,GREEN,STRAIGHT,1,vehicle
0.05,0.1,0.7662377742516884,63.01000399679117,0.7323552893175164,0.2560001567558881,GREEN,EXIT,1,pedestrian
0.23158879956496187,0.44103345225064006,1.7509683805857126,14.294991675297545,0.927947889037647,0.5478973876946559,GREEN,STRAIGHT,1,pedestrian
0.6009598640518887,0.1,0.0,57.78534933251827,0.74595263436055,0.3096078259025134,GREEN,EXIT,1,pedestrian
0.8394382801214946,0.3776395073254875,13.582456725021474,79.40863237852871,0.5836316105457257,0.4619785617930355,GREEN,STRAIGHT,1,motorcycle
0.19919418346594248,0.8121125150348542,2.3554435110997236,29.609980706137577,0.8041816508155651,0.48198553830714574,RED,LEFT,1,cyclist
0.3213018355856981,0.6925367343807278,12.801247863383846,93.3646139731958,0.5188102394942867,0.41111456026473836,GREEN,EXIT,1,motorcycle
1.4852393511293218,2.438418918609785,9.085303951782317,38.39075483583117,0.785458029526704,0.9191983365356793,GREEN,STRAIGHT,1,vehicle
1.7149075198676509,2.257783356242434,8.796385082430243,53.82051431911258,0.8955957056027056,0.5640554091322523,GREEN,EXIT,1,vehicle
0.520265951971318,0.3463899300517702,7.269421948796843,33.58370026709348,0.8066730762558262,0.4204018588336777,GREEN,LEFT,1,cyclist
1.6520814414582388,1.529252470980118,13.88305050708897,49.86300598140783,0.7065173891748439,0.8744895054650015,GREEN,STRAIGHT,1,vehicle
0.266660171823253,0.6185695389381471,0.6014414354105241,77.28313335417901,0.6545487413742898,0.3724485754882866,GREEN,LEFT,1,pedestrian
0.6938873286439963,1.3903366612611505,1.4267290471237497,46.96233150589713,0.739429130012324,0.5471867511196036,RED,LEFT,1,static_obstacle
1.151373896012442,1.7243268996897771,14.90170247348177,17.723755004429123,0.9107662630555171,0.8405099765261064,GREEN,STRAIGHT,1,vehicle
1.5612573328347312,1.4488946849071336,2.44500024420573,80.33025818488265,0.5963282691369025,0.4659541812754546,YELLOW,RIGHT,1,static_obstacle
0.8848261626425363,1.3584507348138029,0.029952716891652742,25.189152684457547,0.8220303817150293,0.47951907125638626,RED,RIGHT,1,cow
1.1443662152617438,2.2530916029872734,14.32452195796014,38.550448394767386,0.8716942063675551,0.8740947241655765,RED,STRAIGHT,1,vehicle
0.9453233236215288,0.1,0.0,79.33066423628864,0.6414384748262918,0.25654285260395016,GREEN,RIGHT,1,pedestrian
0.6794122503666904,0.8392070921248398,3.8605490823413033,32.23391363244745,0.7528097390037712,0.672674072925525,GREEN,STRAIGHT,1,auto_rickshaw
0.41320026033179225,0.9731554663598647,1.4056084866748422,76.14297042276712,0.5752129393901463,0.37803263511209895,RED,EXIT,1,cyclist
0.5984599980067524,0.620338138505114,2.747172347418546,79.6256133799243,0.6171589819538901,0.3773161416878651,GREEN,LEFT,1,pedestrian
0.05,1.040747156349148,0.5765320699407828,92.48969551107017,0.15,0.12681927266105664,YELLOW,STRAIGHT,1,unknown
0.50516447658909,0.5244380304065892,1.2831008014809029,36.78865226784171,0.6569430414972627,0.3364930168677143,YELLOW,RIGHT,1,pedestrian
0.625398394941326,1.5378487549552855,0.0,22.306340104455266,0.8212722854343422,0.39170453557580315,GREEN,STRAIGHT,1,cow
0.14026689327840675,1.8036476775956238,13.002741874862954,76.64771266426175,0.15179322142352125,0.4181622225759549,GREEN,STRAIGHT,1,unknown
1.4572870013655748,1.8174247034178732,16.15060098654516,80.39064367479276,0.5733091589894633,0.7418951524256384,GREEN,LEFT,1,vehicle
0.8809733381702008,1.2296183921501074,0.893627511602209,85.05431111426795,0.5995630785377535,0.05,GREEN,RIGHT,1,pedestrian
0.34221684641238287,0.1,3.1841552580122396,72.08152594812644,0.5793152093793322,0.36229053282678636,GREEN,STRAIGHT,1,pedestrian
1.6536239055786786,1.0755317486898732,15.50136955042952,87.227607811105,0.602712635703977,0.9436262893482085,GREEN,STRAIGHT,1,vehicle
0.5041223297866273,0.6245833064599973,2.986261633676608,77.84802839264385,0.6208977540902263,0.23843482792178083,GREEN,STRAIGHT,1,pedestrian
0.9900463808286225,2.201163213049789,0.0,64.52626932740309,0.6017473451022212,0.33172466005002704,GREEN,STRAIGHT,1,cow
0.5453065878601305,0.5255084304724189,0.9054092762005337,33.90812138237585,0.7612910783565544,0.5849556051401013,YELLOW,STRAIGHT,1,pedestrian
0.48938133244213355,0.1,5.997794804122621,52.147369616745756,0.8135535695324021,0.6701437225841076,GREEN,STRAIGHT,1,cyclist
0.07474189940169856,1.0297686299740791,0.0,63.16965009474258,0.4812359694929753,0.4974984402946313,RED,RIGHT,1,unknown
0.09687484594107582,0.1,4.356574336378399,69.54348947754298,0.6511016561698328,0.47676969059177504,GREEN,LEFT,1,auto_rickshaw
0.05,1.2873834886429327,0.0,54.219821002596746,0.681585261195651,0.5375229617163932,GREEN,STRAIGHT,1,static_obstacle
1.3136362342732686,1.59889993812335,8.558748146964428,51.7538328566562,0.831746125504833,0.8778613309907605,GREEN,RIGHT,1,vehicle
0.44631898342761456,1.1949306663546062,0.37843899549250026,57.60475375808005,0.7566602676618726,0.28849130171856774,YELLOW,EXIT,1,static_obstacle
0.35207055937017917,0.7395543734557007,8.489897394261693,33.111152934673264,0.8457274728599807,0.5824785909114689,GREEN,STRAIGHT,1,cyclist
0.9960621911207286,2.6428514642350516,15.611654380398091,68.15830867510486,0.8316082817554848,0.7516635482910466,GREEN,STRAIGHT,1,vehicle
0.11319784440561903,0.1,0.0,92.66577118026342,0.62801292359894,0.29616720311909966,YELLOW,STRAIGHT,1,pedestrian
0.6420836479331675,1.3051712268965776,14.272569169737611,83.53116151266684,0.5613084847154856,0.2100590351103439,YELLOW,RIGHT,1,motorcycle
1.5661701988245202,1.40460361558665,11.002459061369137,42.41133233814459,0.7633917597914163,0.7129931837871212,GREEN,LEFT,1,vehicle
0.7237957743140273,2.30870782755119,22.467653830676813,54.871646713426095,0.8112660362416705,0.7444089959876756,GREEN,RIGHT,1,vehicle
1.72391839826181,2.1558365628682736,7.935299007301711,82.93428056087822,0.6893680609458187,0.7017160051526361,GREEN,EXIT,1,vehicle
0.707761480420257,1.9359621882042743,13.225791425354023,41.883126678655884,0.8322912500152676,0.6211396120997512,GREEN,RIGHT,1,vehicle
0.5780931084527118,1.222872716612531,1.2987718265892494,78.73081501143301,0.6833510290156478,0.3291535667133517,RED,STRAIGHT,1,auto_rickshaw
1.3461740819375465,0.9562351385268036,0.0,34.19617320064011,0.8057544963017004,0.6073776904436605,RED,LEFT,1,cow
0.5878636750784814,2.1246805502034896,0.80464130357562,56.103814599443815,0.8155428804612618,0.48140870613818426,GREEN,STRAIGHT,1,cow
0.11888366726512156,0.1,1.0057199492125748,29.16056273795383,0.7306331177346188,0.3275531182426623,GREEN,RIGHT,1,pedestrian
1.280328932977728,1.822925771922215,15.043140226308918,21.232966267266665,0.875755679922694,0.9579405506153799,RED,STRAIGHT,1,vehicle
0.48778644055336573,0.39840073084247496,6.498116365604125,27.15983179128829,0.7160750855162165,0.538002660541761,GREEN,RIGHT,1,cyclist
0.05,0.18638826939165035,0.7112373995251776,65.86670073120354,0.567033636777495,0.055633544361671006,RED,EXIT,1,pedestrian
1.59017052929032,1.311326884307333,10.225354329314987,34.339141165416855,0.768790981934293,0.9881608882695023,GREEN,STRAIGHT,1,vehicle
1.0161436893303377,0.6999296827682001,1.564739196964114,45.932601891439376,0.7192242027896714,0.7391954146646859,YELLOW,STRAIGHT,1,cow
0.37002731169421754,0.6126541653099471,0.4171179964190529,28.244997230325303,0.8083820962033031,0.29116791931503444,GREEN,LEFT,1,pedestrian
0.5183364191861892,0.740928807142759,5.560096116403816,42.971000311416596,0.8257363775507921,0.597291446118002,YELLOW,LEFT,1,cyclist
1.2983126506722025,2.0022779415188547,5.649841622086621,80.8665507354288,0.5736929709342833,0.8651878070320749,RED,STRAIGHT,1,vehicle
0.6737764061803009,0.10050702891470725,1.9186714182396294,54.09865477049842,0.5886708346083198,0.3348687701190879,GREEN,STRAIGHT,1,pedestrian
1.1330976320576023,2.153519501873848,16.420507333096474,20.024125582582577,0.8422158931278919,0.8351317939619973,YELLOW,EXIT,1,vehicle
0.16944140217448642,1.3563900967377904,13.493222236620737,6.359651747212409,0.56989484515191,0.42123665471037885,GREEN,LEFT,1,unknown
1.5437986963466828,0.306527922063781,7.651638576254958,90.01107889827409,0.4976950866497326,0.4545405596222948,GREEN,STRAIGHT,1,auto_rickshaw
0.790065473059854,0.8504767716130127,15.45676402774992,39.545129365060085,0.7515067400455379,0.5728830718693799,GREEN,EXIT,1,motorcycle
0.08859013635467705,0.6463928746824554,4.436784514069003,25.913095181568373,0.8277518459139053,0.5066189824925988,RED,STRAIGHT,1,cyclist
0.7045149411281347,0.776586335823207,0.535355400166103,61.5895807326259,0.8504234008440985,0.4011311963195776,GREEN,EXIT,1,pedestrian
0.22774529122428516,0.41251036323941537,3.7040965404589485,26.47633538413448,0.843761678066377,0.2882114128765862,GREEN,STRAIGHT,1,cyclist
0.25525510458399187,0.1,2.991113491445294,91.3314114215061,0.6195782237411257,0.6144722420571168,GREEN,RIGHT,1,cyclist
0.7671597379993792,1.3248411633990225,3.471723504867114,5.294383279812516,0.9253782956334579,0.5293955839394922,GREEN,STRAIGHT,1,auto_rickshaw
0.14465888536434968,0.1,2.1277292268397927,18.232784646843456,0.750613428026019,0.29131851455414354,RED,EXIT,1,pedestrian
0.4948877447614317,0.7074098394311533,5.416417660581555,8.662139343602906,0.7960795768863878,0.7241502551096162,YELLOW,STRAIGHT,1,cyclist
1.393907589879809,1.8629947649992054,18.295676764640262,47.143051211665046,0.7437202441457638,0.888764416440019,GREEN,STRAIGHT,1,vehicle
1.1284861493671527,1.3542432677062806,14.944039323174557,54.24151588074792,0.6925172351141754,0.8638329795039994,GREEN,STRAIGHT,1,vehicle
0.598775225542448,1.3308884116757522,0.976975566020022,22.81955554911346,0.7856385843004453,0.3298719595059303,GREEN,RIGHT,1,cow
0.6864797549803721,0.1,6.545780585423227,94.13885284555619,0.46782715640086897,0.519757874436252,GREEN,LEFT,1,cyclist
0.436690135876584,3.021970832898298,15.407999431007692,82.04028492459635,0.5719094319263078,0.8725026590297947,RED,STRAIGHT,1,vehicle
1.4615028589478982,0.9139652247205732,9.706147913230414,68.24559047555859,0.6804021264577322,0.6171400980321311,GREEN,RIGHT,1,vehicle
0.48779468578976376,0.8525801179379104,4.784667858546873,25.302222252106347,0.8753242255270302,0.40688887798135465,GREEN,STRAIGHT,1,cyclist
0.42493427157336516,1.1337466178160602,6.783870426179558,39.640112147226354,0.7752636245875238,0.44610617363595684,RED,STRAIGHT,1,auto_rickshaw
0.7634258585329909,1.300212343342253,7.1048492052021235,58.4493113493025,0.699509025860594,0.30471608604973593,GREEN,STRAIGHT,1,motorcycle
0.3530363480689852,0.9572373896911729,8.419333057670299,27.582369434802608,0.8437063362491491,0.7107202658321312,GREEN,LEFT,1,motorcycle
0.05,1.4304636694965371,9.499996810249591,68.27435561028898,0.7306472399829855,0.3368691881152306,RED,STRAIGHT,1,auto_rickshaw
2.009080749829982,1.7874358823619596,13.576225183864464,83.42634122835466,0.6067513455419538,0.7764439092947766,RED,STRAIGHT,1,vehicle
0.2940423606523073,2.3477697986655315,0.16290828301433913,81.49665904626592,0.5839789710653664,0.3712812795518003,YELLOW,STRAIGHT,1,cow
0.7699930173106959,2.754979136669692,12.783367837160752,68.22994882663858,0.6422138480465999,0.7944866400025908,RED,STRAIGHT,1,vehicle
1.2931959389870575,1.146071053020682,13.733790398324967,35.895391329848955,0.8311179099178885,0.8402092916517983,RED,STRAIGHT,1,vehicle
1.0010722099873557,1.7375485722140878,7.813671778311905,69.69463580946766,0.7069395324627751,0.42986692027204715,YELLOW,STRAIGHT,1,auto_rickshaw
0.47140910418259646,0.1,1.8584799916301389,61.08646652602636,0.6708163012920205,0.3421251126814464,RED,STRAIGHT,1,pedestrian
0.24897870954916784,0.5054038961473236,17.70962303659048,17.35722875109748,0.7443826614689085,0.6239258235249869,YELLOW,LEFT,1,motorcycle
0.8866321721902173,0.1,8.749002600948021,72.67696031178335,0.6253275629831481,0.3990561695770395,RED,EXIT,1,cyclist
0.14761593369996961,0.7978744989284676,1.4159771142116129,44.80310898274019,0.7578495923399207,0.5373998180236095,YELLOW,RIGHT,1,static_obstacle
1.0950951223900471,0.1,0.0,75.57771008195432,0.7793429767164577,0.4565868160302629,YELLOW,STRAIGHT,1,cow
0.604970960535975,0.745206874149229,12.029854303601091,71.10295307195553,0.5863303769885533,0.4439023801585966,YELLOW,RIGHT,1,motorcycle
0.6420609097953752,2.229990149865365,0.18502642507896266,70.7295579553464,0.6206473116541492,0.4445538482120358,YELLOW,LEFT,1,static_obstacle
1.2253007272411633,0.7735376924468654,0.0,71.81728387543343,0.5844891260878249,0.4977003101041583,GREEN,LEFT,1,static_obstacle
0.3798004293293982,0.12143936663585253,0.33233268626289464,21.59301957543881,0.6782618754296441,0.378249181676822,YELLOW,STRAIGHT,1,pedestrian
0.3063079918410175,0.40538344571440255,3.33167092378354,33.46860533096011,0.7295768797264949,0.4871995496079069,GREEN,STRAIGHT,1,cyclist
1.5595479202391502,1.8698228937908035,3.245736906263636,11.688432245232587,0.8026884898946142,0.8364135250598819,GREEN,STRAIGHT,1,vehicle
0.7807850766176849,1.1252421465163664,0.0,34.348973053072754,0.7411147661155636,0.4853560148563334,YELLOW,STRAIGHT,1,cow
0.6151912532796712,0.7874746490262966,8.5631339425083,44.93667015767621,0.7671960911771772,0.43363062437378397,GREEN,STRAIGHT,1,cyclist
1.0984941383445932,1.1724068416706537,0.0,76.72832613564984,0.6361171050439912,0.5308583849883495,GREEN,LEFT,1,cow
0.05,0.1,0.0,74.89351306447467,0.5710929428754923,0.19295214631054,YELLOW,LEFT,1,pedestrian
0.05,0.46472359288488146,1.746861517396919,63.35977036850856,0.6373727204293588,0.19978944419968997,GREEN,EXIT,1,pedestrian
1.1353621257358169,1.2382478070569745,0.0,44.349811489238114,0.8323103159418607,0.6302395148828167,RED,RIGHT,1,cow
0.6757301767086337,1.0668140467516634,1.9571250291172189,86.67338062572347,0.5799021600571526,0.22936872967080282,YELLOW,STRAIGHT,1,pedestrian
0.05,0.415905841540136,0.20253910313211299,31.1436396287635,0.8760428250369126,0.2045907218917599,GREEN,STRAIGHT,1,pedestrian
0.05,0.22527617260720845,4.743090137237535,82.10048827589758,0.5199528388056748,0.08694455954500971,YELLOW,STRAIGHT,1,pedestrian
0.9748973249071551,1.0064428012127937,8.673016995778486,91.80486723775468,0.6528087161435961,0.5303943941994836,GREEN,STRAIGHT,1,motorcycle
1.1625145831468213,1.6802485338935487,0.0,27.723535178640486,0.8030901925947593,0.3201605789354588,RED,STRAIGHT,1,cow
1.408704547670888,1.5403394537385504,13.586775032185804,29.78976104974723,0.855886271476444,0.9202353734153622,RED,RIGHT,1,vehicle
0.9505700262269375,2.6755285891450113,17.02805076226277,74.07884165253523,0.8124220045103715,0.7775569392438135,GREEN,STRAIGHT,1,vehicle
1.0048125612656,1.8831108428901624,14.720388857060026,61.38210821737047,0.7781416430970133,0.6973564079656109,GREEN,STRAIGHT,1,vehicle
0.4960935329987062,0.12312122164928163,5.54741015549137,57.66138011845715,0.8255820749701033,0.661748320425335,RED,LEFT,1,auto_rickshaw
0.05,1.2115324918647072,4.457256348795431,80.5981268311037,0.6719105702580846,0.5532976365100779,RED,STRAIGHT,1,cow
0.8030528915968218,1.746636259383331,15.627464971353424,22.75036583227723,0.9296237811405588,0.99,YELLOW,RIGHT,1,vehicle
0.703472475180497,1.405404782996807,13.874687962436978,90.6931575689172,0.5959915660693852,0.7428787859260942,RED,RIGHT,1,vehicle
0.17950431742070758,0.1,2.8151895054129867,72.57911317801634,0.5824829951366094,0.18693047875632351,YELLOW,STRAIGHT,1,pedestrian
0.9552762299733809,0.8167211183145785,1.4916076750924736,46.06354971628047,0.66247959525661,0.40397466529990017,YELLOW,LEFT,1,cow
0.5617975118592105,0.1,0.0,81.65495300019276,0.7248624519400632,0.4242070014044616,GREEN,LEFT,1,cow
1.8670005468314335,1.9077393305997152,16.90447441784463,36.43703981925627,0.8622812504169346,0.7185485904309424,GREEN,STRAIGHT,1,vehicle
0.7098544943188574,0.1,3.668717042606838,42.07450524908747,0.6933136041185255,0.3401519024700588,RED,RIGHT,1,pedestrian
0.15568086970938172,0.3529373572300934,0.7000879782499723,10.279474844044087,0.7969628817939495,0.3789988489669518,GREEN,STRAIGHT,1,pedestrian
0.526960944623285,0.262504120199036,11.650652288211091,59.5133366910439,0.7229637946866229,0.6104496697591383,GREEN,STRAIGHT,1,motorcycle
1.2961092312788962,1.2909637715215077,5.991308653585511,90.89431042812045,0.6664728984291776,0.6822716755543796,GREEN,STRAIGHT,1,vehicle
0.5647088348015017,1.6558281510704584,1.3377812885963614,39.60740453238792,0.7331924186179059,0.43892616761032244,RED,STRAIGHT,1,cow
0.5098071207665541,0.8276550835665317,0.0,79.48986503472389,0.6275170083417396,0.5672546496045752,GREEN,STRAIGHT,1,static_obstacle
0.8920278926483696,1.7354802841817627,17.04936914003539,33.32554163562335,0.6993988987009846,0.8515761776511744,GREEN,STRAIGHT,1,vehicle
0.7609922922328064,1.1189901751718017,11.452770023997306,88.43967146710283,0.589935604456665,0.9253162724253092,GREEN,STRAIGHT,1,vehicle
0.606550633746131,0.4740842556364906,1.902148356517992,68.76792742038471,0.5940663927908884,0.12696686808788618,GREEN,STRAIGHT,1,pedestrian
1.4050651139952517,1.0951716334336796,0.0,66.86039313940539,0.6341002443296334,0.35928151825879995,GREEN,STRAIGHT,1,static_obstacle
0.05,2.3516289801270993,3.9454797508391213,73.81636499159536,0.7205220138695705,0.41830514495225163,GREEN,STRAIGHT,1,auto_rickshaw
1.0902487791830588,0.773705826044342,0.11206749264105778,19.84160694620301,0.8094427235052445,0.5729924904815002,YELLOW,LEFT,1,static_obstacle
0.05,0.1,8.347318427663943,79.80759106914172,0.6408959726541099,0.3681061658956558,RED,STRAIGHT,1,cyclist
0.2771499492568124,0.34970691115598507,2.0135676356299053,16.986241643437655,0.921030928843435,0.4148364166798792,RED,LEFT,1,pedestrian
0.37481744278831913,0.5061315843322007,9.065321229957117,10.423156178456024,0.7728349550117665,0.7971380444308962,RED,STRAIGHT,1,motorcycle
0.9564110412721614,2.4061135863249556,9.586861661425367,88.48693213828727,0.579010758993587,0.5635885901255542,GREEN,EXIT,1,auto_rickshaw
0.913205572195774,2.320787335197466,20.995049283269303,38.25100059391408,0.8358998833378343,0.5901691884550047,GREEN,LEFT,1,vehicle
0.05,2.0942773103047525,2.2247778619383896,71.08304394163402,0.49849257094990945,0.3580540817212572,GREEN,RIGHT,1,unknown
1.0558224848839923,1.2286609173751741,0.0,43.10150601729138,0.7732093781733547,0.4222689908422004,GREEN,STRAIGHT,1,static_obstacle
1.2393655259998038,1.5049743931013029,0.0,72.7237453888168,0.660956353216695,0.6801892951371526,GREEN,STRAIGHT,1,static_obstacle
0.5948381966775063,1.848741317750891,0.0,85.14465385875644,0.5526971552176689,0.42683897090932077,GREEN,STRAIGHT,1,cow
0.30326837993629985,1.7026540709955729,10.169897646399688,54.169057014243464,0.6711538149834225,0.24961911890798982,YELLOW,STRAIGHT,1,auto_rickshaw
0.6013512764594078,1.5999244777376125,2.754202646913734,46.96663335304284,0.7353410184022912,0.4875480534959644,YELLOW,STRAIGHT,1,cow
0.08833517687685197,0.11909930117425405,0.0,56.36971849526779,0.6921982364852314,0.3471798330318376,GREEN,LEFT,1,pedestrian
1.4787645901652011,2.0783691832816977,15.691720663192587,70.89722352710682,0.7705305783679182,0.7570393880773761,GREEN,LEFT,1,vehicle
0.05,1.4761672324661792,11.940060425368538,83.32753669110006,0.6311858598473677,0.5500475956811777,GREEN,STRAIGHT,1,motorcycle
1.3169123184783111,2.0788782959331042,13.22857656649957,22.261807924043868,0.935895394617709,0.8184488269136687,GREEN,LEFT,1,vehicle
1.8597586708416562,2.2909207741141913,14.7511672354668,62.231977487003284,0.7201937890150751,0.6877514072240178,GREEN,STRAIGHT,1,vehicle
0.7142526701889143,1.800021364729762,7.643501525794408,56.568125417563195,0.7212997378998746,0.8793518384510988,RED,STRAIGHT,1,vehicle
0.859417598824713,1.6556217442183643,14.888497491228287,20.86832967682238,0.7826388079540748,0.591544381855837,GREEN,RIGHT,1,vehicle
0.9037335707234917,1.1757551468436849,0.0,11.478283848565425,0.8058423810076986,0.7448670883411973,GREEN,EXIT,1,static_obstacle
0.6249283959009317,0.7579281592372933,8.265899258001003,22.526317040265887,0.9011126952937606,0.44656346609466335,RED,STRAIGHT,1,motorcycle
1.2309480998020934,1.949079980137091,15.893386128842335,78.64585498128393,0.6988463637064525,0.6911655419314675,RED,STRAIGHT,1,vehicle
0.39399559011110874,0.5842291966306319,0.44463647045406,42.44234651471814,0.8025172016776567,0.40157299736913876,GREEN,STRAIGHT,1,pedestrian
2.129366067706669,1.3456624916626976,7.484854026310453,94.87311718065396,0.4861387844437177,0.9411754531839429,GREEN,STRAIGHT,1,vehicle
0.15923460422787472,0.32565636935916925,5.8055648688434855,34.23717560530445,0.8373489484309419,0.37641394292947816,GREEN,LEFT,1,motorcycle
0.7231776588512103,0.40911041197562653,0.5230054550661014,38.15171217395374,0.813296814064666,0.4556269337359134,GREEN,STRAIGHT,1,static_obstacle
1.2572390797440784,1.9839781418147044,12.729699628216522,60.7318898344501,0.6104127095912077,0.9367243328069251,YELLOW,STRAIGHT,1,vehicle
0.813362036583176,1.2943767830639472,6.031489187747213,21.084893237043964,0.7849369329052064,0.4916561727026113,RED,STRAIGHT,1,auto_rickshaw
0.9696222134967601,0.721875308777492,0.7728931198277613,69.85643058734237,0.6674583004238738,0.48606860935081414,GREEN,LEFT,1,auto_rickshaw
1.1428266652263743,1.3977076507382624,6.878160890535626,90.43304762181069,0.5050423310430394,0.2627008721114692,YELLOW,STRAIGHT,1,auto_rickshaw
0.05,1.2592273839079673,9.03969283972045,72.9980180905406,0.49794289206927506,0.43128607775378114,YELLOW,STRAIGHT,1,motorcycle
0.8450909978408668,1.747219952425124,6.894371278087688,8.825758459798035,0.7947382265939289,0.9051859136454294,RED,STRAIGHT,1,vehicle
0.704295532408899,1.3601329166910197,0.16472526669814952,31.426275408612625,0.8566548995290689,0.5113340182278867,RED,RIGHT,1,cow
0.6250669672559515,0.7718324223117357,7.00993656320504,36.48825371908303,0.6216407529602481,0.5329098516479227,GREEN,STRAIGHT,1,cyclist
0.7338956447429555,1.2246338215168306,6.5290545843904555,14.310431483971742,0.9584894679993835,0.5367772579445544,GREEN,STRAIGHT,1,auto_rickshaw
0.6503161569689684,1.2897742723523409,0.6492825085643067,20.849555278201542,0.8097036244900191,0.6849363651540428,GREEN,LEFT,1,cow
0.8565401489904774,0.7789185273169084,6.061030725872419,38.38275895376319,0.577456534882782,0.5675743999432659,GREEN,EXIT,1,auto_rickshaw
0.7051711634712099,1.6484864144747757,1.2891181217295515,28.332887184101228,0.9144537515431183,0.6051972119385183,RED,STRAIGHT,1,cow
1.0043373377142242,1.952412467053834,19.440406774066393,23.07983826920993,0.8927388021244991,0.7838216543821178,YELLOW,STRAIGHT,1,vehicle
0.5860378958781426,0.5721541089604785,6.524028046364581,10.988398480668232,0.9320547551736786,0.5606458983465974,GREEN,STRAIGHT,1,cyclist
0.0809436130149882,2.187337777136615,1.2645117580390264,59.557171223995894,0.5065559112037175,0.345916796830272,GREEN,STRAIGHT,1,unknown
0.6815405782778889,0.4990676469434628,2.76600696703974,40.70786160138424,0.7040912756733059,0.4827491835616763,GREEN,STRAIGHT,1,motorcycle
0.9033516944580585,0.1,0.0,61.8236671972198,0.6573008555085079,0.06839385367631684,RED,LEFT,1,pedestrian
1.8706733134115625,1.4063564564915967,12.65413891948459,67.0780185385051,0.7159003611109421,0.784069807281194,GREEN,EXIT,1,vehicle
0.5694422056467939,0.1,1.4295045753515037,32.207498274242006,0.775166456290496,0.20286397601086556,GREEN,LEFT,1,pedestrian
1.2432458974647582,1.4956815116296251,0.9742527181012218,54.20443513502523,0.7939338280539509,0.38180350090448106,GREEN,RIGHT,1,cow
0.2175969920371057,0.9197013992765729,1.8778134405860447,92.04567928652375,0.6340211373647422,0.4107964625536481,YELLOW,STRAIGHT,1,auto_rickshaw
1.2675504114922238,1.959077839288853,17.92528332406285,36.0196947219521,0.9112554342844433,0.8515703399776033,GREEN,RIGHT,1,vehicle
0.05,0.69812150648359,5.925928023142868,58.27281263395426,0.792500083404867,0.4727249803887035,GREEN,EXIT,1,cyclist
0.7796255810907632,1.103835986891613,7.983416746054539,43.143804938500416,0.7929840662590953,0.5251503661932628,YELLOW,STRAIGHT,1,auto_rickshaw
0.7456306708342236,1.2352416309752616,2.1567241324372217,88.3582714906267,0.678697117156792,0.4911211769832093,RED,STRAIGHT,1,cow
0.379365676838136,0.1,8.262502476888685,79.87944270910887,0.4893926582394006,0.09073659233292164,RED,LEFT,1,cyclist
0.6507622576792406,0.9361834889721171,0.2707531534268043,23.114573466603556,0.8547325451102196,0.5919150055986966,YELLOW,RIGHT,1,static_obstacle
0.9500575600692391,0.8505702714377699,5.087259940667401,76.9913534548298,0.48189775170267657,0.4545980030826791,GREEN,STRAIGHT,1,cyclist
0.44828059869629017,1.4279092537185203,3.325088746679855,65.55215243444879,0.6571440140285766,0.7929368164979681,YELLOW,STRAIGHT,1,vehicle
0.7624426087107522,0.9415694541794308,0.015204010353997904,36.85159616092077,0.723730430241864,0.40092017447905615,GREEN,LEFT,1,static_obstacle
0.9140081624010962,2.072254319865501,0.0,36.208778498739086,0.7477170614651296,0.5073910829744144,GREEN,STRAIGHT,1,cow
0.3705429643683783,0.6551267347878481,12.642532056659855,17.31138211834967,0.7898207330315337,0.5160173953419819,GREEN,STRAIGHT,1,motorcycle
0.9208111200158563,1.001909380570892,0.3738185410838959,36.154431168367836,0.7831070901925398,0.5176994561611549,YELLOW,RIGHT,1,static_obstacle
1.1083423690025798,1.310245426918766,0.42778920580518676,29.509378721571426,0.7029131919152981,0.7448688793426799,RED,STRAIGHT,1,cow
1.266255125333219,2.1723548072658967,13.862265941958173,8.948837829244857,0.772058385953461,0.9487887442778271,GREEN,LEFT,1,vehicle
0.6068802081669055,0.6837275442862559,4.87058878061433,15.927102767581008,0.801804387512032,0.6660285437441738,GREEN,RIGHT,1,cyclist
0.17610971866232478,0.39453426411322157,1.3948326810196392,7.550325004044925,0.8703392398441193,0.4395291339495738,GREEN,EXIT,1,pedestrian
1.433347590097751,1.791089365373966,8.992739234964217,19.903595789845628,0.7720074784777646,0.99,GREEN,RIGHT,1,vehicle
1.2047052055511054,1.3417890888253634,0.0,62.71707301311396,0.6484024674766427,0.563100002317696,RED,STRAIGHT,1,cow
0.8846529819034967,2.385581204011884,3.4073554122304013,93.10177394510792,0.1560833413615233,0.3157622617187631,GREEN,RIGHT,1,unknown
1.0380316361091073,0.6978179563620195,0.7233028954938819,52.11729383503937,0.7745638685355234,0.4165859704450253,YELLOW,STRAIGHT,1,pedestrian
0.12878776462756747,3.5410254708599864,17.770234360541824,71.56933650200087,0.5992244890817209,0.9088625610743379,GREEN,STRAIGHT,1,vehicle
0.4079432727875201,0.8338804919610666,7.6909529630183435,6.017524780423045,0.9445273910475662,0.6040942464005067,GREEN,LEFT,1,auto_rickshaw
1.2156381736347195,2.153040131998034,13.5490372916021,66.7479451909084,0.7215885535693825,0.7303862072144044,GREEN,LEFT,1,vehicle
0.674586708828589,0.6650031946281144,0.033379761676842964,44.77596814625866,0.6809287430395508,0.6978342185845579,GREEN,STRAIGHT,1,static_obstacle
1.1648250285195436,1.616258820917438,1.330534721151818,68.71147242560659,0.5877517188678565,0.42660618535091743,GREEN,STRAIGHT,1,cow
1.0666976893500553,1.1840080973484728,0.07251516858792037,38.657151310745846,0.8717379975848667,0.45990220992734354,RED,EXIT,1,static_obstacle
0.7795831771784373,1.570899950077256,13.146297887987386,63.737045024202814,0.7829145867656803,0.7967042552410034,GREEN,STRAIGHT,1,vehicle
1.648423083852709,2.1351211189847357,12.073636212282244,37.11232016454994,0.6657539554860225,0.7853723618940804,GREEN,LEFT,1,vehicle
0.9567154717252306,1.7518095075376863,3.5080240014448965,82.05875010118102,0.6800615201471154,0.17141291037669676,RED,STRAIGHT,1,auto_rickshaw
1.0675755894168009,2.2732148350717827,0.017754387016517617,91.15152486410288,0.560484592478942,0.4289846801981776,GREEN,STRAIGHT,1,static_obstacle
0.11086028711857102,1.6526028027373028,1.964837092726448,93.03365597451906,0.6307677204780852,0.3135800090648255,GREEN,LEFT,1,pedestrian
0.8610859881986813,1.4263303136874494,2.9830094210635347,88.48976669854076,0.5749529239281901,0.44337685156972595,YELLOW,STRAIGHT,1,cow
0.2605845122922921,0.49785726298448085,1.554685374845559,15.51921947133766,0.8764762800930332,0.30913623361418197,GREEN,STRAIGHT,1,pedestrian
0.8068776112117511,1.5447454803192278,0.30596140167695685,16.961405663422894,0.7507614718226296,0.607083585422755,RED,RIGHT,1,cow
1.2059569603527018,2.8057532570425257,13.056840996766883,67.81881235847564,0.5880399795768484,0.7365568135864774,YELLOW,RIGHT,1,vehicle
0.3257595510032957,0.8060122012873454,8.140280033876921,6.151755522278226,0.8353772543328437,0.5088379177626445,GREEN,STRAIGHT,1,motorcycle
1.5582882050948763,1.7237856327145156,11.01702207126862,15.704719416845297,0.8858696663786161,0.8701490184232753,GREEN,EXIT,1,vehicle
1.2430570469973672,2.2289795651603024,11.3594957721713,17.791789432284915,0.8845926017753307,0.8079032839561895,GREEN,STRAIGHT,1,vehicle
0.08680700944777886,0.4861627004230543,0.7562356655797827,25.526238856966355,0.8596656402186896,0.2543163977135804,GREEN,RIGHT,1,pedestrian
1.1240981449955323,2.0633403288311283,11.790374797624313,11.607088421695314,0.891797735955183,0.9486337970246739,GREEN,RIGHT,1,vehicle
0.23885189755064798,0.2875051929632272,4.6721540673262,27.76398609253475,0.7362453630928814,0.6685247274381181,RED,EXIT,1,motorcycle
1.29349212652775,1.7707344690970501,10.068002487967284,27.971783249803675,0.3880960760285057,0.4860607070689733,RED,STRAIGHT,1,unknown
1.0361403951313959,2.692422250184096,13.61927771269036,87.42241364286937,0.6216191329288746,0.4555889249378613,RED,STRAIGHT,1,vehicle
0.6014350758536873,2.3861537961477333,11.44882315778954,54.04336887248592,0.6784622545249591,0.8401780889697723,YELLOW,LEFT,1,vehicle
0.9025827392583081,1.8697150706571235,0.23270410325136207,25.23177438259471,0.7999522776747848,0.628088215769244,GREEN,LEFT,1,cow
0.4023743834886877,0.5238953890090207,12.072339951615628,73.0409834458574,0.7273157946042283,0.17189138276536164,GREEN,STRAIGHT,1,motorcycle
0.8887813671837341,0.18067724444604616,1.366546958803043,52.34048632477347,0.7213468348190041,0.4421874454178617,YELLOW,EXIT,1,static_obstacle
1.02843534813422,1.8317247553089977,9.827414299249508,52.06015523893692,0.7490035917323336,0.9012782378598336,GREEN,LEFT,1,vehicle
1.4989693645890427,1.6048007985088606,11.227753030475268,20.126583257394234,0.9471477478042347,0.99,RED,STRAIGHT,1,vehicle
0.5651064336666877,1.5983950529580093,0.0,51.319718486778214,0.7981487120181068,0.4815390819446727,GREEN,EXIT,1,cow
0.05,0.1,2.3878387849421547,52.44728639790006,0.7100621505832764,0.2418588878034812,GREEN,EXIT,1,pedestrian
1.0476410021779914,0.93717050569908,0.5110994124614888,73.46252237776163,0.6043474903624848,0.43458429354277794,GREEN,STRAIGHT,1,static_obstacle
1.192774069706872,1.3749522980800224,19.966472883973967,20.2012586605807,0.925298222191101,0.8411193994145593,YELLOW,STRAIGHT,1,vehicle
0.494940608922556,1.1448377374915475,0.0,56.31892754659006,0.6641151786433982,0.45631378847556087,GREEN,EXIT,1,auto_rickshaw
0.15311646361181847,0.2512686230010601,1.2287353956813263,9.278526360315363,0.9032470822561801,0.33974072902153324,GREEN,STRAIGHT,1,pedestrian
1.4429240308224478,1.6521702048111433,0.0,92.8958991216223,0.5692406027906046,0.38075359886439303,GREEN,STRAIGHT,1,static_obstacle
0.3844419132725505,0.1,6.7202684515282805,57.48973407710489,0.7158635626242591,0.41208634594948396,RED,RIGHT,1,cyclist
1.1174658355007347,1.7731698916743077,0.0,72.82813825392579,0.6808232395585417,0.46564290024994787,YELLOW,STRAIGHT,1,static_obstacle
0.6052077664546391,0.5554756166461773,2.0599684361551702,47.49620403253937,0.6743022953411597,0.3380928797611959,YELLOW,LEFT,1,pedestrian
0.663001307785876,0.3850802959626641,0.0,61.64155319247908,0.7444545079775207,0.4152187182739786,RED,STRAIGHT,1,static_obstacle
1.1083811611791479,1.0531314736457238,1.551663161316007,55.68787369460107,0.6517745258990347,0.42369538647469673,GREEN,RIGHT,1,static_obstacle
1.0009651718384425,0.8663073153368361,0.44431351894556803,9.74946090841585,0.8903191531357199,0.6732602303005897,GREEN,LEFT,1,static_obstacle
0.915772215373925,1.5758054877561107,0.32412614188879363,40.143862577128544,0.7390324868589935,0.6434253456246126,YELLOW,STRAIGHT,1,static_obstacle
0.7663430089200719,0.4215009925792942,0.0,63.24774550647026,0.6568713017881631,0.47647169148480395,RED,STRAIGHT,1,cow
0.5914786461938913,0.9436637132508519,5.236287681331086,36.443250532312334,0.7840139603956422,0.5053309174522016,GREEN,LEFT,1,auto_rickshaw
0.7809875225898997,2.2265631281225673,17.43510379804026,81.15077292709496,0.6811221072544438,0.7602546558560518,YELLOW,STRAIGHT,1,vehicle
0.8234502644698944,1.0063253661505571,3.886965874164619,21.48779013639157,0.7191041144882749,0.4601124852973862,GREEN,LEFT,1,auto_rickshaw
0.05,0.1,2.6890788113415787,63.697170661815264,0.6114228337285764,0.44606102085381916,YELLOW,STRAIGHT,1,cyclist
0.22369473162357092,0.24047526149796394,1.1650232344862619,11.743887726915776,0.819989799113944,0.3995890784126292,YELLOW,RIGHT,1,pedestrian
0.3714559706524232,0.36989080266515956,0.10656642908719882,30.119431598559963,0.7985650737121869,0.5579879177724294,GREEN,LEFT,1,pedestrian
1.036853422158356,2.518688252982808,11.626806815596884,42.476826895446976,0.7631026046654023,0.7717141242734427,GREEN,STRAIGHT,1,vehicle
1.2147130098453023,1.298218326170807,0.7334501259094797,64.25506032551935,0.7240564969832208,0.36919309086215446,GREEN,EXIT,1,auto_rickshaw
0.9007731756654855,0.6055786617132382,0.0,37.39676416679723,0.7767366919730028,0.46578724461251986,RED,STRAIGHT,1,cow
0.05,1.435204058436704,7.309795184413681,84.99148188764687,0.64390541075736,0.4568463581203598,RED,STRAIGHT,1,auto_rickshaw
0.48346743785389606,0.1,5.0221081564968495,80.3995084365651,0.504936006783419,0.30580882885509986,YELLOW,STRAIGHT,1,cyclist
1.1164681819362556,2.326246770792958,14.152763363871145,23.498771093616668,0.8218097423290506,0.878653831811951,GREEN,STRAIGHT,1,vehicle
0.29650131873622926,0.4989874435683074,1.6617629993005019,7.718528030998566,0.8524363444898657,0.3834460822100498,GREEN,RIGHT,1,pedestrian
1.4995070910919337,2.077492224849812,18.201133386503518,19.037040621602884,0.9508781711387653,0.8329143822568534,GREEN,STRAIGHT,1,vehicle
1.9774882498133146,2.3441631310042905,21.116246233936323,90.61377524551492,0.6815539003290517,0.5572135796621625,GREEN,STRAIGHT,1,vehicle
0.4035902041731597,0.17519995794009915,2.2145203209707573,21.12733605698258,0.809869288375663,0.3439944534429572,GREEN,STRAIGHT,1,pedestrian
0.3563962453439402,1.82582411917252,10.491100058710803,70.11018428405633,0.645112907336816,0.8701293815591199,RED,RIGHT,1,vehicle
1.0873914513259142,1.4000773681422138,2.407717912360815,54.132682133752795,0.6373126380812217,0.6091274604679753,GREEN,RIGHT,1,static_obstacle
1.0980329592333733,1.8788575591252075,0.0,72.60580343354472,0.6940494787935925,0.37925431116018793,GREEN,LEFT,1,cow
1.270800781728461,1.7025070872365653,9.027395338233974,16.02586298119418,0.6408518436978214,0.48799275423873695,GREEN,STRAIGHT,1,unknown
0.19870838591781143,0.8228689961814801,9.388957922188915,25.383528453550717,0.8984144676967536,0.5869794184841752,GREEN,RIGHT,1,motorcycle
1.3717762870674886,0.9444048659616655,0.0,61.95774981611388,0.6583224507505947,0.35458727176113886,YELLOW,STRAIGHT,1,static_obstacle
0.15826410272461044,1.5841320899046945,13.511440752408816,86.81184379392225,0.594297880829013,0.7036666581626373,GREEN,LEFT,1,vehicle
1.1273416574499269,0.6155356549275119,0.9231037088357662,68.22366004647225,0.7251654581992072,0.47771795788126264,GREEN,EXIT,1,static_obstacle
0.6409936229267784,0.6345185335598056,6.831502816643133,28.457088352554695,0.822789628606043,0.4962975565112147,YELLOW,STRAIGHT,1,auto_rickshaw
0.18961002753535647,0.18948611370220694,1.7458412045118572,10.892238305637024,0.8752103637901242,0.4624665922459563,GREEN,LEFT,1,pedestrian
1.4993034924884434,1.8255772554990155,8.142413219975978,7.919240671047639,0.8505906526462725,0.99,GREEN,LEFT,1,vehicle
1.0437448045054145,0.2925439655148342,5.480546027754489,85.114612076683,0.5583952956671223,0.4649788265643644,RED,STRAIGHT,1,auto_rickshaw
0.7464439142175552,2.045948561565447,11.731600087473101,80.15769444351386,0.646049728356597,0.8965322574532609,GREEN,STRAIGHT,1,vehicle
0.6778558689087768,1.307984587551478,0.0,49.536699162895836,0.7218837161692369,0.4793668276742543,GREEN,RIGHT,1,static_obstacle
0.817508251058147,1.1253669961124908,0.6292358618711884,39.08608323082603,0.8346478184070423,0.43739767158758874,GREEN,RIGHT,1,static_obstacle
1.6854166055993185,1.4605807044135601,14.985983354141654,86.47282751368023,0.552618138529367,0.8433401416980599,GREEN,EXIT,1,vehicle
1.0546181466255002,1.9303845283662437,4.636580114312693,62.13704539385791,0.811853463795078,0.9071151617976481,GREEN,EXIT,1,vehicle
1.5886493260153358,0.7661318516608084,13.0517500925483,80.76295576599492,0.6877016830871071,0.7044582560904468,GREEN,STRAIGHT,1,vehicle
0.13618672043412053,0.1,1.3256426282828335,48.26397304600354,0.6909645150343411,0.22111889660776007,GREEN,STRAIGHT,1,pedestrian
0.1533456077732777,0.20145066718511956,1.3228478637004772,8.836349588077507,0.8994820424763715,0.13332603202724058,YELLOW,LEFT,1,pedestrian
0.6657996199477052,0.9456839769920846,3.962690189591919,10.693214996043615,0.9520608884776937,0.43413182887539137,GREEN,EXIT,1,auto_rickshaw
1.2199205446306773,2.111357285605027,13.310224804328081,46.91669777831757,0.7743145179370653,0.815376756749617,GREEN,STRAIGHT,1,vehicle
0.26263118079019565,0.1,6.159183310896416,51.492245798208266,0.7267912088082635,0.6305391873762123,RED,STRAIGHT,1,cyclist
1.5930113634155803,2.3821640289585955,19.544479257806433,22.05537601068387,0.8330126396183304,0.641321347961141,RED,LEFT,1,vehicle
0.21853936544200603,0.7914976327852701,11.00207472922073,18.468244299104818,0.9220192469412783,0.5499871445414819,RED,RIGHT,1,motorcycle
0.8387867978100159,1.8695477641308353,12.1048010524266,23.517432956603006,0.795557704384723,0.7843372935249838,GREEN,LEFT,1,vehicle
1.5503571972425074,2.566988933105321,9.030310341873104,50.63075422034232,0.6745933654283073,0.9497358903570164,YELLOW,RIGHT,1,vehicle
0.33604707171655784,0.1,8.593597624076125,38.91333751451725,0.700028640717148,0.4999118952428562,GREEN,STRAIGHT,1,motorcycle
1.0157427803922898,0.8132159002132971,1.716476226104771,50.34534721947665,0.8116903264057782,0.521316090047938,GREEN,STRAIGHT,1,auto_rickshaw
1.1567841072774065,1.580079182977349,4.753437901135483,12.350109524978896,0.8378288975294839,0.988962808987606,GREEN,STRAIGHT,1,vehicle
0.43374239567436035,0.599661777562039,0.5505948464192625,84.47320555902996,0.5545463955168621,0.3643832577955837,GREEN,STRAIGHT,1,auto_rickshaw
0.4394843164077913,0.39304847501976314,1.6997152156128177,60.25497647684592,0.5802924826699001,0.6560553039354138,GREEN,STRAIGHT,1,cyclist
0.21642828482057133,0.6627557424989787,6.796421346540941,30.86465236309182,0.8416430759736281,0.6199233073087257,RED,LEFT,1,cyclist
0.05,0.330767743440402,1.0131820482778087,14.03457358734754,0.9053845627031702,0.3112564996645321,GREEN,STRAIGHT,1,pedestrian
0.08687163600571324,0.17703709944697607,1.310874876114598,80.03562461015628,0.5118862926088794,0.25437595259542656,YELLOW,STRAIGHT,1,pedestrian
1.1818764185002693,1.2284035077198814,0.0,18.623598032470504,0.8374802927302201,0.44339421689837055,RED,STRAIGHT,1,cow
0.6314439906047951,1.171447490213925,6.11155085286345,83.21864917311366,0.6322205248765209,0.42599893345859313,GREEN,STRAIGHT,1,cyclist
1.1766089727727727,1.3218109749856037,10.156092204891316,65.11530748574512,0.602459349950606,0.7211310845710742,GREEN,LEFT,1,vehicle
0.9592306421901118,1.3130220516840216,0.0,11.94217498173266,0.9404042682138941,0.5955920580369125,GREEN,STRAIGHT,1,cow
0.8881465338896221,1.0977644540028093,1.8408581228824776,69.9322327714543,0.6913903518473765,0.4992415312092129,GREEN,STRAIGHT,1,cow
1.0684137931265656,1.955001010886774,14.539126945663174,68.17680921295343,0.710665859885794,0.6392158560607343,RED,RIGHT,1,vehicle
0.7281676653025833,0.7008801592565598,3.5016902196141375,93.48035942805153,0.6289271637466375,0.5066034102704424,GREEN,STRAIGHT,1,static_obstacle
1.0939238936942879,0.1,3.4375185168609685,77.46788578166826,0.6268080033112384,0.20290882683316275,GREEN,STRAIGHT,1,pedestrian
0.7643392214196333,1.8168938364968494,0.0,72.41395240511072,0.6817796628711639,0.524204149804541,GREEN,STRAIGHT,1,cow
0.7169121928243778,1.2641245012787092,0.0,63.36546242643837,0.6910723802058648,0.6182080818895261,GREEN,RIGHT,1,cow
0.8363654688044264,0.1,10.074022202825358,59.90981308637613,0.7132793662384365,0.6040230060983239,GREEN,STRAIGHT,1,motorcycle
0.37929724449504976,0.1,3.1189730752881006,86.92444003390452,0.560149001566504,0.06501642792697976,GREEN,EXIT,1,pedestrian
0.3770209186231926,0.3219272601826278,1.5599750325419142,11.61973434783235,0.8760486220968919,0.3273624683388833,GREEN,RIGHT,1,pedestrian
0.4944636812599701,2.8756661381358777,9.194989839259488,72.39191945927287,0.6704842040796574,0.7450558628286905,GREEN,LEFT,1,vehicle
0.6497624301703091,1.3324292365915718,4.702179051642377,60.02401447941186,0.636692531131636,0.9139653082551372,RED,STRAIGHT,1,vehicle
1.3519078057608958,1.9921623324354065,9.536943539022317,15.607534314042814,0.7878678432854066,0.9233621740789353,GREEN,STRAIGHT,1,vehicle
0.34720973418246454,0.22251007328929184,13.080279305620621,33.8329328296222,0.6754794554630499,0.467151178424037,RED,LEFT,1,motorcycle
1.3634963835809188,1.6302462688915351,5.800496718337909,35.256168020609486,0.665348915827291,0.831409505486603,RED,RIGHT,1,vehicle
1.6432684465962923,1.8654417440754927,6.727917928699487,18.33820917767595,0.8472496241165491,0.8511349857821261,GREEN,RIGHT,1,vehicle
1.0961713003389795,1.567655855735064,0.9849958639403311,25.25724356472982,0.943817476823096,0.547360663135835,RED,RIGHT,1,cow
1.4192669134697171,1.1242897691321783,6.521519726885943,59.39431876504074,0.6686440370281321,0.7975194150148175,GREEN,STRAIGHT,1,vehicle
0.6126902273992963,1.3716836930196212,9.64166585780903,36.664839030781316,0.8707906103637229,0.6792747561844461,GREEN,STRAIGHT,1,auto_rickshaw
0.42477570422160066,0.1,1.2096727334288284,56.72604451726599,0.7807136884560031,0.21587810729249562,GREEN,STRAIGHT,1,pedestrian
0.5319736980965553,0.1,3.8509797912993875,91.32208780507456,0.40605891947641864,0.5613855192704496,YELLOW,LEFT,1,cyclist
0.05,0.572037644846437,0.0,76.93695581071267,0.6260041977363814,0.3220146598642167,GREEN,STRAIGHT,1,pedestrian
0.17310955044334295,0.1545393284629848,0.0,30.86088721886871,0.8146826946609513,0.27601767536880967,GREEN,LEFT,1,pedestrian
0.05,0.1,13.27854771722494,55.45336409635101,0.7570035904233855,0.4291710923542131,YELLOW,RIGHT,1,motorcycle
0.2433657874598517,0.8291829603161576,2.04225740488294,81.9241155277933,0.6039240461875556,0.2890392074966788,GREEN,STRAIGHT,1,pedestrian
0.2578001626105334,0.4150279162300251,7.749363442408373,87.41960230934932,0.5361458908556912,0.6457390648561175,RED,STRAIGHT,1,cyclist
0.7231109720810476,1.6925850242208267,9.973697285822762,80.44518612673531,0.7442817087454553,0.9586108306593043,GREEN,STRAIGHT,1,vehicle
1.5649465473725463,1.3725865953068184,18.665389638706642,51.18971801920349,0.7660847682398702,0.8398545241747283,GREEN,STRAIGHT,1,vehicle
0.05,0.18928388060455215,15.722788646780813,34.61839395722644,0.8726562788474677,0.552219455354725,RED,STRAIGHT,1,motorcycle
0.05,0.9556721131353414,0.794596229800083,93.68613864473299,0.5623164524166336,0.37700006064437314,GREEN,EXIT,1,pedestrian
0.4600847468471969,1.0616189307679602,0.0,79.49708419521188,0.6023609084793348,0.4486976706672763,GREEN,STRAIGHT,1,cow
0.05,0.9427745867960897,14.287359665989682,69.82043519356637,0.5260904789981211,0.4585067755826369,GREEN,LEFT,1,motorcycle
0.8576368467483245,1.2116152238435414,1.3418242755433993,21.266057340301664,0.7574161533984649,0.49220550897551046,RED,EXIT,1,static_obstacle
0.11969312324993808,0.4169155383016919,11.552514214219158,56.02996865750671,0.7574756975342478,0.5904391055340389,GREEN,STRAIGHT,1,motorcycle
0.19697405322945982,0.7991259084991762,2.247977538284978,62.06534519490417,0.6017640368456296,0.4616596867231006,RED,EXIT,1,pedestrian
1.2784367242674324,2.118992672819216,17.90176122096504,94.85112148474997,0.4838986209089432,0.5325188695984615,GREEN,STRAIGHT,1,vehicle
1.6654313389128135,2.0397517345586587,12.76892614477456,52.13228308657498,0.5838755001263666,0.572631407555348,RED,RIGHT,1,vehicle
1.14152220142573,1.477011026501869,0.02950119858935791,15.98690996298849,0.9177823754923305,0.6583147179091053,GREEN,RIGHT,1,cow
2.2321519562287677,0.3569817791435937,10.798620208933677,72.4802669164426,0.5102347029003824,0.2866596845235809,GREEN,LEFT,1,unknown
1.19789329364225,1.9615446154699068,15.518266676385277,8.518054001750766,0.9278279094129905,0.9258123497045552,RED,LEFT,1,vehicle
0.6502942530574899,0.7769009697466362,0.0,62.91953253179792,0.6908264680634709,0.3397148756169,GREEN,STRAIGHT,1,cow
0.9851522766004253,1.7258359002997978,16.43078982240492,37.5608442068027,0.8564014504994815,0.7408810385839899,YELLOW,STRAIGHT,1,vehicle
0.7299774195657044,1.1642866979569488,0.33372121568893615,25.441119989501676,0.678203539939408,0.46144408160362616,GREEN,LEFT,1,static_obstacle
0.26367252790161744,0.8037023810487588,5.633673857796096,86.71042656386834,0.46021063649438754,0.39664544094298976,GREEN,STRAIGHT,1,cyclist
0.7310156160820727,1.7706286950207282,2.6244654349509706,44.351369878970864,0.4562184992659992,0.46676377904630734,RED,STRAIGHT,1,unknown
0.4501536462421083,2.150519529352997,0.0,84.83231960832686,0.5967516548386111,0.2936874570439179,GREEN,RIGHT,1,static_obstacle
1.0895129945794835,1.8321571344550929,7.365118731829725,17.60356404032118,0.8579020188392014,0.8880847518432645,YELLOW,LEFT,1,vehicle
0.4067892238935771,0.2616335972420115,1.1497297277249927,29.902310914059527,0.8756241158793159,0.4067702434350196,GREEN,STRAIGHT,1,pedestrian
1.655266396821186,2.565226325695189,4.083509338563631,6.086241253256563,0.8348066893159696,0.8501645310399113,RED,STRAIGHT,1,vehicle
1.37811017055352,2.336906627901308,10.662888889377923,15.666738828930146,0.9882825114279805,0.99,RED,STRAIGHT,1,vehicle
0.4887912592155079,2.1793749549804957,13.82650340071247,60.28422555001292,0.7548737631444492,0.8316992702718351,GREEN,LEFT,1,vehicle
0.970698748835269,1.1593987890192403,6.441589392315792,47.91710208965051,0.7328349881798637,0.5109896726804408,RED,RIGHT,1,auto_rickshaw
0.12925144719107517,1.6932688752468916,3.7652261324678444,76.0223348790181,0.533427240084801,0.4128273889064135,YELLOW,EXIT,1,static_obstacle
0.05,0.1,4.761038553626138,74.29673470557107,0.5639490635716778,0.47896941221085637,YELLOW,STRAIGHT,1,cyclist
0.05,0.8284331034618545,1.4874509815458892,46.47416725182175,0.6719217402056858,0.30268575271460946,RED,STRAIGHT,1,pedestrian
0.6726548929592637,1.0133141118793467,4.742968854041585,17.47990771724238,0.7203876302723076,0.5033488337300593,GREEN,LEFT,1,auto_rickshaw
1.113530470073291,1.4739243429628817,3.130407655785192,71.20949778412162,0.6561617241881939,0.35654672543081245,GREEN,EXIT,1,cow
0.333451812461397,0.16692075192735875,2.034503406803458,16.4283460986317,0.8768582220834027,0.4952099334699446,GREEN,STRAIGHT,1,pedestrian
0.05,1.2814834478213901,0.0,65.5951856720518,0.7316694055625137,0.467365936019125,GREEN,STRAIGHT,1,cow
0.8091080558607209,1.2117072240844853,2.0052451206211113,44.888972048589316,0.5700058811753218,0.4474952532368132,YELLOW,LEFT,1,cyclist
0.719895396326706,0.18445509782074837,0.22964223903122516,63.050347357327645,0.6646403091803489,0.2463584805628073,YELLOW,LEFT,1,pedestrian
0.2597799559806627,0.1838323614265806,3.703840384732627,58.07794296022434,0.5747477096540845,0.41898698459906014,GREEN,STRAIGHT,1,cyclist
0.24425331851954768,0.1,7.045448834259664,88.70213274531363,0.49579927757251757,0.49552071744740045,GREEN,RIGHT,1,cyclist
2.1882939118333122,2.702733080393479,8.985947531917677,80.0037557093737,0.559347668510336,0.5876490909742613,RED,LEFT,1,vehicle
0.5639323670904726,0.770204634766876,9.776742486259412,27.708745627804383,0.869463948786603,0.6636968460191948,RED,STRAIGHT,1,motorcycle
0.7898304617046417,1.2311866264593117,8.189201102575819,8.569178506020515,0.8453182362669458,0.6005817503848653,RED,STRAIGHT,1,auto_rickshaw
0.8853226878265643,1.6431654193020886,0.0,52.54616585335614,0.7601093667527309,0.47099959773115735,GREEN,STRAIGHT,1,cow
0.05,1.1356541932304716,3.486418864476279,45.44148190710985,0.566536525393039,0.4730251988848546,YELLOW,STRAIGHT,1,cyclist
0.6602400695184165,2.166180099866481,10.238138948352246,21.38486437897063,0.8502500109700097,0.8245027558481391,GREEN,RIGHT,1,vehicle
1.1191725935734351,1.1899963549461,0.1984571987584442,91.2837860182617,0.6161215061694602,0.30538784205603337,YELLOW,EXIT,1,cow
0.6167479763550394,1.880064988917523,9.896986369396593,69.45807006982191,0.6259588061006007,0.5176035804441091,GREEN,RIGHT,1,cyclist
0.30093741793861317,1.0686660887380994,1.7839293317905036,78.27881060078701,0.5367341695127817,0.27634090668888567,RED,STRAIGHT,1,pedestrian
0.46065848097538636,0.8821150168328049,4.490436889291487,32.34678339874475,0.6784067493976629,0.4317833489205293,GREEN,STRAIGHT,1,cyclist
0.7645009148045994,1.2790019091893197,1.9778549361051232,30.607066439483617,0.8017258414051277,0.3375510161889466,GREEN,LEFT,1,auto_rickshaw
0.453392031948208,0.9164341676503607,7.270272658636255,55.845905364472195,0.7867445357156508,0.4154585158344095,GREEN,STRAIGHT,1,cyclist
0.05,0.2706250690817578,4.0166119947514485,50.16052378131879,0.7277618295179792,0.28750065813630554,GREEN,RIGHT,1,pedestrian
0.454852388890923,0.9348817147042428,6.9287172991127255,33.926450015854286,0.7610270902148468,0.5788850569409703,RED,STRAIGHT,1,auto_rickshaw
1.5732050683213776,2.432596208389342,11.012027822703054,89.54984884092175,0.6523076819496536,0.7687824212161392,GREEN,RIGHT,1,vehicle
1.2256119706263569,2.1628690671147957,8.692173583958962,78.33273139303849,0.665908877274187,0.6588345463047606,GREEN,LEFT,1,vehicle
0.8285393795990998,2.7693896063977257,8.398710757549425,60.4597489557135,0.6508555152878295,0.6332612536568744,GREEN,STRAIGHT,1,vehicle
1.185804145321157,1.7477892411331812,6.921440949009574,19.998934430320364,0.8473591024323949,0.8974330377583449,GREEN,STRAIGHT,1,vehicle
1.2903823147856675,2.2571522506783825,0.0,58.50785019674754,0.7476964021580986,0.474993189839355,YELLOW,STRAIGHT,1,cow
0.19159632987061032,0.4261602379330386,5.445133532210057,16.3454937653658,0.8562791605790645,0.4897032737849867,GREEN,LEFT,1,cyclist
1.3845594014106122,0.9434646627409731,13.203767503399447,72.81486838275814,0.7523438211499616,0.7280646294455286,GREEN,EXIT,1,vehicle
0.05,0.45293512928608626,11.228419161842206,43.39717921807314,0.6644798716845169,0.5524183153813771,GREEN,STRAIGHT,1,motorcycle
0.05,0.956633043384939,10.540382516267458,57.992231193388164,0.7046499993837927,0.43910225618666693,GREEN,RIGHT,1,motorcycle
0.2358276234612809,0.1,13.6978739255569,45.83890753055667,0.6232543295065078,0.6289419075192568,GREEN,STRAIGHT,1,motorcycle
1.0515157260374064,3.9068516488309735,9.999644838208075,92.79620295662882,0.6532341556832316,0.6650676478455858,GREEN,STRAIGHT,1,vehicle
0.5963189340996916,0.507755767126817,5.112556748167316,28.385695249373086,0.8073347783089989,0.49307499425150486,GREEN,RIGHT,1,cyclist
1.5078213058964893,0.32839158245093125,5.705517704062345,69.46369356138905,0.17231573723744067,0.32156467547629985,YELLOW,RIGHT,1,unknown
0.5209647064245999,1.2418033378221027,8.73436424303501,29.735379579232728,0.7590337066645824,0.5449127575047338,GREEN,RIGHT,1,auto_rickshaw
1.144677854992628,0.6179296052637814,1.6042243009554702,53.70821996135956,0.5795330804480625,0.23208308856593002,YELLOW,STRAIGHT,1,pedestrian
0.43383045046581514,0.675769097073785,0.8450722457337445,40.77742905100122,0.7847134282642801,0.26565843341058937,GREEN,EXIT,1,pedestrian
1.899510644805674,0.9198197609217627,3.7223429162678547,91.44862444236024,0.5512338986167787,0.49068348874689866,GREEN,STRAIGHT,1,cyclist
0.3984608613318741,0.5567815616290845,7.422406511471037,12.734962405558663,0.7880408121615426,0.5544619620675941,RED,RIGHT,1,motorcycle
0.11899596698128734,0.7019814076661367,7.676268437256011,42.55138915653003,0.6136972417379253,0.539072189241656,GREEN,STRAIGHT,1,cyclist
0.5545820162105413,0.3499980190624829,5.169363141779139,24.617946195677956,0.6964519545070667,0.4422474754982547,GREEN,STRAIGHT,1,cyclist
0.05079502013885723,0.8399258177252412,0.0,74.42681106588628,0.4743414606845924,0.312394798898009,GREEN,STRAIGHT,1,pedestrian
0.4236748535056577,2.159834257572972,1.7310959727009774,86.40273809396969,0.444978599378656,0.6979889379904141,RED,STRAIGHT,1,cow
0.9995844309819766,1.5117649837850293,4.660245855464893,63.83292092113632,0.670162344316031,0.5636296201884191,GREEN,LEFT,1,auto_rickshaw
1.3671814330370766,2.380086227011988,18.249364606020745,15.349957399384154,0.9323837269407326,0.9351052277817595,RED,STRAIGHT,1,vehicle
0.800503436027491,0.9777246905558491,6.253512823739143,30.98978234694882,0.8082659679832599,0.44937894813875945,GREEN,RIGHT,1,auto_rickshaw
0.4745864347932516,0.5068016244016001,10.979394503605626,65.68889894884477,0.649376863204708,0.4083952800953573,GREEN,STRAIGHT,1,motorcycle
1.6396897413206344,1.6698241205332762,9.804001318678969,22.22102283702215,0.7683131867558033,0.8402175252571324,GREEN,STRAIGHT,1,vehicle
0.6899778694021474,0.703583395536394,7.965067123388264,9.841364935496062,0.7092837186491491,0.5624361273375782,YELLOW,LEFT,1,cyclist
1.1172669727222582,2.4123133652205864,13.068233094677893,20.336569324110943,0.8723689064641186,0.99,YELLOW,RIGHT,1,vehicle
0.6373366912259941,1.3041096584332732,5.779950486379705,39.19337356897419,0.7794637634708634,0.46645195879089485,RED,RIGHT,1,auto_rickshaw
0.5596807083209072,0.8397929363046702,0.04068594249833907,6.06199067971381,0.8348378406837216,0.4540363838675253,RED,EXIT,1,static_obstacle
0.3440576289222579,0.8827635648374066,0.0,21.55793492086428,0.6859726170466075,0.7171215070605308,RED,LEFT,1,static_obstacle
0.5808448748800127,1.088374675572137,10.528389402971552,28.334631431066583,0.8779956569520683,0.5230729792351997,GREEN,STRAIGHT,1,auto_rickshaw
1.166783889688798,1.94385578727482,14.462747504673908,51.03209249114953,0.7828206227368939,0.7870099978651641,GREEN,LEFT,1,vehicle
0.07082897708923225,0.4701631732416762,3.8425366163942156,20.70573921025163,0.7088426553356522,0.6186769664636371,GREEN,STRAIGHT,1,motorcycle
0.46160979628581067,0.7295826098291514,7.914378973957092,38.18042451511894,0.7129147297796087,0.38465157768932556,GREEN,LEFT,1,cyclist
1.533476278836592,1.7701183442386372,13.864390698703705,92.28851051218417,0.5481964643425767,0.8381690882035854,GREEN,RIGHT,1,vehicle
0.5735104985265955,1.5741317343703074,0.0,77.71580568913772,0.6493507182236583,0.36076768659757324,GREEN,EXIT,1,cow
0.5382802732529823,0.728539825187726,0.0,18.0866824750255,0.8210580055344653,0.49129192212930445,GREEN,STRAIGHT,1,auto_rickshaw
1.4750083591926222,1.7320799987047713,6.832816857036295,37.13884071402093,0.8698172922248415,0.8794893525557986,GREEN,LEFT,1,vehicle
0.5770947169173406,1.2270094154870426,8.307158020568602,31.004484565907305,0.8046253432201175,0.6071425015114021,GREEN,STRAIGHT,1,auto_rickshaw
0.05,0.33901504413145184,9.829426156195384,61.074455007201145,0.7203700013406874,0.35976426271232065,GREEN,STRAIGHT,1,motorcycle
1.7265807003483191,0.795983357049211,13.158100623752391,88.38188959781006,0.6944920715813069,0.7765256975809977,GREEN,RIGHT,1,vehicle
0.9210206181902144,1.0822820025994164,6.775119281188301,15.404312540384327,0.42824860146332294,0.4297755341124876,GREEN,STRAIGHT,1,unknown
0.3589740760994995,0.26352835095317817,0.4812960146474654,61.438649991864864,0.7059730923021417,0.29009786879941885,GREEN,STRAIGHT,1,pedestrian
1.1476958735664082,1.4688669016567684,8.325039061307058,44.60806001424463,0.7580348758802393,0.7329666772371418,GREEN,RIGHT,1,vehicle
1.037498621740482,1.1505854974489573,8.50760457753567,93.83887626614126,0.52266257415899,0.9101809981044016,GREEN,STRAIGHT,1,vehicle
0.2728441946500249,0.3126271106300495,9.85177447300544,14.490595860314011,0.7489064527604794,0.7175914495783154,RED,STRAIGHT,1,motorcycle
0.9011269953123071,1.7403071031735244,0.5237677774107706,83.55419711310728,0.6967408498139904,0.45049436944153637,GREEN,STRAIGHT,1,cow
1.689293154403452,1.7617851488269332,14.701928598133517,45.13288565618394,0.8786543145710736,0.7712747448461164,YELLOW,RIGHT,1,vehicle
0.98669407105372,1.9985226491482715,3.4884837828491455,27.923322411504618,0.9263722889441427,0.9096448650457433,RED,EXIT,1,vehicle
1.3097991502866735,1.1129422344536226,0.4917961530782192,37.41304755184648,0.6404806191923355,0.4118543035992968,RED,RIGHT,1,static_obstacle
0.05,0.6810736330547491,2.7318460133150144,82.62166311790116,0.6014739656646738,0.2816687092506731,RED,LEFT,1,pedestrian
0.31362187469672526,0.8291114057477338,11.53746036421367,18.91519196178505,0.7926653829356102,0.594541220168965,GREEN,STRAIGHT,1,motorcycle
0.9300013677335847,0.7497756028299697,6.841498881149822,35.59509182528184,0.8194221159890116,0.5139824311949305,GREEN,RIGHT,1,auto_rickshaw
0.16727804486433712,0.7693337949323055,4.983368176601389,51.26359775402962,0.727967780178906,0.5316458467207663,YELLOW,STRAIGHT,1,cyclist
0.4086002440630738,1.0069987791687276,4.288025825467149,43.028924598319264,0.7263032560799464,0.5351712829512847,GREEN,STRAIGHT,1,motorcycle
0.9293294570107523,2.7908665679912548,13.812378520957905,71.30596512712937,0.6154234208719496,0.8412839568611776,RED,EXIT,1,vehicle
0.8990187406923823,1.2161021942155865,10.987993598523051,45.11355300682948,0.47693358232598815,0.439223640778026,YELLOW,STRAIGHT,1,unknown
0.9227569844915329,1.0834172346432438,0.0,40.94680997715102,0.7020254712523406,0.476285028825188,GREEN,STRAIGHT,1,cow
0.05,1.3122249946668765,0.0,92.08114537837457,0.5796671998461801,0.3039500078322731,GREEN,STRAIGHT,1,static_obstacle
0.5252382132438522,2.8846616360477784,12.394965484432985,88.45995567455252,0.7417569567766352,0.8071580258850765,GREEN,STRAIGHT,1,vehicle
0.5655231917088697,0.4589543524059516,9.930460268187089,37.13167796796871,0.7005282949813919,0.5565917597044664,YELLOW,STRAIGHT,1,motorcycle
0.3499038372633827,1.8147226042422802,11.991567271750993,69.81449446868069,0.6627364026192878,0.7969627073801726,RED,LEFT,1,vehicle
1.3855668130895458,1.6229947202162043,10.789700876585766,20.837891082970817,0.7883288515762142,0.8555122288266438,GREEN,LEFT,1,vehicle
0.12961855572309616,0.1,0.8104173550154369,13.689574878296485,0.8052363365897561,0.21732711538913668,GREEN,STRAIGHT,1,pedestrian
0.4835309093697641,1.5712422232167538,0.0,20.180024457931427,0.7368905498715417,0.4323822467161238,GREEN,STRAIGHT,1,static_obstacle
0.627579212687005,1.3132400125181922,6.685321462070924,94.3159918403663,0.5440969730221715,0.47776884770760186,GREEN,LEFT,1,cyclist
0.6430145131497046,1.1250230448984038,0.0,38.03582215400374,0.7030749750173879,0.6007975521003666,GREEN,RIGHT,1,cow
0.6869308560856209,0.19363168903598588,17.235385617027198,63.500322223738365,0.7538052669142509,0.34837171294032027,RED,LEFT,1,motorcycle
0.4163188560486951,1.3975504356320538,1.644624300233859,51.5546860789773,0.7479352569402201,0.35176421099127475,GREEN,LEFT,1,pedestrian
0.11112263843140269,1.6232886210089226,0.831964601535814,87.36316316222913,0.7069415664015456,0.3648733759622449,RED,LEFT,1,cow
1.3706046271384151,1.7427075028936592,9.529573730243861,56.89241325550783,0.6754029419063856,0.7332101040446906,GREEN,LEFT,1,vehicle
0.9479899360380939,0.8989794927918602,9.080966655980795,58.89048070795282,0.6390723425905471,0.379346615459597,RED,STRAIGHT,1,auto_rickshaw
0.683797710245498,1.1869231506645572,0.6369344144577762,22.00681782818438,0.8337399562322015,0.6859830259840366,GREEN,EXIT,1,auto_rickshaw
0.4214798078027464,0.7217153752370563,6.040195197599278,66.59740722332455,0.582129171619625,0.5052289070009149,GREEN,RIGHT,1,cyclist
1.5520599397710289,1.6559491914195839,0.1939684604306994,64.2316524338491,0.7060936437060716,0.614806248494507,GREEN,STRAIGHT,1,cow
1.2894802284947273,2.2516911944975613,5.0957423253943155,18.111623124794605,0.9789366284315342,0.7800614991378876,GREEN,STRAIGHT,1,vehicle
0.40942862832863314,0.6233836072877998,5.835991678300095,11.702371898168213,0.8734499317753494,0.5867529529778426,YELLOW,LEFT,1,cyclist
0.65657267272218,1.376792832337924,4.895491063392211,12.164974229901102,0.8236655636788286,0.45237376167805865,GREEN,STRAIGHT,1,auto_rickshaw
0.1999952088189903,0.6728466953945154,7.7645651688943955,28.949367474865916,0.7852927480400306,0.5698795177007069,GREEN,STRAIGHT,1,cyclist
1.1094428210743026,1.7216377416615136,23.295096048006556,82.14522478785725,0.5724267901192863,0.6834039265321366,GREEN,STRAIGHT,1,vehicle
0.5363251504347469,0.5386107334662606,5.859766831544028,12.099138483527978,0.856013218286326,0.4725666479762188,RED,STRAIGHT,1,cyclist
0.8975743889333256,1.946593291625796,3.8519452291543415,80.3675847956872,0.610587655047187,0.44205466187778775,GREEN,EXIT,1,auto_rickshaw
1.3554588195729815,1.7221271178977418,10.737184317110126,39.55369895496289,0.8298533213695514,0.9534972195677778,RED,STRAIGHT,1,vehicle
1.2367680614401575,2.2087589778168635,0.8187905354000986,77.19627465384468,0.6207724198837838,0.6115555021574881,YELLOW,STRAIGHT,1,vehicle
0.35210851324212333,2.293514711137076,2.086630617626182,74.07583223871352,0.7164501591501565,0.4513563020232494,YELLOW,STRAIGHT,1,cow
0.7651506100127575,1.2720849227723257,6.805412708577667,26.47452990056776,0.8138907206641485,0.5492887536052962,GREEN,LEFT,1,auto_rickshaw
0.6323158481895217,0.5732597322777992,0.0,67.15493206165547,0.5823210656192659,0.3597812242646238,GREEN,STRAIGHT,1,pedestrian
1.6639815203141541,2.1696777319905807,5.239910656223649,49.08950046489382,0.7685585865172827,0.845831693182037,GREEN,STRAIGHT,1,vehicle
0.05,0.1,3.2865122614356364,88.64312810020982,0.4943837522962376,0.24297827550941084,GREEN,STRAIGHT,1,pedestrian
0.5539047424593657,1.072265978761781,14.985124034891236,88.89256682742538,0.5962068521387046,0.8195523112838077,YELLOW,STRAIGHT,1,vehicle
1.2220821871922478,1.3941067214826326,5.259769187656663,78.57569168650234,0.595356724613372,0.348429948038327,YELLOW,RIGHT,1,cyclist
1.1089015560574234,0.814540058333362,0.0,58.23441744529779,0.7456773947572979,0.42912672114975814,GREEN,STRAIGHT,1,cow
0.747041326561759,0.6170560835071467,0.0,74.2061246606019,0.7653786260397509,0.22901790329179925,GREEN,STRAIGHT,1,cow
0.9251886475974813,0.9983647197949462,1.0469559490850198,76.42258253754068,0.5960833981586513,0.4975575596410794,RED,RIGHT,1,static_obstacle
1.2042151804569357,1.6708794709882921,11.805274322016768,7.519796853856415,0.8889470365960355,0.8231451794641043,RED,RIGHT,1,vehicle
0.4640493907755545,0.4353347252586569,8.477989117244533,76.02707199835764,0.5838189387086955,0.3643737404003359,GREEN,STRAIGHT,1,auto_rickshaw
0.4595211031440052,0.9037030731136244,4.524568987433308,68.50306970412605,0.6279283074111347,0.4643948813887361,RED,STRAIGHT,1,cyclist
0.28066209610122084,0.27731049281555853,13.548871781874926,19.19679049916515,0.676560032018919,0.580140729338361,GREEN,STRAIGHT,1,unknown
1.3113204082605832,0.678631990247995,0.39990169146315024,24.698428644664013,0.8044865528287894,0.4895252529465023,GREEN,STRAIGHT,1,static_obstacle
0.0849230942487949,0.5810261254132221,2.7390694986702524,35.309769530526424,0.7144585115487425,0.3122593397543758,GREEN,STRAIGHT,1,pedestrian
0.16600979363749147,1.2153217339467153,1.1745356172909285,48.7833896624865,0.8112316514142305,0.3387491114023512,GREEN,STRAIGHT,1,cow
1.6021141447108276,2.0496091635052696,8.959199221593751,32.329921841796946,0.7718186381151357,0.7267659242197131,GREEN,STRAIGHT,1,vehicle
1.4271167829923646,0.5690722868824265,0.047387114027714825,77.74198943733384,0.5717233681704577,0.5598193626766271,GREEN,STRAIGHT,1,cow
0.05,0.2092989461024751,0.0,61.91683598682885,0.7532621079782889,0.26697464581939473,GREEN,STRAIGHT,1,pedestrian
1.5926846982775764,1.6242383741596234,9.676464742260682,90.78555353218238,0.5071128564137507,0.8121108972930611,RED,STRAIGHT,1,vehicle
0.5530757421663629,1.0358499131412988,3.419939151859298,22.28071733690794,0.8157429092561506,0.72427928375063,RED,STRAIGHT,1,auto_rickshaw
1.813447724060675,1.7736864741831293,12.898259737225105,78.10707651341626,0.6958618407473628,0.5601860105756633,GREEN,STRAIGHT,1,vehicle
1.1363157377659503,1.4091471795946071,1.624356362265039,66.79839632603304,0.7126682551469793,0.3239958430812253,GREEN,LEFT,1,auto_rickshaw
0.7883924051686051,2.2776394440952004,15.76182484710174,16.287372704464673,0.9165846401887006,0.8788378620269808,RED,STRAIGHT,1,vehicle
1.9140725381197266,0.1,0.0,67.6027713237443,0.6554307567681463,0.3921802137177795,GREEN,LEFT,1,static_obstacle
1.080832641013686,0.971155338413459,0.43452309048588406,79.06937280819906,0.5448922727167707,0.4940404418745176,GREEN,STRAIGHT,1,cow
0.2370553471782374,1.0973263380528686,6.279984343161338,54.10174839483446,0.643335880002688,0.4703177863636418,GREEN,LEFT,1,cyclist
1.2267110050032048,2.2379173668303274,7.286350388009608,12.110924318616123,0.8346093975167576,0.9263300879527402,GREEN,STRAIGHT,1,vehicle
1.0991144957268926,2.558678917794106,8.9864773599648,59.42628588620665,0.7597765479693432,0.7131782953017239,YELLOW,STRAIGHT,1,vehicle
0.5672369252726969,0.4248466727146655,0.0,71.77293090242233,0.5595572150623881,0.052796308311621076,RED,LEFT,1,pedestrian
1.427345169337963,1.599666795402216,18.570878171798146,48.09932169643041,0.7006857654517502,0.6981674699492546,GREEN,LEFT,1,vehicle
0.6597408971744677,0.8568216109965284,1.4277409375105166,51.277882333574546,0.8038530455485438,0.40176962767512236,GREEN,STRAIGHT,1,cow
0.2084622914568281,0.8878653823244664,9.1698726156139,56.15164355234187,0.630850202985903,0.36069901926261017,GREEN,RIGHT,1,motorcycle
0.6431903849027794,0.1,11.762463527199431,67.0750147081993,0.6210114625764076,0.5076809430342673,GREEN,LEFT,1,motorcycle
0.6972580188371413,1.3511302656450348,0.07768270340409418,10.479161695374653,0.7603395496358273,0.7280746813720954,GREEN,STRAIGHT,1,cow
0.7720731665983185,1.4358177026865144,6.949600840123332,37.64778820851054,0.7220074470928926,0.6446281792439028,GREEN,LEFT,1,auto_rickshaw
1.1526232737053483,0.27330983199265646,1.629437800029289,91.8346505092833,0.6839416842618116,0.43558864919537055,RED,STRAIGHT,1,cow
1.0928969880085615,1.8419837184321837,12.600420082520609,33.53675282387208,0.8663429686059608,0.8579225177904158,GREEN,EXIT,1,vehicle
0.30317953831296945,0.950271727605922,6.653169997770936,61.04527220527795,0.7312815138145334,0.28138659224569373,RED,STRAIGHT,1,motorcycle
1.8346722077636675,0.9901227773255097,1.7697966819032893,74.51524220532357,0.6222566585856693,0.5596863903909134,GREEN,STRAIGHT,1,cow
0.9349852352598101,1.0217293570044668,0.1213472836091079,11.568475274031574,0.8833305070919907,0.6290155635267902,RED,STRAIGHT,1,static_obstacle
0.05,0.2426535642738114,1.348532291569433,68.6161181250964,0.6269304187197867,0.19975149844369117,RED,RIGHT,1,pedestrian
1.4637188224823827,2.2242214064195793,4.478529752767754,28.034947530786773,0.7474097598205067,0.9550774900570903,GREEN,STRAIGHT,1,vehicle
1.049164616566158,0.30339172147913196,3.9376658399915963,90.65655724774936,0.5574961390576776,0.24902404504450668,GREEN,STRAIGHT,1,cyclist
0.6279823800124443,0.9576151641554356,9.328626432649456,36.995783668774386,0.705144592656246,0.603856331462846,GREEN,STRAIGHT,1,auto_rickshaw
0.2365968452698979,0.8187810293502285,5.812819344528703,46.51281397127998,0.7021305698698733,0.4807000376571839,GREEN,RIGHT,1,cyclist
0.7594154905249256,2.091279683395467,5.00625287354909,5.235913932670644,0.968965782348501,0.9149892068579458,GREEN,STRAIGHT,1,vehicle
1.3137858333285128,0.24722677045051683,2.967064511268948,67.4230631361696,0.40247764653211693,0.4291928177487884,GREEN,STRAIGHT,1,unknown
0.05,0.1,2.2527897028185615,34.82236865521933,0.8216118527680585,0.2404531943560954,RED,RIGHT,1,pedestrian
0.7099005259188486,1.4065591457201625,1.101516928116538,80.72697638634028,0.5407903327740822,0.5831205768030379,GREEN,STRAIGHT,1,vehicle
0.11865540541997702,0.1,1.6583297955968002,76.1954234428021,0.6683400996767382,0.2886765198519554,RED,STRAIGHT,1,pedestrian
0.5650286742378209,1.4460696295948752,0.1040715082560594,35.026030124443565,0.7382973244097732,0.38948805164333977,GREEN,EXIT,1,cow
0.6288903975657542,0.5722229214804532,11.5403730195617,23.793340789335925,0.8883520179069718,0.4555341250007924,GREEN,EXIT,1,motorcycle
1.6223870785718244,1.705604523761174,14.235257601617864,79.39568034593988,0.6575872659840705,0.9081020649212959,RED,RIGHT,1,vehicle
0.6475975846040194,1.0761961431634728,10.790638590112358,24.02218497730254,0.8568141514166383,0.5132275311595719,GREEN,STRAIGHT,1,auto_rickshaw
1.1294283549160142,2.332665048772806,11.346740388146102,90.09495626130746,0.5213591000170523,0.640049382862343,RED,STRAIGHT,1,vehicle
0.9990393195074799,0.1,13.068509202789885,84.44185258841928,0.625638337208325,0.5583875560479274,RED,RIGHT,1,motorcycle
0.8634357202344318,2.3900853198753564,0.0,63.794481753859934,0.6522012692918316,0.6693642392536655,YELLOW,STRAIGHT,1,cow
0.5623890625777992,1.63432769188579,5.378833495679554,28.059871656005498,0.750454454330552,0.38063968308099816,GREEN,STRAIGHT,1,auto_rickshaw
0.05,0.1,3.0050840265413354,51.6716292763086,0.8511690126805349,0.12601088593143567,GREEN,RIGHT,1,pedestrian
0.18887903963237732,0.5114860138141492,7.199032881242771,14.995764340023726,0.8891792416916613,0.46936722101406475,GREEN,RIGHT,1,motorcycle
0.9042226745563632,1.5291655153675743,0.45834367451357266,42.949087413942934,0.6365612275029336,0.6380497695467594,GREEN,LEFT,1,cow
1.1860130585216722,1.9123166101169797,12.220425114926776,22.374614875167083,0.8094553794176174,0.854638869790891,YELLOW,LEFT,1,vehicle
0.6668304702053103,0.96847935530977,1.479964981439199,49.15034373329251,0.7931456011902787,0.5601345683609511,GREEN,STRAIGHT,1,auto_rickshaw
0.8210978673328742,1.568210769374678,7.8322732606294085,29.380570121826775,0.8554372883964916,0.9159923569408942,GREEN,LEFT,1,vehicle
0.5695888415037317,0.31126050408048556,17.88163046530706,94.89539851292614,0.6085903127044511,0.3514621678774714,GREEN,STRAIGHT,1,motorcycle
0.6395503240556777,0.20798203249212693,3.7256244842237036,80.43856939303411,0.6036069152849965,0.05,GREEN,STRAIGHT,1,pedestrian
0.38492793380276347,1.757577783040078,2.198285076104417,84.21057626585886,0.6734862635250655,0.22099286275492339,GREEN,LEFT,1,cow
0.4072445528021517,0.6115012261652275,6.166222575507452,11.716779491230875,0.752774181939892,0.4761614157553073,GREEN,STRAIGHT,1,cyclist
0.315163014978598,0.3634587708584319,1.9731731971718136,13.28542292531321,0.8961724058251774,0.17803378068378162,YELLOW,STRAIGHT,1,pedestrian
1.5784017044425802,2.253824362060757,14.678249362716963,68.22564893285376,0.7973654631660075,0.8685295462742719,RED,STRAIGHT,1,vehicle
0.7447406445020419,0.4018122441403398,1.0057679228092686,53.81542852250642,0.6524992380392233,0.2996517650978945,GREEN,STRAIGHT,1,pedestrian
0.4908978859075708,0.38595433275049545,5.805438070689708,12.331342774820563,0.7527405453701889,0.6134882909605165,GREEN,RIGHT,1,cyclist
1.4827485230919382,1.8348473776884453,11.253593553285834,30.869859181527662,0.8174716601540254,0.99,YELLOW,STRAIGHT,1,vehicle
1.3096772184514271,0.2911439614715241,1.946675934959399,88.4201761907822,0.5863050448332524,0.29684261292094705,YELLOW,STRAIGHT,1,static_obstacle
1.339540528564629,1.9307703751961496,12.286859222205265,51.28746861298949,0.5702493242396736,0.7875168448383356,RED,RIGHT,1,vehicle
1.4137360684522142,2.097993774944135,13.749082390811296,46.099382209556346,0.8407434325666685,0.9091300813346919,GREEN,EXIT,1,vehicle
0.35208425081201855,1.4407646172072053,0.5385851564855866,48.169062498883704,0.6857384490423605,0.25967778511645023,RED,STRAIGHT,1,cow
0.05,0.1,3.4282187422286565,68.8906486278521,0.6401272104363126,0.3773952111080727,YELLOW,LEFT,1,pedestrian
0.3963573217426019,0.429570048747964,12.851694500895453,27.104346961173704,0.7518498797291823,0.5721225058964235,RED,STRAIGHT,1,motorcycle
0.9272943325226023,0.4394001174187435,2.56724687286863,52.797723476476435,0.6800257891307722,0.47465307064534573,RED,RIGHT,1,auto_rickshaw
0.9211638140786055,1.2716206615559789,0.0,10.904211221671702,0.8580632628351332,0.6203266457867362,GREEN,STRAIGHT,1,cow
0.5038930841538167,1.6604727889378839,0.5498799525062755,17.38651996095829,0.7586785253561887,0.4402746299513578,GREEN,STRAIGHT,1,static_obstacle
0.05,1.4613394367146668,6.330925089059667,80.4123661927357,0.6553299086800248,0.43449224886841953,RED,STRAIGHT,1,motorcycle
1.7285031669425759,2.076734050116594,7.7500348054341766,30.563669035938144,0.8208328959273697,0.9186247425766229,GREEN,STRAIGHT,1,vehicle
0.4680203887356119,0.11700464108626582,1.7818534681748068,56.85992456465959,0.782336562575879,0.37049546206366735,GREEN,STRAIGHT,1,pedestrian
1.2776739429862642,2.2468669383304976,15.936721009984613,75.34227924755143,0.598419060573156,0.8061279742494125,YELLOW,STRAIGHT,1,vehicle
0.545739465374377,1.2095142316994356,5.072689542442457,5.473359718805754,0.99,0.6866656832768241,YELLOW,LEFT,1,auto_rickshaw
0.248689224491416,0.5510764794789018,1.4263360622149373,35.80171133693748,0.8336992783966558,0.31890223993438244,RED,LEFT,1,pedestrian
0.6399410090499287,1.0215667440468215,0.3069195978402219,29.70422356090199,0.9159467441227862,0.5322487183431809,GREEN,STRAIGHT,1,static_obstacle
0.21038991646875324,1.433440722764228,4.265320454786869,77.9158720232963,0.28891335133565266,0.40025520288976024,GREEN,RIGHT,1,unknown
0.05,0.5022452422672947,4.206929580022356,92.43933774087523,0.5710383777883348,0.3507836079520154,GREEN,STRAIGHT,1,auto_rickshaw
0.48935810062618723,0.4399482328140471,4.268754488295311,21.72536570238327,0.7493528048264654,0.6145623864184124,GREEN,STRAIGHT,1,cyclist
0.07152977284355999,1.1132700488640508,0.0,89.67317948131297,0.5468547661700088,0.2519528152931819,GREEN,LEFT,1,pedestrian
0.8819696318189322,1.1716520815168205,3.6356803983223496,16.608961312309194,0.8962162331503943,0.3386753918747314,RED,STRAIGHT,1,auto_rickshaw
0.9891514607098169,0.9735113236520876,0.0,45.063406085052605,0.6517260390137628,0.49290345996936813,GREEN,LEFT,1,static_obstacle
0.05,0.1,1.6629911943176476,83.7408500697018,0.5864077434456008,0.2596456451406923,RED,STRAIGHT,1,pedestrian
0.883762879177944,0.43215518330487523,0.7113692615359636,75.2181440536555,0.5598631925995637,0.23424178027353704,GREEN,STRAIGHT,1,pedestrian
0.3268788353354887,0.5862123752437043,8.481678747756712,23.39511475095879,0.7550397823154209,0.8299130076400989,GREEN,LEFT,1,motorcycle
0.4831030630069971,1.5054789562824047,0.0,33.71013778287864,0.8222240010678884,0.5828469210006088,RED,LEFT,1,cow
0.697049024064625,1.2557338490397636,3.533308544067304,15.048572601285086,0.8376929731802405,0.6989999297226813,RED,LEFT,1,auto_rickshaw
0.7370075307171235,0.9696459803209838,15.904945368039998,56.87380859081145,0.5788745004125957,0.3927506141392094,GREEN,STRAIGHT,1,motorcycle
1.1738728074339215,1.2784635170916392,0.14238590118147015,51.62882660290295,0.6602942946258704,0.49003098325244365,GREEN,STRAIGHT,1,static_obstacle
0.43070300066338363,0.8564712241783926,6.960463131717989,65.8713543368585,0.7000143059759062,0.44365029453520866,GREEN,STRAIGHT,1,cyclist
1.238830641675707,2.276955070568333,13.16207334967505,10.930758570887924,0.8415471769143805,0.8577391968648239,GREEN,STRAIGHT,1,vehicle
1.0616700244181847,2.6854705669517336,10.067998429953647,76.89624475661402,0.6017529418607857,0.5911214992925088,GREEN,STRAIGHT,1,vehicle
0.48867608037856947,2.1243089574638954,8.581163527144847,59.44155391799013,0.706027416632743,0.7580904526552876,RED,STRAIGHT,1,vehicle
0.24744252961015828,1.1660196425843692,10.004173509725565,79.32300196181973,0.6261106915206579,0.384487003287874,RED,STRAIGHT,1,auto_rickshaw
0.48884114574538046,1.2087664658857415,0.0,12.042471807202688,0.8003518039681122,0.5340655420079723,GREEN,STRAIGHT,1,static_obstacle
1.4890285922734883,0.17882847750854486,8.209153507485668,82.41700804557242,0.5147843356456054,0.3988305743980593,RED,STRAIGHT,1,motorcycle
1.2845256770448878,1.4445680460050578,14.746627358273638,13.771049772155314,0.9143057672221256,0.9003986550812645,YELLOW,STRAIGHT,1,vehicle
0.42208349338163764,1.1567022873636412,0.16712133975294385,9.801233053248627,0.8139298012412315,0.6755797391986644,GREEN,EXIT,1,static_obstacle
0.8757169977636117,0.9557663188887195,1.492923972187657,36.792769476191594,0.6826340659911841,0.48612707750737943,RED,STRAIGHT,1,static_obstacle
0.451693281571021,1.1080415953249712,0.28537858717539727,6.573000954254429,0.8462216846638717,0.5466745737955011,YELLOW,LEFT,1,static_obstacle
0.4447694638181834,0.817451981407306,2.1642885638592695,82.5381526272918,0.6710961424392071,0.3108025291512214,GREEN,STRAIGHT,1,cow
1.3500789954317955,1.090714878942733,10.519321072891442,41.722720580249934,0.8549668995047418,0.9012750840761434,YELLOW,RIGHT,1,vehicle
0.09043335569786998,0.70755470272469,4.045838461325192,66.38031357508964,0.6895159249147672,0.3605320512427384,GREEN,STRAIGHT,1,cyclist
0.2820979344999575,1.42579508392538,0.607724875546692,65.11724304569877,0.788660143815126,0.3177340079633638,RED,STRAIGHT,1,pedestrian
1.9954261461808516,1.82470026415011,17.29967092508678,87.42767651014962,0.6254742589937734,0.7324748499150192,GREEN,RIGHT,1,vehicle
0.18213717526235484,0.1,0.0,80.68483868880708,0.6013880788768283,0.3591530138993083,GREEN,STRAIGHT,1,cyclist
1.0299912345916835,1.2577500705418507,0.0,8.939572516671216,0.8703525793327307,0.5868148665904247,RED,LEFT,1,cow
0.05,0.5410779265677322,13.671689150666598,82.10512145039199,0.6745456831179582,0.4405210725523923,GREEN,EXIT,1,motorcycle
1.0966383144579523,1.7437687732193181,0.0,53.46001232925861,0.6379645863663909,0.5282594077769536,GREEN,RIGHT,1,static_obstacle
0.8324027388961814,1.5995154288580546,0.0,11.255302214401315,0.8585914074851579,0.614104614462151,GREEN,EXIT,1,cow
0.05,0.9946649759289494,9.383089529988942,60.700644400275564,0.593964210100251,0.5223244678915024,GREEN,STRAIGHT,1,cyclist
0.7972306080054203,1.9480621240053315,0.9987921174023333,94.66215866373331,0.7322577853368952,0.31783167452030836,RED,STRAIGHT,1,static_obstacle
0.7359369523520344,0.20376644550947354,1.4613599669670048,59.86646432207974,0.6016227641438021,0.2911501244709101,GREEN,STRAIGHT,1,pedestrian
0.5782368731032095,2.6940853386649133,16.394325706138535,67.78842121467781,0.5897797050142649,0.765625128724186,GREEN,RIGHT,1,vehicle
1.3472472240937117,1.8675090886162298,10.32434292969369,7.366542187570762,0.8783723620234277,0.8282027780148478,RED,STRAIGHT,1,vehicle
0.2177825362269864,0.8874494243757866,4.229251813038784,56.44666374890987,0.6752987244761539,0.4016190281673064,GREEN,STRAIGHT,1,cyclist
0.19239849767423195,0.3782477980796786,0.7911699978042677,9.401794542450578,0.8182591440291773,0.3388025652368347,GREEN,STRAIGHT,1,pedestrian
0.05,0.4844706469856726,0.8052676869808372,89.90424306111932,0.7036086619791533,0.2401965566055048,RED,STRAIGHT,1,pedestrian
1.7106029023002738,2.0689421633514335,21.122032444290184,90.08544564917953,0.5953700449428726,0.7345404803342006,GREEN,STRAIGHT,1,vehicle
0.05,1.5926667624218003,1.016425028901475,34.730861533950694,0.4278728384915705,0.4586126062903794,GREEN,STRAIGHT,1,unknown
1.2192801344824031,1.9257106694948538,11.795882116401069,18.747730479673013,0.778662131335737,0.7832176780778894,GREEN,RIGHT,1,vehicle
0.2632204323403436,0.29565160931974016,1.8588932661804927,63.01156561880528,0.6652871098938697,0.4526459307108804,GREEN,STRAIGHT,1,cyclist
1.7072693276446067,2.08493022449467,15.510258098161838,48.022769819732744,0.8155867622512816,0.9552946154457802,GREEN,STRAIGHT,1,vehicle
1.1195269874700364,1.0015350605647022,0.19543759226848648,26.440654403983253,0.9306689498363188,0.7486236575198595,GREEN,LEFT,1,static_obstacle
1.2282830682752157,2.3688379019173635,14.24333151296,25.40090437154018,0.99,0.8610168721546793,GREEN,STRAIGHT,1,vehicle
1.8132750383949747,2.1568045147447905,13.462434744416719,93.90642237364739,0.5634223281047608,0.6555496356798559,GREEN,EXIT,1,vehicle
0.13051678702758224,0.6273724395959769,5.575379958569964,56.591659602823434,0.7792932153857594,0.4620746043361883,YELLOW,STRAIGHT,1,cyclist
0.2896496859538551,0.40116308463022277,1.752416672218336,76.1984477765627,0.6335835951637239,0.05,GREEN,LEFT,1,pedestrian
0.2649257686144994,0.7059297803269959,2.449711864634562,53.268197860529106,0.6864678148591399,0.2906658321980239,GREEN,STRAIGHT,1,pedestrian
1.4504575603108547,2.4638050132043587,10.076025160483388,44.455352867900785,0.7687311134263193,0.7070719203620179,GREEN,LEFT,1,vehicle
0.5362213622333298,0.1,3.5878936428625985,57.542756856572105,0.7232732238721001,0.4474273948249992,GREEN,STRAIGHT,1,pedestrian
0.2695300573663238,0.5689562057806691,1.6005945271019633,12.187246585393796,0.8075712727871137,0.32891200480085675,GREEN,STRAIGHT,1,pedestrian
1.5543499504865022,2.7150851199823425,10.164347020802186,69.1157857812023,0.6668563210138745,0.7027674420025182,GREEN,RIGHT,1,vehicle
0.5807025595344428,1.2657328569352302,2.9699851591446347,89.96471168971374,0.5145639871094595,0.4850134825624166,YELLOW,STRAIGHT,1,auto_rickshaw
0.6463961533776449,0.6320954523412231,0.0,91.96768079827073,0.6912233635751537,0.4551090505651483,GREEN,STRAIGHT,1,static_obstacle
0.7117217188742698,0.47945696596229814,9.11499986215128,73.89928846651729,0.5237285443775074,0.48341968804225705,GREEN,STRAIGHT,1,cyclist
1.2577047312233784,1.7170101531690223,7.499919600704904,19.588388181175517,0.669884515689904,0.8513986552076104,GREEN,RIGHT,1,vehicle
0.05,0.252466156097129,4.095472452020861,86.33208041238976,0.40386048106271205,0.40110455632568814,RED,STRAIGHT,1,motorcycle
1.6419562309674647,1.315030309361636,10.471919256666013,64.93228997074348,0.6663073360189626,0.7474789924907198,GREEN,STRAIGHT,1,vehicle
0.05,0.1,3.224754897388417,73.50183982203015,0.45830816198149693,0.3207491030459765,YELLOW,RIGHT,1,pedestrian
0.9716785048262775,0.6667812997954082,0.0,83.64419991153598,0.5805872754821007,0.36915587044022263,GREEN,EXIT,1,static_obstacle
0.05,0.41669502367677563,0.5381147266612419,74.96898913265781,0.6908794259261247,0.29360144658267556,GREEN,STRAIGHT,1,pedestrian
0.5637727982413091,1.6106542799889039,18.783955619785814,60.195503364547555,0.6338833418580037,0.8171910258447491,GREEN,EXIT,1,vehicle
0.46424593259182934,1.403960737427073,8.751238632938056,79.24520370840706,0.49019472691105004,0.5195026270443392,GREEN,RIGHT,1,cyclist
0.05,0.3782810971643689,6.181767970335823,49.16956876900936,0.6926744603656054,0.4038396496570525,GREEN,EXIT,1,motorcycle
0.2360791026325503,0.6096271189490148,5.276179961462167,29.085968791098107,0.6363949967004696,0.582640786799496,GREEN,EXIT,1,cyclist
1.6617228593546516,1.9471348061517275,0.16322515652560649,80.28396018502923,0.6817219499195011,0.28729658264998903,GREEN,STRAIGHT,1,cow
0.6684103926066833,1.19855745263698,13.243742087463147,51.80874714638283,0.543633620057736,0.3873820687978078,GREEN,LEFT,1,unknown
0.15639333504595107,0.35700397357224656,1.9018308030976123,12.610229402807594,0.9758186813052884,0.45749936007482045,GREEN,EXIT,1,pedestrian
1.5850596720279233,1.3427143376787842,6.32969227993583,54.26573813764031,0.7171110272706465,0.8973761452873085,GREEN,STRAIGHT,1,vehicle
1.0611656823706788,1.6378335538312152,12.744193581255693,18.3560839304727,0.8900476048731749,0.8750257705619755,GREEN,STRAIGHT,1,vehicle
1.2670725215968281,2.257205489049716,16.298634191917564,44.768059940445056,0.873760492334077,0.5583915059964295,RED,STRAIGHT,1,vehicle
1.0852603858176835,1.7115890041692998,12.74066099485265,47.66940592185281,0.7975154478648229,0.8996856634750132,YELLOW,LEFT,1,vehicle
0.05,0.1,8.020022459279778,70.66592968693126,0.7311018230730488,0.424314318083181,RED,STRAIGHT,1,motorcycle
0.6362790970742563,1.274506943146597,2.0764488069456246,65.1011373409118,0.6833559455448804,0.280562042867549,RED,RIGHT,1,cow
1.0131119490640756,1.7474219708195,0.0,43.99253813954073,0.6555569258514327,0.5196524825911751,GREEN,STRAIGHT,1,static_obstacle
1.3114601199555,2.188775987307143,6.268658246583801,39.771996949177776,0.8251685201466581,0.8947757405941378,GREEN,STRAIGHT,1,vehicle
0.6293019859332019,1.309492535977893,5.109310136719065,56.79783645832759,0.6563015146984473,0.4338338465531465,YELLOW,STRAIGHT,1,auto_rickshaw
0.34070699966545587,0.5628134448944693,5.083502876115053,9.417678104047143,0.8773452233862541,0.6592771603629823,GREEN,RIGHT,1,motorcycle
0.6528861355567165,0.7927078623093703,5.64117027583274,42.205298421031905,0.7800160268695426,0.7150422429680766,GREEN,STRAIGHT,1,auto_rickshaw
0.3891698690735426,0.6061853478255687,1.4628840610840284,42.86648540176705,0.7493822669053548,0.14354713078801057,RED,STRAIGHT,1,pedestrian
1.358099485814493,0.6710175271700743,0.5806699359087176,47.475818995974,0.7093504107975261,0.3771172346822845,GREEN,STRAIGHT,1,static_obstacle
0.13034591184623423,0.392567859466011,0.2753850746006956,10.811618549656565,0.8228995843186768,0.1051831580487399,GREEN,STRAIGHT,1,pedestrian
1.9838226118664344,2.7520392171615815,11.54503245887317,68.3021939425574,0.6728669821789944,0.6206675232246723,GREEN,STRAIGHT,1,vehicle
0.16134942151844076,0.7198228325702529,2.9827134431791795,85.07491335836154,0.5919851723794203,0.22614543302845702,RED,RIGHT,1,pedestrian
1.3680959973362063,0.9061834270527424,1.4111425079684394,55.155455528155315,0.6900006314091954,0.6334716829802595,RED,LEFT,1,static_obstacle
0.05,2.3637811527121917,0.0,72.27865675679841,0.6982725321632496,0.5459986435527961,GREEN,STRAIGHT,1,cow
0.1684373021133517,0.29352914888147086,0.0,93.58956920069747,0.6236675690391773,0.5141296300054059,GREEN,RIGHT,1,pedestrian
1.5472540402428234,2.2656942969044502,9.73274872715372,31.90411747213997,0.8568437966636907,0.8771210473194222,GREEN,STRAIGHT,1,vehicle
0.4446030029536363,0.5198515634913842,6.865695747964613,49.7118567286273,0.6513242026783144,0.4725742730482009,YELLOW,RIGHT,1,cyclist
0.7404913984052619,1.29295678546644,18.548196556625804,35.17850390524849,0.7817629231558635,0.9376769729848877,YELLOW,STRAIGHT,1,vehicle
0.05,0.1,0.0,46.15878028581775,0.6399290719876727,0.3223530853892769,GREEN,STRAIGHT,1,pedestrian
1.257640397203278,1.6570048609328771,4.441900393209572,16.966636654569367,0.7930610216793526,0.8784525549996968,GREEN,STRAIGHT,1,vehicle
0.9841681511372478,1.1843002052744347,0.0,13.965987067819558,0.8888307441780063,0.8107862325854915,GREEN,LEFT,1,cow
0.05,1.2028058757916114,0.7754363062378832,80.60388921750413,0.5976131879694142,0.2681999890952265,GREEN,LEFT,1,pedestrian
0.43520739345134374,0.23556576529058784,4.263714142108507,73.98819451240222,0.7346753992021594,0.246070082425656,RED,LEFT,1,pedestrian
1.337160766370641,1.3857877844651156,14.202586211459932,59.3724543038088,0.7757527647125222,0.781964649627478,YELLOW,LEFT,1,vehicle
0.4813767438143684,1.6118144829011158,12.88984369617582,60.541991532355915,0.5291228804534884,0.43837626052741874,GREEN,STRAIGHT,1,motorcycle
0.8565878050617098,1.862228136959945,0.0,21.07440539237131,0.7945033682493687,0.5213828775178495,GREEN,STRAIGHT,1,cow
1.8340711269016277,1.1270257868503102,0.0,86.27252664148342,0.6911347923808173,0.25634470965214656,GREEN,STRAIGHT,1,cow
1.0842185001113296,1.9818593754076912,11.341392367758003,91.72683608718536,0.5209335591946322,0.7998234366831325,RED,STRAIGHT,1,vehicle
1.441080624761573,0.7303566657914011,3.4201157811110945,74.99210503731642,0.5941521882267279,0.4304064088345078,YELLOW,STRAIGHT,1,static_obstacle
0.05,0.1,1.9388155864020529,60.92243024973419,0.7385421524321059,0.18446429573387235,GREEN,LEFT,1,pedestrian
1.0826558311413357,1.4287152045532225,0.0,43.21162123210436,0.7333001005625615,0.5122463581548291,RED,STRAIGHT,1,static_obstacle
0.30937393046723416,0.661757597648218,12.061238661329694,23.36529578886676,0.8387444799698947,0.5812469285569002,YELLOW,EXIT,1,motorcycle
0.7359622111803541,0.34626111516010494,0.0,51.489900141491525,0.8334204376468927,0.37120610994048153,GREEN,STRAIGHT,1,static_obstacle
0.6745151863087943,0.49028864753498624,11.267091642365882,57.95989682167217,0.6259482306017932,0.39045416911281294,YELLOW,EXIT,1,motorcycle
1.1170902620340457,1.067990032562637,0.43531513193509774,79.21002423077911,0.651746740868726,0.6524389898741593,RED,LEFT,1,cow
0.05,0.3667660075124392,0.19298782370077683,59.740453061176936,0.7404823750177543,0.15416309941735776,RED,LEFT,1,pedestrian
0.364807764320665,0.6188626278077759,5.913595601704582,10.34380777379852,0.7928890800688906,0.6793473400426256,RED,LEFT,1,motorcycle
0.05,0.29229349283563766,5.7772351147915035,93.89387506243848,0.5143217167709858,0.30475405107296555,GREEN,RIGHT,1,pedestrian
0.2830863730645642,0.6286175323266326,7.685108976594168,19.55637250483912,0.7804480984032256,0.5440398565124016,GREEN,STRAIGHT,1,cyclist
0.05,0.2741351838082272,1.2538970937791794,72.27643990674456,0.60301042733254,0.29100429891414664,GREEN,EXIT,1,pedestrian
0.2490841739143464,0.19231388320466575,0.512954058028857,19.91101098388153,0.9351328552238766,0.5473625553392427,RED,RIGHT,1,pedestrian
1.204341553502672,2.162081515458024,18.71028924497505,58.14583704702148,0.7308657865184974,0.8858421589759932,GREEN,STRAIGHT,1,vehicle
1.0194159936433,1.6977764577409447,11.292574055614496,10.830388507221878,0.8441975932742789,0.763820316207803,GREEN,RIGHT,1,vehicle
0.8311874371948693,2.0411356244809578,7.151420800345597,53.49428623904453,0.693063364853612,0.49427144868102346,YELLOW,LEFT,1,cyclist
1.3994061775205457,1.4924242276434034,0.0,78.96102613455633,0.6084459414443459,0.5201655505027751,GREEN,LEFT,1,static_obstacle
0.05,0.2533566613467111,3.111599535283551,74.3582469572257,0.7051429976670158,0.17077909682565873,GREEN,EXIT,1,pedestrian
0.20194192285195334,0.5079966186527619,0.4093303408175526,30.182767682370038,0.7588103841201351,0.4246555932775808,GREEN,LEFT,1,pedestrian
0.05,2.5752995489005803,0.0,91.77931154935797,0.6230593690792903,0.6028823308336126,GREEN,STRAIGHT,1,static_obstacle
0.9408598649579879,1.6244844778494147,12.415725027725554,54.15662323640745,0.7075629908508471,0.7764998933531648,YELLOW,LEFT,1,vehicle
1.4772985143214163,1.3951582669978835,0.4912219977770776,78.45781909106425,0.6258696068379679,0.24765627442335678,GREEN,STRAIGHT,1,cow
0.18118378634776666,1.3481728344878732,0.0,51.46580297110918,0.7000676056310393,0.6566908827926776,YELLOW,LEFT,1,cow
0.8148697892552869,0.8918733005285965,10.374681451182763,14.494195433682924,0.7725108921729782,0.6377695020952557,RED,LEFT,1,auto_rickshaw
0.8434406528226795,1.4929911586016629,0.6680508066958613,59.19360881646997,0.7899772921041874,0.483264255725427,RED,STRAIGHT,1,cow
2.029680078103028,1.6491276615860806,9.81862321120492,61.19577003797786,0.6366024774022622,0.99,GREEN,STRAIGHT,1,vehicle
1.3281583935299524,1.7926031434175362,0.0,48.549641962735045,0.6784682728522928,0.44760985435481615,RED,STRAIGHT,1,cow
1.1268655304433923,2.0746847139807145,2.1790726757636283,23.307623840177065,0.8498599682814416,0.9630305356164833,GREEN,STRAIGHT,1,vehicle
1.443860677384708,1.8716031318532842,13.424766846120997,46.52644503493952,0.6380107280084142,0.8937408626483102,GREEN,STRAIGHT,1,vehicle
0.05,1.0640297634954363,5.868542133526331,38.94117366858506,0.8206454146550077,0.5122511743137033,GREEN,LEFT,1,auto_rickshaw
1.0187405533892444,1.7972625188440103,13.54909719721948,8.274747777962007,0.8179394596801236,0.8115544946916772,GREEN,EXIT,1,vehicle
1.0408402865331574,1.059254533120883,3.9527960768695642,32.75058766367369,0.7889721445698267,0.515340385589752,GREEN,STRAIGHT,1,auto_rickshaw
0.14614443799687726,2.6395768800022985,6.359655432819345,90.54406362492873,0.5760353120166889,0.45401449584053905,RED,STRAIGHT,1,auto_rickshaw
0.7560140656085581,1.4232467695656088,5.3894641829157255,6.818727135980417,0.8521753083039139,0.5712045687630664,YELLOW,LEFT,1,auto_rickshaw
0.3690402023260506,0.6566804813447683,10.019297034495796,32.56031331091221,0.6793804185497159,0.4506256366809547,GREEN,EXIT,1,motorcycle
1.662218935555424,2.212306477901802,3.5236236417086406,84.78954331063399,0.5962534577751385,0.5510700067431366,GREEN,STRAIGHT,1,vehicle
1.8009647052082627,2.0390389662454056,17.462233486026967,90.80472517442487,0.4843477622464337,0.7189724483524489,GREEN,LEFT,1,vehicle
0.05,0.929528968206504,0.0,90.23533013377556,0.63216144617,0.43977853879691997,RED,STRAIGHT,1,static_obstacle
1.6827674886639128,2.491441749074974,12.389537675955943,79.02723365077549,0.6028504984864884,0.673741819978081,RED,STRAIGHT,1,vehicle
0.977099109905966,1.1171644130844294,0.0,16.788424387390457,0.8057242627641756,0.7794588610779946,RED,LEFT,1,static_obstacle
1.25111798027203,1.0345086616773023,0.0,70.0757360197868,0.6264964186411921,0.4416783327346805,RED,STRAIGHT,1,cow
0.8189786076976706,1.6149172064254904,0.6100412247662083,41.9134599205325,0.775830177439973,0.4394647924471076,GREEN,LEFT,1,cow
1.6371411325874674,0.7902521499498385,11.285810313195649,91.83794104409407,0.5557552752393476,0.7180144869674753,GREEN,STRAIGHT,1,vehicle
1.0008617203082735,1.6242424078064688,10.358548797392196,79.78922732637525,0.6648940082190885,0.6735726973588086,GREEN,RIGHT,1,vehicle
0.9855932495138824,1.9192607664538053,18.726606673724476,30.007324856298368,0.8431467656840536,0.8122790822675111,GREEN,STRAIGHT,1,vehicle
0.11048549924003433,0.1,2.304367950311792,83.64407146369248,0.6319244257590055,0.31943392670176407,GREEN,LEFT,1,pedestrian
0.18554239883858697,0.48567408475297386,9.421850670859552,38.832367386677724,0.7308011114469418,0.43629621004908054,GREEN,RIGHT,1,motorcycle
1.1570386650571818,1.6781823746511109,10.47608415171571,28.07415305322173,0.8940440503958038,0.844873882862099,GREEN,STRAIGHT,1,vehicle
0.4944244488616456,1.017648241554478,8.323870005950607,88.14264365903907,0.6027281512463322,0.6335182818559822,GREEN,STRAIGHT,1,vehicle
0.5823232479473722,0.1,1.4104241268363926,59.60902098370339,0.7096864125320852,0.1802738860039762,GREEN,LEFT,1,pedestrian
1.1534960074671035,0.1,0.5558958175216491,76.54949250827882,0.5802694663558142,0.28775009898672343,RED,EXIT,1,static_obstacle
0.6009928238767197,1.7024609458694886,0.0,38.94436777327614,0.7563103420798966,0.5903253239898224,GREEN,STRAIGHT,1,static_obstacle
0.6488999403957363,2.4759341200323233,14.883512769202325,88.73396599092368,0.7166985422752663,0.6667863549828282,RED,STRAIGHT,1,vehicle
0.05,0.2072285972623214,0.8843979733896424,60.50421467059667,0.7700060442050191,0.21285396660882333,RED,STRAIGHT,1,pedestrian
1.2879538268594009,1.7491287421301804,5.090993290697428,60.36040473560157,0.822847538795417,0.9281663387465034,GREEN,STRAIGHT,1,vehicle
0.8576625861064902,1.8632034088602234,12.33391480276199,10.659883460927457,0.8752396616711242,0.8649774672731181,RED,STRAIGHT,1,vehicle
1.028682581831035,1.3417572892609073,2.168078247879182,62.44168679855428,0.8644011694073366,0.4319088932132902,RED,STRAIGHT,1,cow
1.1307890738675883,1.0679118473651377,0.0,14.800540048356648,0.7808330323209682,0.502772048264843,GREEN,EXIT,1,static_obstacle
0.13515499488749794,2.5802468524859963,17.758391816302847,87.2494315131687,0.5388302146038507,0.6976346054453211,RED,STRAIGHT,1,vehicle
1.34901849062799,3.6885708452149286,15.782964465228162,87.56670329590857,0.61431757934459,0.8344521893036878,GREEN,LEFT,1,vehicle
1.4958500490665774,1.0823141612075784,6.519923081410074,51.23751818394226,0.48915861779258973,0.5182861630630083,RED,EXIT,1,unknown
0.4801904855208487,0.635530633507571,5.118808879232274,5.01828486749603,0.8662810116491372,0.5339111232317709,RED,STRAIGHT,1,cyclist
1.0454419430938637,1.0410104417396358,1.105191452641393,31.753842853565047,0.8500410342441134,0.49912160502746694,YELLOW,RIGHT,1,cow
0.6486730881772292,0.18726606325557008,3.3105071566730535,67.93648743881384,0.75129619523948,0.5487233129130715,RED,STRAIGHT,1,pedestrian
1.5537175043930458,1.5778696435130515,4.6795160764382135,81.33223984021764,0.5769102776031119,0.4893225584237582,GREEN,STRAIGHT,1,cyclist
0.35024481647655326,0.1,0.5224239529216342,28.263322014983512,0.8407058867308534,0.2142451678487943,GREEN,STRAIGHT,1,pedestrian
0.6070143738314543,0.77006522205258,3.627604382177013,24.15494684984398,0.7009328503798009,0.6235351226697557,RED,STRAIGHT,1,cyclist
0.37233242641568204,0.3499579191803647,10.338225809318041,72.43596874140965,0.6315149185993915,0.5326747224278531,YELLOW,STRAIGHT,1,motorcycle
0.9187207635603036,2.2298758461480093,16.665964736799094,28.799122095988455,0.8533758685345906,0.7100817100827336,GREEN,STRAIGHT,1,vehicle
0.34489367788635783,0.3459594453592223,1.6914117517400902,46.12025132700317,0.8027332381655832,0.38885914344100236,YELLOW,EXIT,1,pedestrian
0.5066581736448071,0.6583050205447614,0.18041700927183602,25.737041355711977,0.8751000210205322,0.3902751290032224,RED,STRAIGHT,1,pedestrian
1.3187022176540657,2.0175592961614535,20.42420458211365,9.490877371169814,0.8733149043762867,0.8950271998002762,GREEN,RIGHT,1,vehicle
0.5397906074877994,1.181656794098079,22.432942790264953,50.55052593618644,0.7573951712235435,0.8048827618479121,YELLOW,STRAIGHT,1,vehicle
0.2218610228392484,0.7262261583134622,2.79332733091643,51.78779859079556,0.7027583848911546,0.145216205607258,GREEN,STRAIGHT,1,pedestrian
0.9466257951479443,1.783995984627352,0.07091645888567451,85.5997057412694,0.5705105904478442,0.36288957420171536,GREEN,STRAIGHT,1,cow
0.535125675138801,0.7776444974615253,5.405420060104303,10.377589234716243,0.8456645527987817,0.5833963925321198,YELLOW,RIGHT,1,cyclist
1.1840656727193057,1.5896670626898417,3.723308876772182,81.15008458883788,0.7675021006091598,0.99,YELLOW,STRAIGHT,1,vehicle
0.5115086111159484,0.615094587959891,11.804630734985201,22.10886211464291,0.7773249401079897,0.6712608019931348,GREEN,LEFT,1,motorcycle
0.05,0.22072436988857078,0.0,74.06953814271533,0.5726717911865302,0.40534307121234525,GREEN,STRAIGHT,1,pedestrian
0.6551375711651983,0.23884259760099097,11.274521538363945,25.068350703010708,0.701413841070932,0.5637498784138605,GREEN,STRAIGHT,1,motorcycle
1.4501755474109401,1.687692058533297,13.803761518513452,48.48930696856133,0.8321680888516423,0.7918766044750589,GREEN,LEFT,1,vehicle
0.43806114070255175,0.9423542539582532,12.056123202586235,45.43274570466078,0.8229712712056901,0.573645397461662,YELLOW,RIGHT,1,motorcycle
1.2767849894085295,0.38665445566999146,0.0,50.0190809520077,0.6970792565639842,0.5354147669340203,GREEN,STRAIGHT,1,static_obstacle
0.6024177627964905,0.9997594321607479,5.459534595300975,9.668128058165648,0.9112397914362849,0.6881962162595981,GREEN,RIGHT,1,auto_rickshaw
1.1839120871736677,2.9513882228989785,3.8098698288515545,48.34483214991907,0.39990659275491364,0.35829489206672205,RED,LEFT,1,unknown
0.5633161621182481,1.962233383406568,0.0,46.01667526297754,0.7959313296780299,0.7734028943275997,GREEN,STRAIGHT,1,vehicle
0.28503677173560305,0.16832130127040856,7.902416928009321,60.66075245163681,0.7017840474707913,0.5740433910794294,GREEN,STRAIGHT,1,motorcycle
1.148064401658361,1.9909986298799829,17.336662921880272,5.692193237958072,0.8263703024180414,0.930925918708001,GREEN,STRAIGHT,1,vehicle
0.6459376337167249,1.09050361348877,3.881391148586185,55.99348432143743,0.7053000908479713,0.8592166772932205,RED,STRAIGHT,1,vehicle
1.5414913787862528,2.645180846106633,10.471293358077673,12.76743951149992,0.8805180485968174,0.9651701028675529,RED,STRAIGHT,1,vehicle
0.27150066321528954,0.5046551663614373,4.822046531482265,28.963281246148252,0.7071864350000922,0.6136132993163748,GREEN,STRAIGHT,1,cyclist
1.1077921945782374,2.601262430619438,7.981796660084094,87.3297953636117,0.7086653787794951,0.5551572423435089,RED,STRAIGHT,1,vehicle
0.7019023581704862,1.1306976281403809,0.0,29.72065347543627,0.7279226088117913,0.4307917155569057,YELLOW,STRAIGHT,1,static_obstacle
0.05,0.9201912737105211,6.726748119370924,82.09488247586519,0.5545583979054883,0.3987657415486021,RED,STRAIGHT,1,cyclist
0.7048623344922531,1.0793964712664659,1.0453173517709966,88.54516405277853,0.573725235017781,0.46691932323448065,GREEN,STRAIGHT,1,cow
0.8898823413322612,1.7752720064659724,4.600808595374854,70.87337217562943,0.5758497821572831,0.6639677205443311,GREEN,EXIT,1,auto_rickshaw
1.078248089807349,3.608899256728542,9.780937520281903,92.47441933134212,0.6652296059205004,0.6358212929803175,GREEN,STRAIGHT,1,vehicle
2.0399637962344084,1.3445313364328197,16.96114903676718,86.92095291381605,0.631348042546875,0.6956139727880041,YELLOW,STRAIGHT,1,vehicle
0.9894160671401313,2.2064975517262844,18.58378118332562,45.514999764608625,0.7533699685537834,0.7539065089553237,GREEN,RIGHT,1,vehicle
0.35365199968217975,3.8089892221415123,11.08238428382861,93.67256522261748,0.6039738388749955,0.7771793515869768,GREEN,RIGHT,1,vehicle
0.15825436963616374,0.44061361607537397,1.8756945531476448,12.864649955416187,0.7291822545005918,0.49110722766029774,GREEN,STRAIGHT,1,pedestrian
0.8391195386931551,2.0805489918497204,8.937195019621587,34.87990719024264,0.6565707784096254,0.99,RED,RIGHT,1,vehicle
1.0306390185572376,1.3949432060673526,3.316926413315544,73.80742421137495,0.5678724507977073,0.7225872848980471,GREEN,STRAIGHT,1,vehicle
0.05,0.46352311435819793,8.415056891408469,86.65667779286554,0.6169155371375564,0.462422208329216,YELLOW,RIGHT,1,motorcycle
0.9350222870146859,0.9934643789276829,0.0,16.114649373183894,0.8820508545763786,0.5137745966972318,GREEN,RIGHT,1,static_obstacle
0.5570491086039497,1.8934348042596862,13.915839529822824,17.86699146817054,0.9459044123670644,0.7293790250483576,YELLOW,EXIT,1,vehicle
0.4525597849544272,1.191668357275398,0.7180980190901043,38.481265307150124,0.641865353605685,0.5608660823947685,RED,STRAIGHT,1,static_obstacle
0.09870601530916455,0.4083929416753992,1.6775848307523664,20.774827480807435,0.8760650357560691,0.28716707859787816,GREEN,STRAIGHT,1,pedestrian
0.8771684984473901,1.852246680813465,17.752527269176003,42.35419046917287,0.7839624558977527,0.8897229834709579,RED,STRAIGHT,1,vehicle
1.0067819013549046,1.2986809486493183,0.0,45.4260093412009,0.706843856629134,0.5555048123094104,GREEN,STRAIGHT,1,static_obstacle
0.4533692307629606,0.5356267916860117,4.450230992194882,24.24713296863824,0.7546951494360029,0.6853771440747107,GREEN,STRAIGHT,1,cyclist
1.711004196421087,3.1082524891162544,7.083537816526807,90.63496560143942,0.6576713574136049,0.6996661945602625,GREEN,STRAIGHT,1,vehicle
0.7530965930400653,1.9988597323518258,0.9048714948045267,60.00717390731604,0.30401015826025046,0.7630119008414485,GREEN,STRAIGHT,1,unknown
0.2380033230818237,0.1,10.268378718655832,85.13670490304646,0.49980887738993607,0.5043763105203458,GREEN,STRAIGHT,1,motorcycle
0.4498284285169948,1.0380394460658255,0.0,21.81471217095133,0.8489080742440909,0.6340868142507405,RED,RIGHT,1,static_obstacle
1.0085308559146438,1.142189286146659,0.022952178520236573,18.07405231344151,0.8051605093926829,0.4858050965826951,GREEN,RIGHT,1,static_obstacle
0.05,2.2711523544942387,0.0,94.16083800432274,0.5937372153229992,0.6472412209002019,GREEN,LEFT,1,static_obstacle
1.1425448831772282,1.7263642336511313,16.172777188923977,68.58706668443756,0.5830832503134321,0.741382697622505,GREEN,EXIT,1,vehicle
0.7884167319113626,2.8262520599198067,15.026673296839084,94.65146132236522,0.46057416612531443,0.7724125321970446,YELLOW,STRAIGHT,1,vehicle
0.12112014032810686,0.6411959264869463,0.24645838118736596,28.62543822986436,0.786902577499676,0.39777587031926315,RED,STRAIGHT,1,pedestrian
0.734236644371536,1.3451500306260908,3.8700189505030274,53.71670560299542,0.7537055920235232,0.4713361346363492,GREEN,STRAIGHT,1,cyclist
0.4154378711475945,0.5549577527026714,6.9119348419802105,56.06910242818377,0.7829101564268428,0.4539468546376513,GREEN,STRAIGHT,1,cyclist
1.3623200379059308,2.48115068270633,11.16687519355207,33.01128643510566,0.8148259718577946,0.9169261861154628,RED,EXIT,1,vehicle
0.05,0.1,11.579215488761049,64.53884533248966,0.7264864510515068,0.6228030313258759,YELLOW,LEFT,1,motorcycle
0.30103318762291265,0.8112534790087931,1.8913307275708893,39.282624231190944,0.7211984159237251,0.5463574233770156,GREEN,EXIT,1,motorcycle
0.8313736336036543,1.495362999777509,0.0,43.164512164772674,0.6861492982181254,0.4423228314847037,YELLOW,LEFT,1,cow
0.5004940296997111,1.2638282641132028,4.890919599314403,48.3271407284172,0.7360932936873478,0.5033979963685291,GREEN,STRAIGHT,1,cyclist
0.863397688080873,1.4126310559766408,2.8630556921171326,23.29642078174954,0.6572834108648671,0.5652451900434432,RED,STRAIGHT,1,auto_rickshaw
0.09348189571476435,0.18459430222355014,2.0281408976510282,82.31002546490335,0.5635431160525846,0.19326602768733653,YELLOW,STRAIGHT,1,pedestrian
0.1401208851219946,1.2772175568441293,8.06228317312584,61.048590257141626,0.7263753071994643,0.5679961659071368,RED,EXIT,1,auto_rickshaw
0.07242632660444373,0.43527957000497625,1.0870824561983758,26.924023729090337,0.8079953884210969,0.2657003589879702,YELLOW,LEFT,1,pedestrian
0.8743403180858965,1.4594505286310677,5.061868534995158,18.238464625717615,0.7548243637980155,0.6547206836249477,GREEN,LEFT,1,auto_rickshaw
1.185105337058749,2.1774672955041456,15.378492889066354,11.470722486314365,0.7968332181712808,0.8596147633318272,GREEN,LEFT,1,vehicle
0.5650104151004995,0.975003757190477,9.711395709687023,25.44530993846343,0.8287682588838768,0.3934148946660698,RED,RIGHT,1,motorcycle
0.49146576433208383,0.538222646977003,2.6541096093903507,44.346205646451985,0.7170878236870748,0.5126285032135727,GREEN,STRAIGHT,1,motorcycle
0.8859979426896036,0.30347215116373094,2.0083992392089742,67.64379999751041,0.698611185486109,0.06215846689186122,RED,EXIT,1,pedestrian
0.8599762047139228,0.5102797812445027,2.237835172187205,37.1913898963708,0.7652207534315189,0.5779344967061734,GREEN,LEFT,1,cyclist
0.4256593539082255,0.5296870242911323,13.733789781870142,65.01341075141251,0.37307528331902956,0.3375454077536432,GREEN,STRAIGHT,1,unknown
0.05,0.5354979181737145,4.304529768757011,37.7656955984263,0.8031046246327862,0.4975438754488929,RED,EXIT,1,cyclist
0.18512207969020128,1.0105917142987395,3.2666992144668354,27.920447199240733,0.8358736818802575,0.5558276347838524,GREEN,LEFT,1,auto_rickshaw
0.6748411482484128,1.0217845038439708,0.0,44.41070186423465,0.6859365603216846,0.49521014786150097,GREEN,STRAIGHT,1,static_obstacle
1.5954592557842118,1.8863136499705992,10.200917905405689,23.766834942913306,0.8325772472484613,0.874073952736644,GREEN,RIGHT,1,vehicle
0.9322875411869426,1.5059923239321307,9.961640960059439,71.87245194396563,0.7209774577543504,0.557280586847529,GREEN,STRAIGHT,1,vehicle
0.8212391523452619,2.061405721980163,6.041412274447182,28.885597282129325,0.8967887963367768,0.8056233745769343,GREEN,STRAIGHT,1,vehicle
0.43461256192921094,0.9122414334164406,0.0,84.83231371056371,0.6325286817513073,0.4589905977291151,GREEN,STRAIGHT,1,cow
2.884662702104523,3.850861569520354,16.247117613508944,81.25707777164791,0.653374082758021,0.7616902338886131,GREEN,STRAIGHT,1,vehicle
0.5767133143100883,0.4202378675659495,4.131371719400345,18.544694696303083,0.8015086776260812,0.7272539140117255,GREEN,EXIT,1,cyclist
0.23768353465176117,0.23019300993199127,6.477139673048452,85.1585759727653,0.5030316738289576,0.5051300998281777,RED,STRAIGHT,1,cyclist
0.05,1.0984891834122257,0.0,75.05988019639898,0.6047637820216681,0.544178363655511,GREEN,EXIT,1,static_obstacle
1.1875481173894191,1.0189692018033036,3.17606056869457,88.38053731823351,0.4800663374213312,0.4599694259575975,GREEN,STRAIGHT,1,auto_rickshaw
0.8653929797512694,1.376765914118461,1.146996434228798,27.598384135762693,0.5575285484961934,0.7686164237711866,GREEN,STRAIGHT,1,unknown
1.479060133884319,2.011993619600713,7.774899140034122,61.86600559782283,0.735595103834194,0.6574244296984297,GREEN,STRAIGHT,1,vehicle
